[INFO] Scanning for projects...
[INFO] 
[INFO] -------------------------< com.uce:Tutomatch >--------------------------
[INFO] Building  0.0.1-SNAPSHOT
[INFO]   from pom.xml
[INFO] --------------------------------[ jar ]---------------------------------
[INFO] 
[INFO] >>> spring-boot:4.0.7:run (default-cli) > test-compile @ Tutomatch >>>
[INFO] 
[INFO] --- resources:3.3.1:resources (default-resources) @ Tutomatch ---
[INFO] Copying 1 resource from src\main\resources to target\classes
[INFO] Copying 19 resources from src\main\resources to target\classes
[INFO] 
[INFO] --- compiler:3.14.1:compile (default-compile) @ Tutomatch ---
[INFO] Nothing to compile - all classes are up to date.
[INFO] 
[INFO] --- resources:3.3.1:testResources (default-testResources) @ Tutomatch ---
[INFO] skip non existing resourceDirectory C:\Users\HP VICTUS\Documents\NetBeansProjects\Tutomatch\src\test\resources
[INFO] 
[INFO] --- compiler:3.14.1:testCompile (default-testCompile) @ Tutomatch ---
[INFO] Nothing to compile - all classes are up to date.
[INFO] 
[INFO] <<< spring-boot:4.0.7:run (default-cli) < test-compile @ Tutomatch <<<
[INFO] 
[INFO] 
[INFO] --- spring-boot:4.0.7:run (default-cli) @ Tutomatch ---
[INFO] Attaching agents: []

  .   ____          _            __ _ _
 /\\ / ___'_ __ _ _(_)_ __  __ _ \ \ \ \
( ( )\___ | '_ | '_| | '_ \/ _` | \ \ \ \
 \\/  ___)| |_)| | | | | || (_| |  ) ) ) )
  '  |____| .__|_| |_|_| |_\__, | / / / /
 =========|_|==============|___/=/_/_/_/

 :: Spring Boot ::                (v4.0.7)

2026-06-14T19:28:47.569-05:00  INFO 29908 --- [Tutomatch] [           main] com.uce.Tutomatch.TutomatchApplication   : Starting TutomatchApplication using Java 23.0.2 with PID 29908 (C:\Users\HP VICTUS\Documents\NetBeansProjects\Tutomatch\target\classes started by HP VICTUS in C:\Users\HP VICTUS\Documents\NetBeansProjects\Tutomatch)
2026-06-14T19:28:47.573-05:00  INFO 29908 --- [Tutomatch] [           main] com.uce.Tutomatch.TutomatchApplication   : No active profile set, falling back to 1 default profile: "default"
2026-06-14T19:28:48.301-05:00  INFO 29908 --- [Tutomatch] [           main] .s.d.r.c.RepositoryConfigurationDelegate : Bootstrapping Spring Data JPA repositories in DEFAULT mode.
2026-06-14T19:28:48.369-05:00  INFO 29908 --- [Tutomatch] [           main] .s.d.r.c.RepositoryConfigurationDelegate : Finished Spring Data repository scanning in 59 ms. Found 10 JPA repository interfaces.
2026-06-14T19:28:48.796-05:00  INFO 29908 --- [Tutomatch] [           main] o.s.boot.tomcat.TomcatWebServer          : Tomcat initialized with port 8080 (http)
2026-06-14T19:28:48.818-05:00  INFO 29908 --- [Tutomatch] [           main] o.apache.catalina.core.StandardService   : Starting service [Tomcat]
2026-06-14T19:28:48.818-05:00  INFO 29908 --- [Tutomatch] [           main] o.apache.catalina.core.StandardEngine    : Starting Servlet engine: [Apache Tomcat/11.0.22]
2026-06-14T19:28:48.875-05:00  INFO 29908 --- [Tutomatch] [           main] b.w.c.s.WebApplicationContextInitializer : Root WebApplicationContext: initialization completed in 1095 ms
2026-06-14T19:28:48.998-05:00  INFO 29908 --- [Tutomatch] [           main] org.hibernate.orm.jpa                    : HHH008540: Processing PersistenceUnitInfo [name: default]
2026-06-14T19:28:49.048-05:00  INFO 29908 --- [Tutomatch] [           main] org.hibernate.orm.core                   : HHH000001: Hibernate ORM core version 7.2.19.Final
2026-06-14T19:28:49.436-05:00  INFO 29908 --- [Tutomatch] [           main] o.s.o.j.p.SpringPersistenceUnitInfo      : No LoadTimeWeaver setup: ignoring JPA class transformer
2026-06-14T19:28:49.465-05:00  INFO 29908 --- [Tutomatch] [           main] com.zaxxer.hikari.HikariDataSource       : HikariPool-1 - Starting...
2026-06-14T19:28:49.714-05:00  INFO 29908 --- [Tutomatch] [           main] com.zaxxer.hikari.pool.HikariPool        : HikariPool-1 - Added connection org.postgresql.jdbc.PgConnection@1ce2029b
2026-06-14T19:28:49.714-05:00  INFO 29908 --- [Tutomatch] [           main] com.zaxxer.hikari.HikariDataSource       : HikariPool-1 - Start completed.
2026-06-14T19:28:49.774-05:00  INFO 29908 --- [Tutomatch] [           main] org.hibernate.orm.connections.pooling    : HHH10001005: Database info:
	Database JDBC URL [jdbc:postgresql://localhost:5432/tutomatch]
	Database driver: PostgreSQL JDBC Driver
	Database dialect: PostgreSQLDialect
	Database version: 18.0
	Default catalog/schema: tutomatch/public
	Autocommit mode: undefined/unknown
	Isolation level: READ_COMMITTED [default READ_COMMITTED]
	JDBC fetch size: none
	Pool: DataSourceConnectionProvider
	Minimum pool size: undefined/unknown
	Maximum pool size: undefined/unknown
2026-06-14T19:28:50.821-05:00  INFO 29908 --- [Tutomatch] [           main] org.hibernate.orm.core                   : HHH000489: No JTA platform available (set 'hibernate.transaction.jta.platform' to enable JTA platform integration)
2026-06-14T19:28:50.901-05:00  INFO 29908 --- [Tutomatch] [           main] j.LocalContainerEntityManagerFactoryBean : Initialized JPA EntityManagerFactory for persistence unit 'default'
2026-06-14T19:28:50.949-05:00  INFO 29908 --- [Tutomatch] [           main] o.s.d.j.r.query.QueryEnhancerFactories   : Hibernate is in classpath; If applicable, HQL parser will be used.
2026-06-14T19:28:52.230-05:00  WARN 29908 --- [Tutomatch] [           main] JpaBaseConfiguration$JpaWebConfiguration : spring.jpa.open-in-view is enabled by default. Therefore, database queries may be performed during view rendering. Explicitly configure spring.jpa.open-in-view to disable this warning
2026-06-14T19:28:52.296-05:00  INFO 29908 --- [Tutomatch] [           main] r$InitializeUserDetailsManagerConfigurer : Global AuthenticationManager configured with UserDetailsService bean with name customUserDetailsService
2026-06-14T19:28:52.782-05:00  INFO 29908 --- [Tutomatch] [           main] o.s.boot.tomcat.TomcatWebServer          : Tomcat started on port 8080 (http) with context path '/'
2026-06-14T19:28:52.788-05:00  INFO 29908 --- [Tutomatch] [           main] com.uce.Tutomatch.TutomatchApplication   : Started TutomatchApplication in 5.585 seconds (process running for 5.951)
2026-06-14T19:28:52.798-05:00  INFO 29908 --- [Tutomatch] [           main] com.uce.Tutomatch.config.DbSeed          : Iniciando seed de datos básicos...
Hibernate: select count(*) from materias m1_0
Hibernate: select count(*) from configuracion_sistema cs1_0
Hibernate: select u1_0.id,u1_0.correo_institucional,u1_0.fecha_creacion,u1_0.nombre_completo,u1_0.password_hash,u1_0.rol_admin,u1_0.rol_solicitante,u1_0.rol_tutor from usuarios u1_0 where u1_0.correo_institucional=?
Hibernate: select pt1_0.id,pt1_0.calificacion_promedio,pt1_0.descripcion,pt1_0.deuda_pendiente,pt1_0.semestre,pt1_0.usuario_id,pt1_0.verificado,pt1_0.visible from perfiles_tutor pt1_0 where pt1_0.usuario_id=?
2026-06-14T19:28:52.944-05:00  INFO 29908 --- [Tutomatch] [           main] com.uce.Tutomatch.config.DbSeed          : Seed de datos completado.
2026-06-14T19:37:01.471-05:00  INFO 29908 --- [Tutomatch] [nio-8080-exec-1] o.a.c.c.C.[Tomcat].[localhost].[/]       : Initializing Spring DispatcherServlet 'dispatcherServlet'
2026-06-14T19:37:01.474-05:00  INFO 29908 --- [Tutomatch] [nio-8080-exec-1] o.s.web.servlet.DispatcherServlet        : Initializing Servlet 'dispatcherServlet'
2026-06-14T19:37:01.498-05:00  INFO 29908 --- [Tutomatch] [nio-8080-exec-1] o.s.web.servlet.DispatcherServlet        : Completed initialization in 24 ms
Hibernate: select m1_0.id,m1_0.categoria,m1_0.nombre,m1_0.semestre_referencial,m1_0.tarifa_hora from materias m1_0 order by m1_0.categoria,m1_0.nombre
Hibernate: select pt1_0.id,pt1_0.calificacion_promedio,pt1_0.descripcion,pt1_0.deuda_pendiente,pt1_0.semestre,pt1_0.usuario_id,pt1_0.verificado,pt1_0.visible from perfiles_tutor pt1_0 where pt1_0.verificado=true and pt1_0.visible=true order by pt1_0.calificacion_promedio desc fetch first ? rows only
Hibernate: select u1_0.id,u1_0.correo_institucional,u1_0.fecha_creacion,u1_0.nombre_completo,u1_0.password_hash,u1_0.rol_admin,u1_0.rol_solicitante,u1_0.rol_tutor from usuarios u1_0 where u1_0.correo_institucional=?
Hibernate: select pt1_0.id,pt1_0.calificacion_promedio,pt1_0.descripcion,pt1_0.deuda_pendiente,pt1_0.semestre,pt1_0.usuario_id,pt1_0.verificado,pt1_0.visible from perfiles_tutor pt1_0 where pt1_0.usuario_id=?
Hibernate: select u1_0.id,u1_0.correo_institucional,u1_0.fecha_creacion,u1_0.nombre_completo,u1_0.password_hash,u1_0.rol_admin,u1_0.rol_solicitante,u1_0.rol_tutor from usuarios u1_0 where u1_0.correo_institucional=?
Hibernate: select pt1_0.id,pt1_0.calificacion_promedio,pt1_0.descripcion,pt1_0.deuda_pendiente,pt1_0.semestre,pt1_0.usuario_id,pt1_0.verificado,pt1_0.visible from perfiles_tutor pt1_0 where pt1_0.usuario_id=?
Hibernate: select m1_0.id,m1_0.categoria,m1_0.nombre,m1_0.semestre_referencial,m1_0.tarifa_hora from materias m1_0 order by m1_0.categoria,m1_0.nombre
Hibernate: select pt1_0.id,pt1_0.calificacion_promedio,pt1_0.descripcion,pt1_0.deuda_pendiente,pt1_0.semestre,pt1_0.usuario_id,pt1_0.verificado,pt1_0.visible from perfiles_tutor pt1_0 where pt1_0.verificado=true and pt1_0.visible=true order by pt1_0.calificacion_promedio desc fetch first ? rows only
Hibernate: select u1_0.id,u1_0.correo_institucional,u1_0.fecha_creacion,u1_0.nombre_completo,u1_0.password_hash,u1_0.rol_admin,u1_0.rol_solicitante,u1_0.rol_tutor from usuarios u1_0 where u1_0.correo_institucional=?
Hibernate: select pt1_0.id,pt1_0.calificacion_promedio,pt1_0.descripcion,pt1_0.deuda_pendiente,pt1_0.semestre,pt1_0.usuario_id,pt1_0.verificado,pt1_0.visible from perfiles_tutor pt1_0 where pt1_0.usuario_id=?
Hibernate: select u1_0.id,u1_0.correo_institucional,u1_0.fecha_creacion,u1_0.nombre_completo,u1_0.password_hash,u1_0.rol_admin,u1_0.rol_solicitante,u1_0.rol_tutor from usuarios u1_0 where u1_0.correo_institucional=?
Hibernate: select pt1_0.id,pt1_0.calificacion_promedio,pt1_0.descripcion,pt1_0.deuda_pendiente,pt1_0.semestre,pt1_0.usuario_id,pt1_0.verificado,pt1_0.visible from perfiles_tutor pt1_0 where pt1_0.usuario_id=?
Hibernate: select u1_0.id,u1_0.correo_institucional,u1_0.fecha_creacion,u1_0.nombre_completo,u1_0.password_hash,u1_0.rol_admin,u1_0.rol_solicitante,u1_0.rol_tutor from usuarios u1_0 where u1_0.correo_institucional=?
Hibernate: select pt1_0.id,pt1_0.calificacion_promedio,pt1_0.descripcion,pt1_0.deuda_pendiente,pt1_0.semestre,pt1_0.usuario_id,pt1_0.verificado,pt1_0.visible from perfiles_tutor pt1_0 where pt1_0.usuario_id=?
Hibernate: select distinct pt1_0.id,pt1_0.calificacion_promedio,pt1_0.descripcion,pt1_0.deuda_pendiente,pt1_0.semestre,pt1_0.usuario_id,pt1_0.verificado,pt1_0.visible from perfiles_tutor pt1_0 join tutor_materias m1_0 on pt1_0.id=m1_0.perfil_tutor_id join materias m2_0 on m2_0.id=m1_0.materia_id where pt1_0.verificado=true and pt1_0.visible=true and (? is null or lower(m2_0.nombre) like ? escape '' or lower(m2_0.categoria) like ? escape '') and (? is null or m2_0.categoria=?) and (? is null or m1_0.tarifa_hora<=?) and (? is null or pt1_0.calificacion_promedio>=?) and (? is null or pt1_0.semestre=?)
Hibernate: select m1_0.id,m1_0.categoria,m1_0.nombre,m1_0.semestre_referencial,m1_0.tarifa_hora from materias m1_0 order by m1_0.categoria,m1_0.nombre
Hibernate: select u1_0.id,u1_0.correo_institucional,u1_0.fecha_creacion,u1_0.nombre_completo,u1_0.password_hash,u1_0.rol_admin,u1_0.rol_solicitante,u1_0.rol_tutor from usuarios u1_0 where u1_0.correo_institucional=?
Hibernate: select pt1_0.id,pt1_0.calificacion_promedio,pt1_0.descripcion,pt1_0.deuda_pendiente,pt1_0.semestre,pt1_0.usuario_id,pt1_0.verificado,pt1_0.visible from perfiles_tutor pt1_0 where pt1_0.usuario_id=?
Hibernate: select u1_0.id,u1_0.correo_institucional,u1_0.fecha_creacion,u1_0.nombre_completo,u1_0.password_hash,u1_0.rol_admin,u1_0.rol_solicitante,u1_0.rol_tutor from usuarios u1_0 where u1_0.correo_institucional=?
Hibernate: select pt1_0.id,pt1_0.calificacion_promedio,pt1_0.descripcion,pt1_0.deuda_pendiente,pt1_0.semestre,pt1_0.usuario_id,pt1_0.verificado,pt1_0.visible from perfiles_tutor pt1_0 where pt1_0.usuario_id=?
Hibernate: select u1_0.id,u1_0.correo_institucional,u1_0.fecha_creacion,u1_0.nombre_completo,u1_0.password_hash,u1_0.rol_admin,u1_0.rol_solicitante,u1_0.rol_tutor from usuarios u1_0 where u1_0.correo_institucional=?
Hibernate: select pt1_0.id,pt1_0.calificacion_promedio,pt1_0.descripcion,pt1_0.deuda_pendiente,pt1_0.semestre,pt1_0.usuario_id,pt1_0.verificado,pt1_0.visible from perfiles_tutor pt1_0 where pt1_0.usuario_id=?
Hibernate: select distinct pt1_0.id,pt1_0.calificacion_promedio,pt1_0.descripcion,pt1_0.deuda_pendiente,pt1_0.semestre,pt1_0.usuario_id,pt1_0.verificado,pt1_0.visible from perfiles_tutor pt1_0 join tutor_materias m1_0 on pt1_0.id=m1_0.perfil_tutor_id join materias m2_0 on m2_0.id=m1_0.materia_id where pt1_0.verificado=true and pt1_0.visible=true and (? is null or lower(m2_0.nombre) like ? escape '' or lower(m2_0.categoria) like ? escape '') and (? is null or m2_0.categoria=?) and (? is null or m1_0.tarifa_hora<=?) and (? is null or pt1_0.calificacion_promedio>=?) and (? is null or pt1_0.semestre=?)
Hibernate: select m1_0.id,m1_0.categoria,m1_0.nombre,m1_0.semestre_referencial,m1_0.tarifa_hora from materias m1_0 order by m1_0.categoria,m1_0.nombre
Hibernate: select u1_0.id,u1_0.correo_institucional,u1_0.fecha_creacion,u1_0.nombre_completo,u1_0.password_hash,u1_0.rol_admin,u1_0.rol_solicitante,u1_0.rol_tutor from usuarios u1_0 where u1_0.correo_institucional=?
Hibernate: select pt1_0.id,pt1_0.calificacion_promedio,pt1_0.descripcion,pt1_0.deuda_pendiente,pt1_0.semestre,pt1_0.usuario_id,pt1_0.verificado,pt1_0.visible from perfiles_tutor pt1_0 where pt1_0.usuario_id=?
Hibernate: select u1_0.id,u1_0.correo_institucional,u1_0.fecha_creacion,u1_0.nombre_completo,u1_0.password_hash,u1_0.rol_admin,u1_0.rol_solicitante,u1_0.rol_tutor from usuarios u1_0 where u1_0.correo_institucional=?
Hibernate: select pt1_0.id,pt1_0.calificacion_promedio,pt1_0.descripcion,pt1_0.deuda_pendiente,pt1_0.semestre,pt1_0.usuario_id,pt1_0.verificado,pt1_0.visible from perfiles_tutor pt1_0 where pt1_0.usuario_id=?
Hibernate: select u1_0.id,u1_0.correo_institucional,u1_0.fecha_creacion,u1_0.nombre_completo,u1_0.password_hash,u1_0.rol_admin,u1_0.rol_solicitante,u1_0.rol_tutor from usuarios u1_0 where u1_0.correo_institucional=?
Hibernate: select pt1_0.id,pt1_0.calificacion_promedio,pt1_0.descripcion,pt1_0.deuda_pendiente,pt1_0.semestre,pt1_0.usuario_id,pt1_0.verificado,pt1_0.visible from perfiles_tutor pt1_0 where pt1_0.usuario_id=?
Hibernate: select m1_0.id,m1_0.categoria,m1_0.nombre,m1_0.semestre_referencial,m1_0.tarifa_hora from materias m1_0 order by m1_0.categoria,m1_0.nombre
Hibernate: select pt1_0.id,pt1_0.calificacion_promedio,pt1_0.descripcion,pt1_0.deuda_pendiente,pt1_0.semestre,pt1_0.usuario_id,pt1_0.verificado,pt1_0.visible from perfiles_tutor pt1_0 where pt1_0.verificado=true and pt1_0.visible=true order by pt1_0.calificacion_promedio desc fetch first ? rows only
Hibernate: select u1_0.id,u1_0.correo_institucional,u1_0.fecha_creacion,u1_0.nombre_completo,u1_0.password_hash,u1_0.rol_admin,u1_0.rol_solicitante,u1_0.rol_tutor from usuarios u1_0 where u1_0.correo_institucional=?
Hibernate: select pt1_0.id,pt1_0.calificacion_promedio,pt1_0.descripcion,pt1_0.deuda_pendiente,pt1_0.semestre,pt1_0.usuario_id,pt1_0.verificado,pt1_0.visible from perfiles_tutor pt1_0 where pt1_0.usuario_id=?
Hibernate: select u1_0.id,u1_0.correo_institucional,u1_0.fecha_creacion,u1_0.nombre_completo,u1_0.password_hash,u1_0.rol_admin,u1_0.rol_solicitante,u1_0.rol_tutor from usuarios u1_0 where u1_0.correo_institucional=?
Hibernate: select pt1_0.id,pt1_0.calificacion_promedio,pt1_0.descripcion,pt1_0.deuda_pendiente,pt1_0.semestre,pt1_0.usuario_id,pt1_0.verificado,pt1_0.visible from perfiles_tutor pt1_0 where pt1_0.usuario_id=?
Hibernate: select u1_0.id,u1_0.correo_institucional,u1_0.fecha_creacion,u1_0.nombre_completo,u1_0.password_hash,u1_0.rol_admin,u1_0.rol_solicitante,u1_0.rol_tutor from usuarios u1_0 where u1_0.correo_institucional=?
Hibernate: select pt1_0.id,pt1_0.calificacion_promedio,pt1_0.descripcion,pt1_0.deuda_pendiente,pt1_0.semestre,pt1_0.usuario_id,pt1_0.verificado,pt1_0.visible from perfiles_tutor pt1_0 where pt1_0.usuario_id=?
Hibernate: select distinct pt1_0.id,pt1_0.calificacion_promedio,pt1_0.descripcion,pt1_0.deuda_pendiente,pt1_0.semestre,pt1_0.usuario_id,pt1_0.verificado,pt1_0.visible from perfiles_tutor pt1_0 join tutor_materias m1_0 on pt1_0.id=m1_0.perfil_tutor_id join materias m2_0 on m2_0.id=m1_0.materia_id where pt1_0.verificado=true and pt1_0.visible=true and (? is null or lower(m2_0.nombre) like ? escape '' or lower(m2_0.categoria) like ? escape '') and (? is null or m2_0.categoria=?) and (? is null or m1_0.tarifa_hora<=?) and (? is null or pt1_0.calificacion_promedio>=?) and (? is null or pt1_0.semestre=?)
Hibernate: select m1_0.id,m1_0.categoria,m1_0.nombre,m1_0.semestre_referencial,m1_0.tarifa_hora from materias m1_0 order by m1_0.categoria,m1_0.nombre
Hibernate: select u1_0.id,u1_0.correo_institucional,u1_0.fecha_creacion,u1_0.nombre_completo,u1_0.password_hash,u1_0.rol_admin,u1_0.rol_solicitante,u1_0.rol_tutor from usuarios u1_0 where u1_0.correo_institucional=?
Hibernate: select pt1_0.id,pt1_0.calificacion_promedio,pt1_0.descripcion,pt1_0.deuda_pendiente,pt1_0.semestre,pt1_0.usuario_id,pt1_0.verificado,pt1_0.visible from perfiles_tutor pt1_0 where pt1_0.usuario_id=?
Hibernate: select u1_0.id,u1_0.correo_institucional,u1_0.fecha_creacion,u1_0.nombre_completo,u1_0.password_hash,u1_0.rol_admin,u1_0.rol_solicitante,u1_0.rol_tutor from usuarios u1_0 where u1_0.correo_institucional=?
Hibernate: select pt1_0.id,pt1_0.calificacion_promedio,pt1_0.descripcion,pt1_0.deuda_pendiente,pt1_0.semestre,pt1_0.usuario_id,pt1_0.verificado,pt1_0.visible from perfiles_tutor pt1_0 where pt1_0.usuario_id=?
Hibernate: select u1_0.id,u1_0.correo_institucional,u1_0.fecha_creacion,u1_0.nombre_completo,u1_0.password_hash,u1_0.rol_admin,u1_0.rol_solicitante,u1_0.rol_tutor from usuarios u1_0 where u1_0.correo_institucional=?
Hibernate: select pt1_0.id,pt1_0.calificacion_promedio,pt1_0.descripcion,pt1_0.deuda_pendiente,pt1_0.semestre,pt1_0.usuario_id,pt1_0.verificado,pt1_0.visible from perfiles_tutor pt1_0 where pt1_0.usuario_id=?
Hibernate: select m1_0.id,m1_0.categoria,m1_0.nombre,m1_0.semestre_referencial,m1_0.tarifa_hora from materias m1_0 order by m1_0.categoria,m1_0.nombre
Hibernate: select pt1_0.id,pt1_0.calificacion_promedio,pt1_0.descripcion,pt1_0.deuda_pendiente,pt1_0.semestre,pt1_0.usuario_id,pt1_0.verificado,pt1_0.visible from perfiles_tutor pt1_0 where pt1_0.verificado=true and pt1_0.visible=true order by pt1_0.calificacion_promedio desc fetch first ? rows only
Hibernate: select u1_0.id,u1_0.correo_institucional,u1_0.fecha_creacion,u1_0.nombre_completo,u1_0.password_hash,u1_0.rol_admin,u1_0.rol_solicitante,u1_0.rol_tutor from usuarios u1_0 where u1_0.correo_institucional=?
Hibernate: select pt1_0.id,pt1_0.calificacion_promedio,pt1_0.descripcion,pt1_0.deuda_pendiente,pt1_0.semestre,pt1_0.usuario_id,pt1_0.verificado,pt1_0.visible from perfiles_tutor pt1_0 where pt1_0.usuario_id=?
Hibernate: select u1_0.id,u1_0.correo_institucional,u1_0.fecha_creacion,u1_0.nombre_completo,u1_0.password_hash,u1_0.rol_admin,u1_0.rol_solicitante,u1_0.rol_tutor from usuarios u1_0 where u1_0.correo_institucional=?
Hibernate: select pt1_0.id,pt1_0.calificacion_promedio,pt1_0.descripcion,pt1_0.deuda_pendiente,pt1_0.semestre,pt1_0.usuario_id,pt1_0.verificado,pt1_0.visible from perfiles_tutor pt1_0 where pt1_0.usuario_id=?
Hibernate: select u1_0.id,u1_0.correo_institucional,u1_0.fecha_creacion,u1_0.nombre_completo,u1_0.password_hash,u1_0.rol_admin,u1_0.rol_solicitante,u1_0.rol_tutor from usuarios u1_0 where u1_0.correo_institucional=?
Hibernate: select pt1_0.id,pt1_0.calificacion_promedio,pt1_0.descripcion,pt1_0.deuda_pendiente,pt1_0.semestre,pt1_0.usuario_id,pt1_0.verificado,pt1_0.visible from perfiles_tutor pt1_0 where pt1_0.usuario_id=?
Hibernate: select distinct pt1_0.id,pt1_0.calificacion_promedio,pt1_0.descripcion,pt1_0.deuda_pendiente,pt1_0.semestre,pt1_0.usuario_id,pt1_0.verificado,pt1_0.visible from perfiles_tutor pt1_0 join tutor_materias m1_0 on pt1_0.id=m1_0.perfil_tutor_id join materias m2_0 on m2_0.id=m1_0.materia_id where pt1_0.verificado=true and pt1_0.visible=true and (? is null or lower(m2_0.nombre) like ? escape '' or lower(m2_0.categoria) like ? escape '') and (? is null or m2_0.categoria=?) and (? is null or m1_0.tarifa_hora<=?) and (? is null or pt1_0.calificacion_promedio>=?) and (? is null or pt1_0.semestre=?)
Hibernate: select m1_0.id,m1_0.categoria,m1_0.nombre,m1_0.semestre_referencial,m1_0.tarifa_hora from materias m1_0 order by m1_0.categoria,m1_0.nombre
Hibernate: select u1_0.id,u1_0.correo_institucional,u1_0.fecha_creacion,u1_0.nombre_completo,u1_0.password_hash,u1_0.rol_admin,u1_0.rol_solicitante,u1_0.rol_tutor from usuarios u1_0 where u1_0.correo_institucional=?
Hibernate: select pt1_0.id,pt1_0.calificacion_promedio,pt1_0.descripcion,pt1_0.deuda_pendiente,pt1_0.semestre,pt1_0.usuario_id,pt1_0.verificado,pt1_0.visible from perfiles_tutor pt1_0 where pt1_0.usuario_id=?
Hibernate: select u1_0.id,u1_0.correo_institucional,u1_0.fecha_creacion,u1_0.nombre_completo,u1_0.password_hash,u1_0.rol_admin,u1_0.rol_solicitante,u1_0.rol_tutor from usuarios u1_0 where u1_0.correo_institucional=?
Hibernate: select pt1_0.id,pt1_0.calificacion_promedio,pt1_0.descripcion,pt1_0.deuda_pendiente,pt1_0.semestre,pt1_0.usuario_id,pt1_0.verificado,pt1_0.visible from perfiles_tutor pt1_0 where pt1_0.usuario_id=?
Hibernate: select u1_0.id,u1_0.correo_institucional,u1_0.fecha_creacion,u1_0.nombre_completo,u1_0.password_hash,u1_0.rol_admin,u1_0.rol_solicitante,u1_0.rol_tutor from usuarios u1_0 where u1_0.correo_institucional=?
Hibernate: select pt1_0.id,pt1_0.calificacion_promedio,pt1_0.descripcion,pt1_0.deuda_pendiente,pt1_0.semestre,pt1_0.usuario_id,pt1_0.verificado,pt1_0.visible from perfiles_tutor pt1_0 where pt1_0.usuario_id=?
Hibernate: select m1_0.id,m1_0.categoria,m1_0.nombre,m1_0.semestre_referencial,m1_0.tarifa_hora from materias m1_0 order by m1_0.categoria,m1_0.nombre
Hibernate: select pt1_0.id,pt1_0.calificacion_promedio,pt1_0.descripcion,pt1_0.deuda_pendiente,pt1_0.semestre,pt1_0.usuario_id,pt1_0.verificado,pt1_0.visible from perfiles_tutor pt1_0 where pt1_0.verificado=true and pt1_0.visible=true order by pt1_0.calificacion_promedio desc fetch first ? rows only
Hibernate: select u1_0.id,u1_0.correo_institucional,u1_0.fecha_creacion,u1_0.nombre_completo,u1_0.password_hash,u1_0.rol_admin,u1_0.rol_solicitante,u1_0.rol_tutor from usuarios u1_0 where u1_0.correo_institucional=?
Hibernate: select pt1_0.id,pt1_0.calificacion_promedio,pt1_0.descripcion,pt1_0.deuda_pendiente,pt1_0.semestre,pt1_0.usuario_id,pt1_0.verificado,pt1_0.visible from perfiles_tutor pt1_0 where pt1_0.usuario_id=?
Hibernate: select u1_0.id,u1_0.correo_institucional,u1_0.fecha_creacion,u1_0.nombre_completo,u1_0.password_hash,u1_0.rol_admin,u1_0.rol_solicitante,u1_0.rol_tutor from usuarios u1_0 where u1_0.correo_institucional=?
Hibernate: select pt1_0.id,pt1_0.calificacion_promedio,pt1_0.descripcion,pt1_0.deuda_pendiente,pt1_0.semestre,pt1_0.usuario_id,pt1_0.verificado,pt1_0.visible from perfiles_tutor pt1_0 where pt1_0.usuario_id=?
Hibernate: select u1_0.id,u1_0.correo_institucional,u1_0.fecha_creacion,u1_0.nombre_completo,u1_0.password_hash,u1_0.rol_admin,u1_0.rol_solicitante,u1_0.rol_tutor from usuarios u1_0 where u1_0.correo_institucional=?
Hibernate: select pt1_0.id,pt1_0.calificacion_promedio,pt1_0.descripcion,pt1_0.deuda_pendiente,pt1_0.semestre,pt1_0.usuario_id,pt1_0.verificado,pt1_0.visible from perfiles_tutor pt1_0 where pt1_0.usuario_id=?
Hibernate: select distinct pt1_0.id,pt1_0.calificacion_promedio,pt1_0.descripcion,pt1_0.deuda_pendiente,pt1_0.semestre,pt1_0.usuario_id,pt1_0.verificado,pt1_0.visible from perfiles_tutor pt1_0 join tutor_materias m1_0 on pt1_0.id=m1_0.perfil_tutor_id join materias m2_0 on m2_0.id=m1_0.materia_id where pt1_0.verificado=true and pt1_0.visible=true and (? is null or lower(m2_0.nombre) like ? escape '' or lower(m2_0.categoria) like ? escape '') and (? is null or m2_0.categoria=?) and (? is null or m1_0.tarifa_hora<=?) and (? is null or pt1_0.calificacion_promedio>=?) and (? is null or pt1_0.semestre=?)
Hibernate: select m1_0.id,m1_0.categoria,m1_0.nombre,m1_0.semestre_referencial,m1_0.tarifa_hora from materias m1_0 order by m1_0.categoria,m1_0.nombre
Hibernate: select u1_0.id,u1_0.correo_institucional,u1_0.fecha_creacion,u1_0.nombre_completo,u1_0.password_hash,u1_0.rol_admin,u1_0.rol_solicitante,u1_0.rol_tutor from usuarios u1_0 where u1_0.correo_institucional=?
Hibernate: select pt1_0.id,pt1_0.calificacion_promedio,pt1_0.descripcion,pt1_0.deuda_pendiente,pt1_0.semestre,pt1_0.usuario_id,pt1_0.verificado,pt1_0.visible from perfiles_tutor pt1_0 where pt1_0.usuario_id=?
Hibernate: select u1_0.id,u1_0.correo_institucional,u1_0.fecha_creacion,u1_0.nombre_completo,u1_0.password_hash,u1_0.rol_admin,u1_0.rol_solicitante,u1_0.rol_tutor from usuarios u1_0 where u1_0.correo_institucional=?
Hibernate: select pt1_0.id,pt1_0.calificacion_promedio,pt1_0.descripcion,pt1_0.deuda_pendiente,pt1_0.semestre,pt1_0.usuario_id,pt1_0.verificado,pt1_0.visible from perfiles_tutor pt1_0 where pt1_0.usuario_id=?
Hibernate: select u1_0.id,u1_0.correo_institucional,u1_0.fecha_creacion,u1_0.nombre_completo,u1_0.password_hash,u1_0.rol_admin,u1_0.rol_solicitante,u1_0.rol_tutor from usuarios u1_0 where u1_0.correo_institucional=?
Hibernate: select pt1_0.id,pt1_0.calificacion_promedio,pt1_0.descripcion,pt1_0.deuda_pendiente,pt1_0.semestre,pt1_0.usuario_id,pt1_0.verificado,pt1_0.visible from perfiles_tutor pt1_0 where pt1_0.usuario_id=?
Hibernate: select m1_0.id,m1_0.categoria,m1_0.nombre,m1_0.semestre_referencial,m1_0.tarifa_hora from materias m1_0 order by m1_0.categoria,m1_0.nombre
Hibernate: select pt1_0.id,pt1_0.calificacion_promedio,pt1_0.descripcion,pt1_0.deuda_pendiente,pt1_0.semestre,pt1_0.usuario_id,pt1_0.verificado,pt1_0.visible from perfiles_tutor pt1_0 where pt1_0.verificado=true and pt1_0.visible=true order by pt1_0.calificacion_promedio desc fetch first ? rows only
Hibernate: select u1_0.id,u1_0.correo_institucional,u1_0.fecha_creacion,u1_0.nombre_completo,u1_0.password_hash,u1_0.rol_admin,u1_0.rol_solicitante,u1_0.rol_tutor from usuarios u1_0 where u1_0.correo_institucional=?
Hibernate: select pt1_0.id,pt1_0.calificacion_promedio,pt1_0.descripcion,pt1_0.deuda_pendiente,pt1_0.semestre,pt1_0.usuario_id,pt1_0.verificado,pt1_0.visible from perfiles_tutor pt1_0 where pt1_0.usuario_id=?
Hibernate: select u1_0.id,u1_0.correo_institucional,u1_0.fecha_creacion,u1_0.nombre_completo,u1_0.password_hash,u1_0.rol_admin,u1_0.rol_solicitante,u1_0.rol_tutor from usuarios u1_0 where u1_0.correo_institucional=?
Hibernate: select pt1_0.id,pt1_0.calificacion_promedio,pt1_0.descripcion,pt1_0.deuda_pendiente,pt1_0.semestre,pt1_0.usuario_id,pt1_0.verificado,pt1_0.visible from perfiles_tutor pt1_0 where pt1_0.usuario_id=?
Hibernate: select u1_0.id,u1_0.correo_institucional,u1_0.fecha_creacion,u1_0.nombre_completo,u1_0.password_hash,u1_0.rol_admin,u1_0.rol_solicitante,u1_0.rol_tutor from usuarios u1_0 where u1_0.correo_institucional=?
Hibernate: select pt1_0.id,pt1_0.calificacion_promedio,pt1_0.descripcion,pt1_0.deuda_pendiente,pt1_0.semestre,pt1_0.usuario_id,pt1_0.verificado,pt1_0.visible from perfiles_tutor pt1_0 where pt1_0.usuario_id=?
Hibernate: select distinct pt1_0.id,pt1_0.calificacion_promedio,pt1_0.descripcion,pt1_0.deuda_pendiente,pt1_0.semestre,pt1_0.usuario_id,pt1_0.verificado,pt1_0.visible from perfiles_tutor pt1_0 join tutor_materias m1_0 on pt1_0.id=m1_0.perfil_tutor_id join materias m2_0 on m2_0.id=m1_0.materia_id where pt1_0.verificado=true and pt1_0.visible=true and (? is null or lower(m2_0.nombre) like ? escape '' or lower(m2_0.categoria) like ? escape '') and (? is null or m2_0.categoria=?) and (? is null or m1_0.tarifa_hora<=?) and (? is null or pt1_0.calificacion_promedio>=?) and (? is null or pt1_0.semestre=?)
Hibernate: select m1_0.id,m1_0.categoria,m1_0.nombre,m1_0.semestre_referencial,m1_0.tarifa_hora from materias m1_0 order by m1_0.categoria,m1_0.nombre
Hibernate: select u1_0.id,u1_0.correo_institucional,u1_0.fecha_creacion,u1_0.nombre_completo,u1_0.password_hash,u1_0.rol_admin,u1_0.rol_solicitante,u1_0.rol_tutor from usuarios u1_0 where u1_0.correo_institucional=?
Hibernate: select pt1_0.id,pt1_0.calificacion_promedio,pt1_0.descripcion,pt1_0.deuda_pendiente,pt1_0.semestre,pt1_0.usuario_id,pt1_0.verificado,pt1_0.visible from perfiles_tutor pt1_0 where pt1_0.usuario_id=?
Hibernate: select u1_0.id,u1_0.correo_institucional,u1_0.fecha_creacion,u1_0.nombre_completo,u1_0.password_hash,u1_0.rol_admin,u1_0.rol_solicitante,u1_0.rol_tutor from usuarios u1_0 where u1_0.correo_institucional=?
Hibernate: select pt1_0.id,pt1_0.calificacion_promedio,pt1_0.descripcion,pt1_0.deuda_pendiente,pt1_0.semestre,pt1_0.usuario_id,pt1_0.verificado,pt1_0.visible from perfiles_tutor pt1_0 where pt1_0.usuario_id=?
Hibernate: select u1_0.id,u1_0.correo_institucional,u1_0.fecha_creacion,u1_0.nombre_completo,u1_0.password_hash,u1_0.rol_admin,u1_0.rol_solicitante,u1_0.rol_tutor from usuarios u1_0 where u1_0.correo_institucional=?
Hibernate: select pt1_0.id,pt1_0.calificacion_promedio,pt1_0.descripcion,pt1_0.deuda_pendiente,pt1_0.semestre,pt1_0.usuario_id,pt1_0.verificado,pt1_0.visible from perfiles_tutor pt1_0 where pt1_0.usuario_id=?
Hibernate: select m1_0.id,m1_0.categoria,m1_0.nombre,m1_0.semestre_referencial,m1_0.tarifa_hora from materias m1_0 order by m1_0.categoria,m1_0.nombre
Hibernate: select pt1_0.id,pt1_0.calificacion_promedio,pt1_0.descripcion,pt1_0.deuda_pendiente,pt1_0.semestre,pt1_0.usuario_id,pt1_0.verificado,pt1_0.visible from perfiles_tutor pt1_0 where pt1_0.verificado=true and pt1_0.visible=true order by pt1_0.calificacion_promedio desc fetch first ? rows only
Hibernate: select u1_0.id,u1_0.correo_institucional,u1_0.fecha_creacion,u1_0.nombre_completo,u1_0.password_hash,u1_0.rol_admin,u1_0.rol_solicitante,u1_0.rol_tutor from usuarios u1_0 where u1_0.correo_institucional=?
Hibernate: select pt1_0.id,pt1_0.calificacion_promedio,pt1_0.descripcion,pt1_0.deuda_pendiente,pt1_0.semestre,pt1_0.usuario_id,pt1_0.verificado,pt1_0.visible from perfiles_tutor pt1_0 where pt1_0.usuario_id=?
Hibernate: select u1_0.id,u1_0.correo_institucional,u1_0.fecha_creacion,u1_0.nombre_completo,u1_0.password_hash,u1_0.rol_admin,u1_0.rol_solicitante,u1_0.rol_tutor from usuarios u1_0 where u1_0.correo_institucional=?
Hibernate: select pt1_0.id,pt1_0.calificacion_promedio,pt1_0.descripcion,pt1_0.deuda_pendiente,pt1_0.semestre,pt1_0.usuario_id,pt1_0.verificado,pt1_0.visible from perfiles_tutor pt1_0 where pt1_0.usuario_id=?
Hibernate: select u1_0.id,u1_0.correo_institucional,u1_0.fecha_creacion,u1_0.nombre_completo,u1_0.password_hash,u1_0.rol_admin,u1_0.rol_solicitante,u1_0.rol_tutor from usuarios u1_0 where u1_0.correo_institucional=?
Hibernate: select pt1_0.id,pt1_0.calificacion_promedio,pt1_0.descripcion,pt1_0.deuda_pendiente,pt1_0.semestre,pt1_0.usuario_id,pt1_0.verificado,pt1_0.visible from perfiles_tutor pt1_0 where pt1_0.usuario_id=?
Hibernate: select distinct pt1_0.id,pt1_0.calificacion_promedio,pt1_0.descripcion,pt1_0.deuda_pendiente,pt1_0.semestre,pt1_0.usuario_id,pt1_0.verificado,pt1_0.visible from perfiles_tutor pt1_0 join tutor_materias m1_0 on pt1_0.id=m1_0.perfil_tutor_id join materias m2_0 on m2_0.id=m1_0.materia_id where pt1_0.verificado=true and pt1_0.visible=true and (? is null or lower(m2_0.nombre) like ? escape '' or lower(m2_0.categoria) like ? escape '') and (? is null or m2_0.categoria=?) and (? is null or m1_0.tarifa_hora<=?) and (? is null or pt1_0.calificacion_promedio>=?) and (? is null or pt1_0.semestre=?)
Hibernate: select m1_0.id,m1_0.categoria,m1_0.nombre,m1_0.semestre_referencial,m1_0.tarifa_hora from materias m1_0 order by m1_0.categoria,m1_0.nombre
Hibernate: select u1_0.id,u1_0.correo_institucional,u1_0.fecha_creacion,u1_0.nombre_completo,u1_0.password_hash,u1_0.rol_admin,u1_0.rol_solicitante,u1_0.rol_tutor from usuarios u1_0 where u1_0.correo_institucional=?
Hibernate: select pt1_0.id,pt1_0.calificacion_promedio,pt1_0.descripcion,pt1_0.deuda_pendiente,pt1_0.semestre,pt1_0.usuario_id,pt1_0.verificado,pt1_0.visible from perfiles_tutor pt1_0 where pt1_0.usuario_id=?
Hibernate: select u1_0.id,u1_0.correo_institucional,u1_0.fecha_creacion,u1_0.nombre_completo,u1_0.password_hash,u1_0.rol_admin,u1_0.rol_solicitante,u1_0.rol_tutor from usuarios u1_0 where u1_0.correo_institucional=?
Hibernate: select pt1_0.id,pt1_0.calificacion_promedio,pt1_0.descripcion,pt1_0.deuda_pendiente,pt1_0.semestre,pt1_0.usuario_id,pt1_0.verificado,pt1_0.visible from perfiles_tutor pt1_0 where pt1_0.usuario_id=?
Hibernate: select u1_0.id,u1_0.correo_institucional,u1_0.fecha_creacion,u1_0.nombre_completo,u1_0.password_hash,u1_0.rol_admin,u1_0.rol_solicitante,u1_0.rol_tutor from usuarios u1_0 where u1_0.correo_institucional=?
Hibernate: select pt1_0.id,pt1_0.calificacion_promedio,pt1_0.descripcion,pt1_0.deuda_pendiente,pt1_0.semestre,pt1_0.usuario_id,pt1_0.verificado,pt1_0.visible from perfiles_tutor pt1_0 where pt1_0.usuario_id=?
Hibernate: select m1_0.id,m1_0.categoria,m1_0.nombre,m1_0.semestre_referencial,m1_0.tarifa_hora from materias m1_0 order by m1_0.categoria,m1_0.nombre
Hibernate: select pt1_0.id,pt1_0.calificacion_promedio,pt1_0.descripcion,pt1_0.deuda_pendiente,pt1_0.semestre,pt1_0.usuario_id,pt1_0.verificado,pt1_0.visible from perfiles_tutor pt1_0 where pt1_0.verificado=true and pt1_0.visible=true order by pt1_0.calificacion_promedio desc fetch first ? rows only
Hibernate: select u1_0.id,u1_0.correo_institucional,u1_0.fecha_creacion,u1_0.nombre_completo,u1_0.password_hash,u1_0.rol_admin,u1_0.rol_solicitante,u1_0.rol_tutor from usuarios u1_0 where u1_0.correo_institucional=?
Hibernate: select pt1_0.id,pt1_0.calificacion_promedio,pt1_0.descripcion,pt1_0.deuda_pendiente,pt1_0.semestre,pt1_0.usuario_id,pt1_0.verificado,pt1_0.visible from perfiles_tutor pt1_0 where pt1_0.usuario_id=?
Hibernate: select u1_0.id,u1_0.correo_institucional,u1_0.fecha_creacion,u1_0.nombre_completo,u1_0.password_hash,u1_0.rol_admin,u1_0.rol_solicitante,u1_0.rol_tutor from usuarios u1_0 where u1_0.correo_institucional=?
Hibernate: select pt1_0.id,pt1_0.calificacion_promedio,pt1_0.descripcion,pt1_0.deuda_pendiente,pt1_0.semestre,pt1_0.usuario_id,pt1_0.verificado,pt1_0.visible from perfiles_tutor pt1_0 where pt1_0.usuario_id=?
Hibernate: select u1_0.id,u1_0.correo_institucional,u1_0.fecha_creacion,u1_0.nombre_completo,u1_0.password_hash,u1_0.rol_admin,u1_0.rol_solicitante,u1_0.rol_tutor from usuarios u1_0 where u1_0.correo_institucional=?
Hibernate: select pt1_0.id,pt1_0.calificacion_promedio,pt1_0.descripcion,pt1_0.deuda_pendiente,pt1_0.semestre,pt1_0.usuario_id,pt1_0.verificado,pt1_0.visible from perfiles_tutor pt1_0 where pt1_0.usuario_id=?
Hibernate: select distinct pt1_0.id,pt1_0.calificacion_promedio,pt1_0.descripcion,pt1_0.deuda_pendiente,pt1_0.semestre,pt1_0.usuario_id,pt1_0.verificado,pt1_0.visible from perfiles_tutor pt1_0 join tutor_materias m1_0 on pt1_0.id=m1_0.perfil_tutor_id join materias m2_0 on m2_0.id=m1_0.materia_id where pt1_0.verificado=true and pt1_0.visible=true and (? is null or lower(m2_0.nombre) like ? escape '' or lower(m2_0.categoria) like ? escape '') and (? is null or m2_0.categoria=?) and (? is null or m1_0.tarifa_hora<=?) and (? is null or pt1_0.calificacion_promedio>=?) and (? is null or pt1_0.semestre=?)
Hibernate: select m1_0.id,m1_0.categoria,m1_0.nombre,m1_0.semestre_referencial,m1_0.tarifa_hora from materias m1_0 order by m1_0.categoria,m1_0.nombre
Hibernate: select u1_0.id,u1_0.correo_institucional,u1_0.fecha_creacion,u1_0.nombre_completo,u1_0.password_hash,u1_0.rol_admin,u1_0.rol_solicitante,u1_0.rol_tutor from usuarios u1_0 where u1_0.correo_institucional=?
Hibernate: select pt1_0.id,pt1_0.calificacion_promedio,pt1_0.descripcion,pt1_0.deuda_pendiente,pt1_0.semestre,pt1_0.usuario_id,pt1_0.verificado,pt1_0.visible from perfiles_tutor pt1_0 where pt1_0.usuario_id=?
Hibernate: select u1_0.id,u1_0.correo_institucional,u1_0.fecha_creacion,u1_0.nombre_completo,u1_0.password_hash,u1_0.rol_admin,u1_0.rol_solicitante,u1_0.rol_tutor from usuarios u1_0 where u1_0.correo_institucional=?
Hibernate: select pt1_0.id,pt1_0.calificacion_promedio,pt1_0.descripcion,pt1_0.deuda_pendiente,pt1_0.semestre,pt1_0.usuario_id,pt1_0.verificado,pt1_0.visible from perfiles_tutor pt1_0 where pt1_0.usuario_id=?
Hibernate: select u1_0.id,u1_0.correo_institucional,u1_0.fecha_creacion,u1_0.nombre_completo,u1_0.password_hash,u1_0.rol_admin,u1_0.rol_solicitante,u1_0.rol_tutor from usuarios u1_0 where u1_0.correo_institucional=?
Hibernate: select pt1_0.id,pt1_0.calificacion_promedio,pt1_0.descripcion,pt1_0.deuda_pendiente,pt1_0.semestre,pt1_0.usuario_id,pt1_0.verificado,pt1_0.visible from perfiles_tutor pt1_0 where pt1_0.usuario_id=?
Hibernate: select m1_0.id,m1_0.categoria,m1_0.nombre,m1_0.semestre_referencial,m1_0.tarifa_hora from materias m1_0 order by m1_0.categoria,m1_0.nombre
Hibernate: select pt1_0.id,pt1_0.calificacion_promedio,pt1_0.descripcion,pt1_0.deuda_pendiente,pt1_0.semestre,pt1_0.usuario_id,pt1_0.verificado,pt1_0.visible from perfiles_tutor pt1_0 where pt1_0.verificado=true and pt1_0.visible=true order by pt1_0.calificacion_promedio desc fetch first ? rows only
Hibernate: select u1_0.id,u1_0.correo_institucional,u1_0.fecha_creacion,u1_0.nombre_completo,u1_0.password_hash,u1_0.rol_admin,u1_0.rol_solicitante,u1_0.rol_tutor from usuarios u1_0 where u1_0.correo_institucional=?
Hibernate: select pt1_0.id,pt1_0.calificacion_promedio,pt1_0.descripcion,pt1_0.deuda_pendiente,pt1_0.semestre,pt1_0.usuario_id,pt1_0.verificado,pt1_0.visible from perfiles_tutor pt1_0 where pt1_0.usuario_id=?
Hibernate: select u1_0.id,u1_0.correo_institucional,u1_0.fecha_creacion,u1_0.nombre_completo,u1_0.password_hash,u1_0.rol_admin,u1_0.rol_solicitante,u1_0.rol_tutor from usuarios u1_0 where u1_0.correo_institucional=?
Hibernate: select pt1_0.id,pt1_0.calificacion_promedio,pt1_0.descripcion,pt1_0.deuda_pendiente,pt1_0.semestre,pt1_0.usuario_id,pt1_0.verificado,pt1_0.visible from perfiles_tutor pt1_0 where pt1_0.usuario_id=?
Hibernate: select u1_0.id,u1_0.correo_institucional,u1_0.fecha_creacion,u1_0.nombre_completo,u1_0.password_hash,u1_0.rol_admin,u1_0.rol_solicitante,u1_0.rol_tutor from usuarios u1_0 where u1_0.correo_institucional=?
Hibernate: select pt1_0.id,pt1_0.calificacion_promedio,pt1_0.descripcion,pt1_0.deuda_pendiente,pt1_0.semestre,pt1_0.usuario_id,pt1_0.verificado,pt1_0.visible from perfiles_tutor pt1_0 where pt1_0.usuario_id=?
Hibernate: select m1_0.id,m1_0.categoria,m1_0.nombre,m1_0.semestre_referencial,m1_0.tarifa_hora from materias m1_0 order by m1_0.categoria,m1_0.nombre
Hibernate: select pt1_0.id,pt1_0.calificacion_promedio,pt1_0.descripcion,pt1_0.deuda_pendiente,pt1_0.semestre,pt1_0.usuario_id,pt1_0.verificado,pt1_0.visible from perfiles_tutor pt1_0 where pt1_0.verificado=true and pt1_0.visible=true order by pt1_0.calificacion_promedio desc fetch first ? rows only
Hibernate: select u1_0.id,u1_0.correo_institucional,u1_0.fecha_creacion,u1_0.nombre_completo,u1_0.password_hash,u1_0.rol_admin,u1_0.rol_solicitante,u1_0.rol_tutor from usuarios u1_0 where u1_0.correo_institucional=?
Hibernate: select pt1_0.id,pt1_0.calificacion_promedio,pt1_0.descripcion,pt1_0.deuda_pendiente,pt1_0.semestre,pt1_0.usuario_id,pt1_0.verificado,pt1_0.visible from perfiles_tutor pt1_0 where pt1_0.usuario_id=?
Hibernate: select u1_0.id,u1_0.correo_institucional,u1_0.fecha_creacion,u1_0.nombre_completo,u1_0.password_hash,u1_0.rol_admin,u1_0.rol_solicitante,u1_0.rol_tutor from usuarios u1_0 where u1_0.correo_institucional=?
Hibernate: select pt1_0.id,pt1_0.calificacion_promedio,pt1_0.descripcion,pt1_0.deuda_pendiente,pt1_0.semestre,pt1_0.usuario_id,pt1_0.verificado,pt1_0.visible from perfiles_tutor pt1_0 where pt1_0.usuario_id=?
Hibernate: select m1_0.id,m1_0.categoria,m1_0.nombre,m1_0.semestre_referencial,m1_0.tarifa_hora from materias m1_0 order by m1_0.categoria,m1_0.nombre
Hibernate: select pt1_0.id,pt1_0.calificacion_promedio,pt1_0.descripcion,pt1_0.deuda_pendiente,pt1_0.semestre,pt1_0.usuario_id,pt1_0.verificado,pt1_0.visible from perfiles_tutor pt1_0 where pt1_0.verificado=true and pt1_0.visible=true order by pt1_0.calificacion_promedio desc fetch first ? rows only
Hibernate: select u1_0.id,u1_0.correo_institucional,u1_0.fecha_creacion,u1_0.nombre_completo,u1_0.password_hash,u1_0.rol_admin,u1_0.rol_solicitante,u1_0.rol_tutor from usuarios u1_0 where u1_0.correo_institucional=?
Hibernate: select pt1_0.id,pt1_0.calificacion_promedio,pt1_0.descripcion,pt1_0.deuda_pendiente,pt1_0.semestre,pt1_0.usuario_id,pt1_0.verificado,pt1_0.visible from perfiles_tutor pt1_0 where pt1_0.usuario_id=?
Hibernate: select u1_0.id,u1_0.correo_institucional,u1_0.fecha_creacion,u1_0.nombre_completo,u1_0.password_hash,u1_0.rol_admin,u1_0.rol_solicitante,u1_0.rol_tutor from usuarios u1_0 where u1_0.correo_institucional=?
Hibernate: select pt1_0.id,pt1_0.calificacion_promedio,pt1_0.descripcion,pt1_0.deuda_pendiente,pt1_0.semestre,pt1_0.usuario_id,pt1_0.verificado,pt1_0.visible from perfiles_tutor pt1_0 where pt1_0.usuario_id=?
Hibernate: select u1_0.id,u1_0.correo_institucional,u1_0.fecha_creacion,u1_0.nombre_completo,u1_0.password_hash,u1_0.rol_admin,u1_0.rol_solicitante,u1_0.rol_tutor from usuarios u1_0 where u1_0.correo_institucional=?
Hibernate: select pt1_0.id,pt1_0.calificacion_promedio,pt1_0.descripcion,pt1_0.deuda_pendiente,pt1_0.semestre,pt1_0.usuario_id,pt1_0.verificado,pt1_0.visible from perfiles_tutor pt1_0 where pt1_0.usuario_id=?
Hibernate: select u1_0.id,u1_0.correo_institucional,u1_0.fecha_creacion,u1_0.nombre_completo,u1_0.password_hash,u1_0.rol_admin,u1_0.rol_solicitante,u1_0.rol_tutor from usuarios u1_0 where u1_0.correo_institucional=?
Hibernate: select pt1_0.id,pt1_0.calificacion_promedio,pt1_0.descripcion,pt1_0.deuda_pendiente,pt1_0.semestre,pt1_0.usuario_id,pt1_0.verificado,pt1_0.visible from perfiles_tutor pt1_0 where pt1_0.usuario_id=?
Hibernate: select r1_0.id,r1_0.disponibilidad_id,d1_0.id,d1_0.dia_semana,d1_0.estado,d1_0.hora_fin,d1_0.hora_inicio,d1_0.perfil_tutor_id,pt1_0.id,pt1_0.calificacion_promedio,pt1_0.descripcion,pt1_0.deuda_pendiente,pt1_0.semestre,pt1_0.usuario_id,u1_0.id,u1_0.correo_institucional,u1_0.fecha_creacion,u1_0.nombre_completo,u1_0.password_hash,u1_0.rol_admin,u1_0.rol_solicitante,u1_0.rol_tutor,pt1_0.verificado,pt1_0.visible,r1_0.estado,r1_0.fecha_creacion,r1_0.materia_id,m1_0.id,m1_0.categoria,m1_0.nombre,m1_0.semestre_referencial,m1_0.tarifa_hora,r1_0.metodo_pago,r1_0.solicitante_id,s1_0.id,s1_0.correo_institucional,s1_0.fecha_creacion,s1_0.nombre_completo,s1_0.password_hash,s1_0.rol_admin,s1_0.rol_solicitante,s1_0.rol_tutor from reservas r1_0 join disponibilidad d1_0 on d1_0.id=r1_0.disponibilidad_id join perfiles_tutor pt1_0 on pt1_0.id=d1_0.perfil_tutor_id join usuarios u1_0 on u1_0.id=pt1_0.usuario_id join materias m1_0 on m1_0.id=r1_0.materia_id join usuarios s1_0 on s1_0.id=r1_0.solicitante_id where s1_0.id=? order by r1_0.fecha_creacion desc
Hibernate: select pt1_0.id,pt1_0.calificacion_promedio,pt1_0.descripcion,pt1_0.deuda_pendiente,pt1_0.semestre,pt1_0.usuario_id,pt1_0.verificado,pt1_0.visible from perfiles_tutor pt1_0 where pt1_0.usuario_id=?
Hibernate: select r1_0.id,r1_0.disponibilidad_id,d1_0.id,d1_0.dia_semana,d1_0.estado,d1_0.hora_fin,d1_0.hora_inicio,d1_0.perfil_tutor_id,pt1_0.id,pt1_0.calificacion_promedio,pt1_0.descripcion,pt1_0.deuda_pendiente,pt1_0.semestre,pt1_0.usuario_id,u1_0.id,u1_0.correo_institucional,u1_0.fecha_creacion,u1_0.nombre_completo,u1_0.password_hash,u1_0.rol_admin,u1_0.rol_solicitante,u1_0.rol_tutor,pt1_0.verificado,pt1_0.visible,r1_0.estado,r1_0.fecha_creacion,r1_0.materia_id,m1_0.id,m1_0.categoria,m1_0.nombre,m1_0.semestre_referencial,m1_0.tarifa_hora,r1_0.metodo_pago,r1_0.solicitante_id,s1_0.id,s1_0.correo_institucional,s1_0.fecha_creacion,s1_0.nombre_completo,s1_0.password_hash,s1_0.rol_admin,s1_0.rol_solicitante,s1_0.rol_tutor from reservas r1_0 join disponibilidad d1_0 on d1_0.id=r1_0.disponibilidad_id join perfiles_tutor pt1_0 on pt1_0.id=d1_0.perfil_tutor_id join usuarios u1_0 on u1_0.id=pt1_0.usuario_id join materias m1_0 on m1_0.id=r1_0.materia_id join usuarios s1_0 on s1_0.id=r1_0.solicitante_id where pt1_0.id=? order by r1_0.fecha_creacion desc
Hibernate: select u1_0.id,u1_0.correo_institucional,u1_0.fecha_creacion,u1_0.nombre_completo,u1_0.password_hash,u1_0.rol_admin,u1_0.rol_solicitante,u1_0.rol_tutor from usuarios u1_0 where u1_0.correo_institucional=?
Hibernate: select pt1_0.id,pt1_0.calificacion_promedio,pt1_0.descripcion,pt1_0.deuda_pendiente,pt1_0.semestre,pt1_0.usuario_id,pt1_0.verificado,pt1_0.visible from perfiles_tutor pt1_0 where pt1_0.usuario_id=?
Hibernate: select u1_0.id,u1_0.correo_institucional,u1_0.fecha_creacion,u1_0.nombre_completo,u1_0.password_hash,u1_0.rol_admin,u1_0.rol_solicitante,u1_0.rol_tutor from usuarios u1_0 where u1_0.correo_institucional=?
Hibernate: select pt1_0.id,pt1_0.calificacion_promedio,pt1_0.descripcion,pt1_0.deuda_pendiente,pt1_0.semestre,pt1_0.usuario_id,pt1_0.verificado,pt1_0.visible from perfiles_tutor pt1_0 where pt1_0.usuario_id=?
Hibernate: select u1_0.id,u1_0.correo_institucional,u1_0.fecha_creacion,u1_0.nombre_completo,u1_0.password_hash,u1_0.rol_admin,u1_0.rol_solicitante,u1_0.rol_tutor from usuarios u1_0 where u1_0.correo_institucional=?
Hibernate: select pt1_0.id,pt1_0.calificacion_promedio,pt1_0.descripcion,pt1_0.deuda_pendiente,pt1_0.semestre,pt1_0.usuario_id,pt1_0.verificado,pt1_0.visible from perfiles_tutor pt1_0 where pt1_0.usuario_id=?
Hibernate: select u1_0.id,u1_0.correo_institucional,u1_0.fecha_creacion,u1_0.nombre_completo,u1_0.password_hash,u1_0.rol_admin,u1_0.rol_solicitante,u1_0.rol_tutor from usuarios u1_0 where u1_0.correo_institucional=?
Hibernate: select pt1_0.id,pt1_0.calificacion_promedio,pt1_0.descripcion,pt1_0.deuda_pendiente,pt1_0.semestre,pt1_0.usuario_id,pt1_0.verificado,pt1_0.visible from perfiles_tutor pt1_0 where pt1_0.usuario_id=?
Hibernate: select pt1_0.id,pt1_0.calificacion_promedio,pt1_0.descripcion,pt1_0.deuda_pendiente,pt1_0.semestre,pt1_0.usuario_id,pt1_0.verificado,pt1_0.visible from perfiles_tutor pt1_0 where pt1_0.usuario_id=?
Hibernate: select pt1_0.id,pt1_0.calificacion_promedio,pt1_0.descripcion,pt1_0.deuda_pendiente,pt1_0.semestre,pt1_0.usuario_id,pt1_0.verificado,pt1_0.visible from perfiles_tutor pt1_0 where pt1_0.usuario_id=?
Hibernate: select d1_0.id,d1_0.dia_semana,d1_0.estado,d1_0.hora_fin,d1_0.hora_inicio,d1_0.perfil_tutor_id from disponibilidad d1_0 where d1_0.perfil_tutor_id=? order by d1_0.dia_semana,d1_0.hora_inicio
Hibernate: select u1_0.id,u1_0.correo_institucional,u1_0.fecha_creacion,u1_0.nombre_completo,u1_0.password_hash,u1_0.rol_admin,u1_0.rol_solicitante,u1_0.rol_tutor from usuarios u1_0 where u1_0.correo_institucional=?
Hibernate: select pt1_0.id,pt1_0.calificacion_promedio,pt1_0.descripcion,pt1_0.deuda_pendiente,pt1_0.semestre,pt1_0.usuario_id,pt1_0.verificado,pt1_0.visible from perfiles_tutor pt1_0 where pt1_0.usuario_id=?
Hibernate: select u1_0.id,u1_0.correo_institucional,u1_0.fecha_creacion,u1_0.nombre_completo,u1_0.password_hash,u1_0.rol_admin,u1_0.rol_solicitante,u1_0.rol_tutor from usuarios u1_0 where u1_0.correo_institucional=?
Hibernate: select pt1_0.id,pt1_0.calificacion_promedio,pt1_0.descripcion,pt1_0.deuda_pendiente,pt1_0.semestre,pt1_0.usuario_id,pt1_0.verificado,pt1_0.visible from perfiles_tutor pt1_0 where pt1_0.usuario_id=?
Hibernate: select u1_0.id,u1_0.correo_institucional,u1_0.fecha_creacion,u1_0.nombre_completo,u1_0.password_hash,u1_0.rol_admin,u1_0.rol_solicitante,u1_0.rol_tutor from usuarios u1_0 where u1_0.correo_institucional=?
Hibernate: select pt1_0.id,pt1_0.calificacion_promedio,pt1_0.descripcion,pt1_0.deuda_pendiente,pt1_0.semestre,pt1_0.usuario_id,pt1_0.verificado,pt1_0.visible from perfiles_tutor pt1_0 where pt1_0.usuario_id=?
Hibernate: select u1_0.id,u1_0.correo_institucional,u1_0.fecha_creacion,u1_0.nombre_completo,u1_0.password_hash,u1_0.rol_admin,u1_0.rol_solicitante,u1_0.rol_tutor from usuarios u1_0 where u1_0.correo_institucional=?
Hibernate: select pt1_0.id,pt1_0.calificacion_promedio,pt1_0.descripcion,pt1_0.deuda_pendiente,pt1_0.semestre,pt1_0.usuario_id,pt1_0.verificado,pt1_0.visible from perfiles_tutor pt1_0 where pt1_0.usuario_id=?
Hibernate: select pt1_0.id,pt1_0.calificacion_promedio,pt1_0.descripcion,pt1_0.deuda_pendiente,pt1_0.semestre,pt1_0.usuario_id,pt1_0.verificado,pt1_0.visible from perfiles_tutor pt1_0 where pt1_0.usuario_id=?
Hibernate: select u1_0.id,u1_0.correo_institucional,u1_0.fecha_creacion,u1_0.nombre_completo,u1_0.password_hash,u1_0.rol_admin,u1_0.rol_solicitante,u1_0.rol_tutor from usuarios u1_0 where u1_0.correo_institucional=?
Hibernate: select pt1_0.id,pt1_0.calificacion_promedio,pt1_0.descripcion,pt1_0.deuda_pendiente,pt1_0.semestre,pt1_0.usuario_id,pt1_0.verificado,pt1_0.visible from perfiles_tutor pt1_0 where pt1_0.usuario_id=?
Hibernate: select u1_0.id,u1_0.correo_institucional,u1_0.fecha_creacion,u1_0.nombre_completo,u1_0.password_hash,u1_0.rol_admin,u1_0.rol_solicitante,u1_0.rol_tutor from usuarios u1_0 where u1_0.correo_institucional=?
Hibernate: select pt1_0.id,pt1_0.calificacion_promedio,pt1_0.descripcion,pt1_0.deuda_pendiente,pt1_0.semestre,pt1_0.usuario_id,pt1_0.verificado,pt1_0.visible from perfiles_tutor pt1_0 where pt1_0.usuario_id=?
Hibernate: select m1_0.id,m1_0.categoria,m1_0.nombre,m1_0.semestre_referencial,m1_0.tarifa_hora from materias m1_0 order by m1_0.categoria,m1_0.nombre
Hibernate: select pt1_0.id,pt1_0.calificacion_promedio,pt1_0.descripcion,pt1_0.deuda_pendiente,pt1_0.semestre,pt1_0.usuario_id,pt1_0.verificado,pt1_0.visible from perfiles_tutor pt1_0 where pt1_0.verificado=true and pt1_0.visible=true order by pt1_0.calificacion_promedio desc fetch first ? rows only
Hibernate: select m1_0.id,m1_0.categoria,m1_0.nombre,m1_0.semestre_referencial,m1_0.tarifa_hora from materias m1_0 order by m1_0.categoria,m1_0.nombre
Hibernate: select pt1_0.id,pt1_0.calificacion_promedio,pt1_0.descripcion,pt1_0.deuda_pendiente,pt1_0.semestre,pt1_0.usuario_id,pt1_0.verificado,pt1_0.visible from perfiles_tutor pt1_0 where pt1_0.verificado=true and pt1_0.visible=true order by pt1_0.calificacion_promedio desc fetch first ? rows only
Hibernate: select u1_0.id,u1_0.correo_institucional,u1_0.fecha_creacion,u1_0.nombre_completo,u1_0.password_hash,u1_0.rol_admin,u1_0.rol_solicitante,u1_0.rol_tutor from usuarios u1_0 where u1_0.correo_institucional=?
Hibernate: select pt1_0.id,pt1_0.calificacion_promedio,pt1_0.descripcion,pt1_0.deuda_pendiente,pt1_0.semestre,pt1_0.usuario_id,pt1_0.verificado,pt1_0.visible from perfiles_tutor pt1_0 where pt1_0.usuario_id=?
Hibernate: select u1_0.id,u1_0.correo_institucional,u1_0.fecha_creacion,u1_0.nombre_completo,u1_0.password_hash,u1_0.rol_admin,u1_0.rol_solicitante,u1_0.rol_tutor from usuarios u1_0 where u1_0.correo_institucional=?
Hibernate: select pt1_0.id,pt1_0.calificacion_promedio,pt1_0.descripcion,pt1_0.deuda_pendiente,pt1_0.semestre,pt1_0.usuario_id,pt1_0.verificado,pt1_0.visible from perfiles_tutor pt1_0 where pt1_0.usuario_id=?
Hibernate: select m1_0.id,m1_0.categoria,m1_0.nombre,m1_0.semestre_referencial,m1_0.tarifa_hora from materias m1_0 order by m1_0.categoria,m1_0.nombre
Hibernate: select pt1_0.id,pt1_0.calificacion_promedio,pt1_0.descripcion,pt1_0.deuda_pendiente,pt1_0.semestre,pt1_0.usuario_id,pt1_0.verificado,pt1_0.visible from perfiles_tutor pt1_0 where pt1_0.verificado=true and pt1_0.visible=true order by pt1_0.calificacion_promedio desc fetch first ? rows only
Hibernate: select u1_0.id,u1_0.correo_institucional,u1_0.fecha_creacion,u1_0.nombre_completo,u1_0.password_hash,u1_0.rol_admin,u1_0.rol_solicitante,u1_0.rol_tutor from usuarios u1_0 where u1_0.correo_institucional=?
Hibernate: select pt1_0.id,pt1_0.calificacion_promedio,pt1_0.descripcion,pt1_0.deuda_pendiente,pt1_0.semestre,pt1_0.usuario_id,pt1_0.verificado,pt1_0.visible from perfiles_tutor pt1_0 where pt1_0.usuario_id=?
Hibernate: select u1_0.id,u1_0.correo_institucional,u1_0.fecha_creacion,u1_0.nombre_completo,u1_0.password_hash,u1_0.rol_admin,u1_0.rol_solicitante,u1_0.rol_tutor from usuarios u1_0 where u1_0.correo_institucional=?
Hibernate: select pt1_0.id,pt1_0.calificacion_promedio,pt1_0.descripcion,pt1_0.deuda_pendiente,pt1_0.semestre,pt1_0.usuario_id,pt1_0.verificado,pt1_0.visible from perfiles_tutor pt1_0 where pt1_0.usuario_id=?
Hibernate: select u1_0.id,u1_0.correo_institucional,u1_0.fecha_creacion,u1_0.nombre_completo,u1_0.password_hash,u1_0.rol_admin,u1_0.rol_solicitante,u1_0.rol_tutor from usuarios u1_0 where u1_0.correo_institucional=?
Hibernate: select pt1_0.id,pt1_0.calificacion_promedio,pt1_0.descripcion,pt1_0.deuda_pendiente,pt1_0.semestre,pt1_0.usuario_id,pt1_0.verificado,pt1_0.visible from perfiles_tutor pt1_0 where pt1_0.usuario_id=?
Hibernate: select u1_0.id,u1_0.correo_institucional,u1_0.fecha_creacion,u1_0.nombre_completo,u1_0.password_hash,u1_0.rol_admin,u1_0.rol_solicitante,u1_0.rol_tutor from usuarios u1_0 where u1_0.correo_institucional=?
Hibernate: select pt1_0.id,pt1_0.calificacion_promedio,pt1_0.descripcion,pt1_0.deuda_pendiente,pt1_0.semestre,pt1_0.usuario_id,pt1_0.verificado,pt1_0.visible from perfiles_tutor pt1_0 where pt1_0.usuario_id=?
Hibernate: select pt1_0.id,pt1_0.calificacion_promedio,pt1_0.descripcion,pt1_0.deuda_pendiente,pt1_0.semestre,pt1_0.usuario_id,pt1_0.verificado,pt1_0.visible from perfiles_tutor pt1_0 where pt1_0.usuario_id=?
Hibernate: select u1_0.id,u1_0.correo_institucional,u1_0.fecha_creacion,u1_0.nombre_completo,u1_0.password_hash,u1_0.rol_admin,u1_0.rol_solicitante,u1_0.rol_tutor from usuarios u1_0 where u1_0.correo_institucional=?
Hibernate: select pt1_0.id,pt1_0.calificacion_promedio,pt1_0.descripcion,pt1_0.deuda_pendiente,pt1_0.semestre,pt1_0.usuario_id,pt1_0.verificado,pt1_0.visible from perfiles_tutor pt1_0 where pt1_0.usuario_id=?
Hibernate: select u1_0.id,u1_0.correo_institucional,u1_0.fecha_creacion,u1_0.nombre_completo,u1_0.password_hash,u1_0.rol_admin,u1_0.rol_solicitante,u1_0.rol_tutor from usuarios u1_0 where u1_0.correo_institucional=?
Hibernate: select pt1_0.id,pt1_0.calificacion_promedio,pt1_0.descripcion,pt1_0.deuda_pendiente,pt1_0.semestre,pt1_0.usuario_id,pt1_0.verificado,pt1_0.visible from perfiles_tutor pt1_0 where pt1_0.usuario_id=?
Hibernate: select u1_0.id,u1_0.correo_institucional,u1_0.fecha_creacion,u1_0.nombre_completo,u1_0.password_hash,u1_0.rol_admin,u1_0.rol_solicitante,u1_0.rol_tutor from usuarios u1_0 where u1_0.correo_institucional=?
Hibernate: select pt1_0.id,pt1_0.calificacion_promedio,pt1_0.descripcion,pt1_0.deuda_pendiente,pt1_0.semestre,pt1_0.usuario_id,pt1_0.verificado,pt1_0.visible from perfiles_tutor pt1_0 where pt1_0.usuario_id=?
Hibernate: select u1_0.id,u1_0.correo_institucional,u1_0.fecha_creacion,u1_0.nombre_completo,u1_0.password_hash,u1_0.rol_admin,u1_0.rol_solicitante,u1_0.rol_tutor from usuarios u1_0 where u1_0.correo_institucional=?
Hibernate: select pt1_0.id,pt1_0.calificacion_promedio,pt1_0.descripcion,pt1_0.deuda_pendiente,pt1_0.semestre,pt1_0.usuario_id,pt1_0.verificado,pt1_0.visible from perfiles_tutor pt1_0 where pt1_0.usuario_id=?
Hibernate: select pt1_0.id,pt1_0.calificacion_promedio,pt1_0.descripcion,pt1_0.deuda_pendiente,pt1_0.semestre,pt1_0.usuario_id,pt1_0.verificado,pt1_0.visible from perfiles_tutor pt1_0 where pt1_0.usuario_id=?
Hibernate: select m1_0.id,m1_0.categoria,m1_0.nombre,m1_0.semestre_referencial,m1_0.tarifa_hora from materias m1_0 order by m1_0.categoria,m1_0.nombre
Hibernate: select m1_0.perfil_tutor_id,m1_0.id,m1_0.materia_id,m1_0.tarifa_hora from tutor_materias m1_0 where m1_0.perfil_tutor_id=?
Hibernate: select u1_0.id,u1_0.correo_institucional,u1_0.fecha_creacion,u1_0.nombre_completo,u1_0.password_hash,u1_0.rol_admin,u1_0.rol_solicitante,u1_0.rol_tutor from usuarios u1_0 where u1_0.correo_institucional=?
Hibernate: select pt1_0.id,pt1_0.calificacion_promedio,pt1_0.descripcion,pt1_0.deuda_pendiente,pt1_0.semestre,pt1_0.usuario_id,pt1_0.verificado,pt1_0.visible from perfiles_tutor pt1_0 where pt1_0.usuario_id=?
Hibernate: select u1_0.id,u1_0.correo_institucional,u1_0.fecha_creacion,u1_0.nombre_completo,u1_0.password_hash,u1_0.rol_admin,u1_0.rol_solicitante,u1_0.rol_tutor from usuarios u1_0 where u1_0.correo_institucional=?
Hibernate: select pt1_0.id,pt1_0.calificacion_promedio,pt1_0.descripcion,pt1_0.deuda_pendiente,pt1_0.semestre,pt1_0.usuario_id,pt1_0.verificado,pt1_0.visible from perfiles_tutor pt1_0 where pt1_0.usuario_id=?
Hibernate: select u1_0.id,u1_0.correo_institucional,u1_0.fecha_creacion,u1_0.nombre_completo,u1_0.password_hash,u1_0.rol_admin,u1_0.rol_solicitante,u1_0.rol_tutor from usuarios u1_0 where u1_0.correo_institucional=?
Hibernate: select pt1_0.id,pt1_0.calificacion_promedio,pt1_0.descripcion,pt1_0.deuda_pendiente,pt1_0.semestre,pt1_0.usuario_id,pt1_0.verificado,pt1_0.visible from perfiles_tutor pt1_0 where pt1_0.usuario_id=?
Hibernate: select u1_0.id,u1_0.correo_institucional,u1_0.fecha_creacion,u1_0.nombre_completo,u1_0.password_hash,u1_0.rol_admin,u1_0.rol_solicitante,u1_0.rol_tutor from usuarios u1_0 where u1_0.correo_institucional=?
Hibernate: select pt1_0.id,pt1_0.calificacion_promedio,pt1_0.descripcion,pt1_0.deuda_pendiente,pt1_0.semestre,pt1_0.usuario_id,pt1_0.verificado,pt1_0.visible from perfiles_tutor pt1_0 where pt1_0.usuario_id=?
Hibernate: select pt1_0.id,pt1_0.calificacion_promedio,pt1_0.descripcion,pt1_0.deuda_pendiente,pt1_0.semestre,pt1_0.usuario_id,pt1_0.verificado,pt1_0.visible from perfiles_tutor pt1_0 where pt1_0.usuario_id=?
Hibernate: select u1_0.id,u1_0.correo_institucional,u1_0.fecha_creacion,u1_0.nombre_completo,u1_0.password_hash,u1_0.rol_admin,u1_0.rol_solicitante,u1_0.rol_tutor from usuarios u1_0 where u1_0.correo_institucional=?
Hibernate: select pt1_0.id,pt1_0.calificacion_promedio,pt1_0.descripcion,pt1_0.deuda_pendiente,pt1_0.semestre,pt1_0.usuario_id,pt1_0.verificado,pt1_0.visible from perfiles_tutor pt1_0 where pt1_0.usuario_id=?
Hibernate: select u1_0.id,u1_0.correo_institucional,u1_0.fecha_creacion,u1_0.nombre_completo,u1_0.password_hash,u1_0.rol_admin,u1_0.rol_solicitante,u1_0.rol_tutor from usuarios u1_0 where u1_0.correo_institucional=?
Hibernate: select pt1_0.id,pt1_0.calificacion_promedio,pt1_0.descripcion,pt1_0.deuda_pendiente,pt1_0.semestre,pt1_0.usuario_id,pt1_0.verificado,pt1_0.visible from perfiles_tutor pt1_0 where pt1_0.usuario_id=?
Hibernate: select u1_0.id,u1_0.correo_institucional,u1_0.fecha_creacion,u1_0.nombre_completo,u1_0.password_hash,u1_0.rol_admin,u1_0.rol_solicitante,u1_0.rol_tutor from usuarios u1_0 where u1_0.correo_institucional=?
Hibernate: select pt1_0.id,pt1_0.calificacion_promedio,pt1_0.descripcion,pt1_0.deuda_pendiente,pt1_0.semestre,pt1_0.usuario_id,pt1_0.verificado,pt1_0.visible from perfiles_tutor pt1_0 where pt1_0.usuario_id=?
Hibernate: select u1_0.id,u1_0.correo_institucional,u1_0.fecha_creacion,u1_0.nombre_completo,u1_0.password_hash,u1_0.rol_admin,u1_0.rol_solicitante,u1_0.rol_tutor from usuarios u1_0 where u1_0.correo_institucional=?
Hibernate: select pt1_0.id,pt1_0.calificacion_promedio,pt1_0.descripcion,pt1_0.deuda_pendiente,pt1_0.semestre,pt1_0.usuario_id,pt1_0.verificado,pt1_0.visible from perfiles_tutor pt1_0 where pt1_0.usuario_id=?
Hibernate: select pt1_0.id,pt1_0.calificacion_promedio,pt1_0.descripcion,pt1_0.deuda_pendiente,pt1_0.semestre,pt1_0.usuario_id,pt1_0.verificado,pt1_0.visible from perfiles_tutor pt1_0 where pt1_0.usuario_id=?
Hibernate: select pt1_0.id,pt1_0.calificacion_promedio,pt1_0.descripcion,pt1_0.deuda_pendiente,pt1_0.semestre,pt1_0.usuario_id,pt1_0.verificado,pt1_0.visible from perfiles_tutor pt1_0 where pt1_0.usuario_id=?
Hibernate: select d1_0.id,d1_0.dia_semana,d1_0.estado,d1_0.hora_fin,d1_0.hora_inicio,d1_0.perfil_tutor_id from disponibilidad d1_0 where d1_0.perfil_tutor_id=? order by d1_0.dia_semana,d1_0.hora_inicio
Hibernate: select u1_0.id,u1_0.correo_institucional,u1_0.fecha_creacion,u1_0.nombre_completo,u1_0.password_hash,u1_0.rol_admin,u1_0.rol_solicitante,u1_0.rol_tutor from usuarios u1_0 where u1_0.correo_institucional=?
Hibernate: select pt1_0.id,pt1_0.calificacion_promedio,pt1_0.descripcion,pt1_0.deuda_pendiente,pt1_0.semestre,pt1_0.usuario_id,pt1_0.verificado,pt1_0.visible from perfiles_tutor pt1_0 where pt1_0.usuario_id=?
Hibernate: select u1_0.id,u1_0.correo_institucional,u1_0.fecha_creacion,u1_0.nombre_completo,u1_0.password_hash,u1_0.rol_admin,u1_0.rol_solicitante,u1_0.rol_tutor from usuarios u1_0 where u1_0.correo_institucional=?
Hibernate: select pt1_0.id,pt1_0.calificacion_promedio,pt1_0.descripcion,pt1_0.deuda_pendiente,pt1_0.semestre,pt1_0.usuario_id,pt1_0.verificado,pt1_0.visible from perfiles_tutor pt1_0 where pt1_0.usuario_id=?
Hibernate: select u1_0.id,u1_0.correo_institucional,u1_0.fecha_creacion,u1_0.nombre_completo,u1_0.password_hash,u1_0.rol_admin,u1_0.rol_solicitante,u1_0.rol_tutor from usuarios u1_0 where u1_0.correo_institucional=?
Hibernate: select pt1_0.id,pt1_0.calificacion_promedio,pt1_0.descripcion,pt1_0.deuda_pendiente,pt1_0.semestre,pt1_0.usuario_id,pt1_0.verificado,pt1_0.visible from perfiles_tutor pt1_0 where pt1_0.usuario_id=?
Hibernate: select u1_0.id,u1_0.correo_institucional,u1_0.fecha_creacion,u1_0.nombre_completo,u1_0.password_hash,u1_0.rol_admin,u1_0.rol_solicitante,u1_0.rol_tutor from usuarios u1_0 where u1_0.correo_institucional=?
Hibernate: select pt1_0.id,pt1_0.calificacion_promedio,pt1_0.descripcion,pt1_0.deuda_pendiente,pt1_0.semestre,pt1_0.usuario_id,pt1_0.verificado,pt1_0.visible from perfiles_tutor pt1_0 where pt1_0.usuario_id=?
Hibernate: select pt1_0.id,pt1_0.calificacion_promedio,pt1_0.descripcion,pt1_0.deuda_pendiente,pt1_0.semestre,pt1_0.usuario_id,pt1_0.verificado,pt1_0.visible from perfiles_tutor pt1_0 where pt1_0.usuario_id=?
Hibernate: select u1_0.id,u1_0.correo_institucional,u1_0.fecha_creacion,u1_0.nombre_completo,u1_0.password_hash,u1_0.rol_admin,u1_0.rol_solicitante,u1_0.rol_tutor from usuarios u1_0 where u1_0.correo_institucional=?
Hibernate: select pt1_0.id,pt1_0.calificacion_promedio,pt1_0.descripcion,pt1_0.deuda_pendiente,pt1_0.semestre,pt1_0.usuario_id,pt1_0.verificado,pt1_0.visible from perfiles_tutor pt1_0 where pt1_0.usuario_id=?
Hibernate: select u1_0.id,u1_0.correo_institucional,u1_0.fecha_creacion,u1_0.nombre_completo,u1_0.password_hash,u1_0.rol_admin,u1_0.rol_solicitante,u1_0.rol_tutor from usuarios u1_0 where u1_0.correo_institucional=?
Hibernate: select pt1_0.id,pt1_0.calificacion_promedio,pt1_0.descripcion,pt1_0.deuda_pendiente,pt1_0.semestre,pt1_0.usuario_id,pt1_0.verificado,pt1_0.visible from perfiles_tutor pt1_0 where pt1_0.usuario_id=?
Hibernate: select u1_0.id,u1_0.correo_institucional,u1_0.fecha_creacion,u1_0.nombre_completo,u1_0.password_hash,u1_0.rol_admin,u1_0.rol_solicitante,u1_0.rol_tutor from usuarios u1_0 where u1_0.correo_institucional=?
Hibernate: select pt1_0.id,pt1_0.calificacion_promedio,pt1_0.descripcion,pt1_0.deuda_pendiente,pt1_0.semestre,pt1_0.usuario_id,pt1_0.verificado,pt1_0.visible from perfiles_tutor pt1_0 where pt1_0.usuario_id=?
Hibernate: select u1_0.id,u1_0.correo_institucional,u1_0.fecha_creacion,u1_0.nombre_completo,u1_0.password_hash,u1_0.rol_admin,u1_0.rol_solicitante,u1_0.rol_tutor from usuarios u1_0 where u1_0.correo_institucional=?
Hibernate: select pt1_0.id,pt1_0.calificacion_promedio,pt1_0.descripcion,pt1_0.deuda_pendiente,pt1_0.semestre,pt1_0.usuario_id,pt1_0.verificado,pt1_0.visible from perfiles_tutor pt1_0 where pt1_0.usuario_id=?
Hibernate: select r1_0.id,r1_0.disponibilidad_id,d1_0.id,d1_0.dia_semana,d1_0.estado,d1_0.hora_fin,d1_0.hora_inicio,d1_0.perfil_tutor_id,pt1_0.id,pt1_0.calificacion_promedio,pt1_0.descripcion,pt1_0.deuda_pendiente,pt1_0.semestre,pt1_0.usuario_id,u1_0.id,u1_0.correo_institucional,u1_0.fecha_creacion,u1_0.nombre_completo,u1_0.password_hash,u1_0.rol_admin,u1_0.rol_solicitante,u1_0.rol_tutor,pt1_0.verificado,pt1_0.visible,r1_0.estado,r1_0.fecha_creacion,r1_0.materia_id,m1_0.id,m1_0.categoria,m1_0.nombre,m1_0.semestre_referencial,m1_0.tarifa_hora,r1_0.metodo_pago,r1_0.solicitante_id,s1_0.id,s1_0.correo_institucional,s1_0.fecha_creacion,s1_0.nombre_completo,s1_0.password_hash,s1_0.rol_admin,s1_0.rol_solicitante,s1_0.rol_tutor from reservas r1_0 join disponibilidad d1_0 on d1_0.id=r1_0.disponibilidad_id join perfiles_tutor pt1_0 on pt1_0.id=d1_0.perfil_tutor_id join usuarios u1_0 on u1_0.id=pt1_0.usuario_id join materias m1_0 on m1_0.id=r1_0.materia_id join usuarios s1_0 on s1_0.id=r1_0.solicitante_id where s1_0.id=? order by r1_0.fecha_creacion desc
Hibernate: select pt1_0.id,pt1_0.calificacion_promedio,pt1_0.descripcion,pt1_0.deuda_pendiente,pt1_0.semestre,pt1_0.usuario_id,pt1_0.verificado,pt1_0.visible from perfiles_tutor pt1_0 where pt1_0.usuario_id=?
Hibernate: select r1_0.id,r1_0.disponibilidad_id,d1_0.id,d1_0.dia_semana,d1_0.estado,d1_0.hora_fin,d1_0.hora_inicio,d1_0.perfil_tutor_id,pt1_0.id,pt1_0.calificacion_promedio,pt1_0.descripcion,pt1_0.deuda_pendiente,pt1_0.semestre,pt1_0.usuario_id,u1_0.id,u1_0.correo_institucional,u1_0.fecha_creacion,u1_0.nombre_completo,u1_0.password_hash,u1_0.rol_admin,u1_0.rol_solicitante,u1_0.rol_tutor,pt1_0.verificado,pt1_0.visible,r1_0.estado,r1_0.fecha_creacion,r1_0.materia_id,m1_0.id,m1_0.categoria,m1_0.nombre,m1_0.semestre_referencial,m1_0.tarifa_hora,r1_0.metodo_pago,r1_0.solicitante_id,s1_0.id,s1_0.correo_institucional,s1_0.fecha_creacion,s1_0.nombre_completo,s1_0.password_hash,s1_0.rol_admin,s1_0.rol_solicitante,s1_0.rol_tutor from reservas r1_0 join disponibilidad d1_0 on d1_0.id=r1_0.disponibilidad_id join perfiles_tutor pt1_0 on pt1_0.id=d1_0.perfil_tutor_id join usuarios u1_0 on u1_0.id=pt1_0.usuario_id join materias m1_0 on m1_0.id=r1_0.materia_id join usuarios s1_0 on s1_0.id=r1_0.solicitante_id where pt1_0.id=? order by r1_0.fecha_creacion desc
Hibernate: select u1_0.id,u1_0.correo_institucional,u1_0.fecha_creacion,u1_0.nombre_completo,u1_0.password_hash,u1_0.rol_admin,u1_0.rol_solicitante,u1_0.rol_tutor from usuarios u1_0 where u1_0.correo_institucional=?
Hibernate: select pt1_0.id,pt1_0.calificacion_promedio,pt1_0.descripcion,pt1_0.deuda_pendiente,pt1_0.semestre,pt1_0.usuario_id,pt1_0.verificado,pt1_0.visible from perfiles_tutor pt1_0 where pt1_0.usuario_id=?
Hibernate: select u1_0.id,u1_0.correo_institucional,u1_0.fecha_creacion,u1_0.nombre_completo,u1_0.password_hash,u1_0.rol_admin,u1_0.rol_solicitante,u1_0.rol_tutor from usuarios u1_0 where u1_0.correo_institucional=?
Hibernate: select pt1_0.id,pt1_0.calificacion_promedio,pt1_0.descripcion,pt1_0.deuda_pendiente,pt1_0.semestre,pt1_0.usuario_id,pt1_0.verificado,pt1_0.visible from perfiles_tutor pt1_0 where pt1_0.usuario_id=?
Hibernate: select u1_0.id,u1_0.correo_institucional,u1_0.fecha_creacion,u1_0.nombre_completo,u1_0.password_hash,u1_0.rol_admin,u1_0.rol_solicitante,u1_0.rol_tutor from usuarios u1_0 where u1_0.correo_institucional=?
Hibernate: select pt1_0.id,pt1_0.calificacion_promedio,pt1_0.descripcion,pt1_0.deuda_pendiente,pt1_0.semestre,pt1_0.usuario_id,pt1_0.verificado,pt1_0.visible from perfiles_tutor pt1_0 where pt1_0.usuario_id=?
Hibernate: select distinct pt1_0.id,pt1_0.calificacion_promedio,pt1_0.descripcion,pt1_0.deuda_pendiente,pt1_0.semestre,pt1_0.usuario_id,pt1_0.verificado,pt1_0.visible from perfiles_tutor pt1_0 join tutor_materias m1_0 on pt1_0.id=m1_0.perfil_tutor_id join materias m2_0 on m2_0.id=m1_0.materia_id where pt1_0.verificado=true and pt1_0.visible=true and (? is null or lower(m2_0.nombre) like ? escape '' or lower(m2_0.categoria) like ? escape '') and (? is null or m2_0.categoria=?) and (? is null or m1_0.tarifa_hora<=?) and (? is null or pt1_0.calificacion_promedio>=?) and (? is null or pt1_0.semestre=?)
Hibernate: select m1_0.id,m1_0.categoria,m1_0.nombre,m1_0.semestre_referencial,m1_0.tarifa_hora from materias m1_0 order by m1_0.categoria,m1_0.nombre
Hibernate: select u1_0.id,u1_0.correo_institucional,u1_0.fecha_creacion,u1_0.nombre_completo,u1_0.password_hash,u1_0.rol_admin,u1_0.rol_solicitante,u1_0.rol_tutor from usuarios u1_0 where u1_0.correo_institucional=?
Hibernate: select pt1_0.id,pt1_0.calificacion_promedio,pt1_0.descripcion,pt1_0.deuda_pendiente,pt1_0.semestre,pt1_0.usuario_id,pt1_0.verificado,pt1_0.visible from perfiles_tutor pt1_0 where pt1_0.usuario_id=?
Hibernate: select u1_0.id,u1_0.correo_institucional,u1_0.fecha_creacion,u1_0.nombre_completo,u1_0.password_hash,u1_0.rol_admin,u1_0.rol_solicitante,u1_0.rol_tutor from usuarios u1_0 where u1_0.correo_institucional=?
Hibernate: select pt1_0.id,pt1_0.calificacion_promedio,pt1_0.descripcion,pt1_0.deuda_pendiente,pt1_0.semestre,pt1_0.usuario_id,pt1_0.verificado,pt1_0.visible from perfiles_tutor pt1_0 where pt1_0.usuario_id=?
2026-06-14T20:38:07.520-05:00  WARN 29908 --- [Tutomatch] [l-1:housekeeper] com.zaxxer.hikari.pool.HikariPool        : HikariPool-1 - Thread starvation or clock leap detected (housekeeper delta=15m46s975ms981µs900ns).
2026-06-14T21:21:21.987-05:00  WARN 29908 --- [Tutomatch] [l-1:housekeeper] com.zaxxer.hikari.pool.HikariPool        : HikariPool-1 - Thread starvation or clock leap detected (housekeeper delta=43m14s466ms547µs700ns).
Hibernate: select m1_0.id,m1_0.categoria,m1_0.nombre,m1_0.semestre_referencial,m1_0.tarifa_hora from materias m1_0 order by m1_0.categoria,m1_0.nombre
Hibernate: select pt1_0.id,pt1_0.calificacion_promedio,pt1_0.descripcion,pt1_0.deuda_pendiente,pt1_0.semestre,pt1_0.usuario_id,pt1_0.verificado,pt1_0.visible from perfiles_tutor pt1_0 where pt1_0.verificado=true and pt1_0.visible=true order by pt1_0.calificacion_promedio desc fetch first ? rows only
2026-06-14T22:22:39.532-05:00 ERROR 29908 --- [Tutomatch] [nio-8080-exec-6] org.thymeleaf.TemplateEngine             : [THYMELEAF][http-nio-8080-exec-6] Exception processing template "home": An error happened during template parsing (template: "class path resource [templates/home.html]")

org.thymeleaf.exceptions.TemplateInputException: An error happened during template parsing (template: "class path resource [templates/home.html]")
	at org.thymeleaf.templateparser.markup.AbstractMarkupTemplateParser.parse(AbstractMarkupTemplateParser.java:241) ~[thymeleaf-3.1.5.RELEASE.jar:3.1.5.RELEASE]
	at org.thymeleaf.templateparser.markup.AbstractMarkupTemplateParser.parseStandalone(AbstractMarkupTemplateParser.java:100) ~[thymeleaf-3.1.5.RELEASE.jar:3.1.5.RELEASE]
	at org.thymeleaf.engine.TemplateManager.parseAndProcess(TemplateManager.java:666) ~[thymeleaf-3.1.5.RELEASE.jar:3.1.5.RELEASE]
	at org.thymeleaf.TemplateEngine.process(TemplateEngine.java:1103) ~[thymeleaf-3.1.5.RELEASE.jar:3.1.5.RELEASE]
	at org.thymeleaf.TemplateEngine.process(TemplateEngine.java:1077) ~[thymeleaf-3.1.5.RELEASE.jar:3.1.5.RELEASE]
	at org.thymeleaf.spring6.view.ThymeleafView.renderFragment(ThymeleafView.java:374) ~[thymeleaf-spring6-3.1.5.RELEASE.jar:3.1.5.RELEASE]
	at org.thymeleaf.spring6.view.ThymeleafView.render(ThymeleafView.java:193) ~[thymeleaf-spring6-3.1.5.RELEASE.jar:3.1.5.RELEASE]
	at org.springframework.web.servlet.DispatcherServlet.render(DispatcherServlet.java:1305) ~[spring-webmvc-7.0.8.jar:7.0.8]
	at org.springframework.web.servlet.DispatcherServlet.processDispatchResult(DispatcherServlet.java:1042) ~[spring-webmvc-7.0.8.jar:7.0.8]
	at org.springframework.web.servlet.DispatcherServlet.doDispatch(DispatcherServlet.java:980) ~[spring-webmvc-7.0.8.jar:7.0.8]
	at org.springframework.web.servlet.DispatcherServlet.doService(DispatcherServlet.java:866) ~[spring-webmvc-7.0.8.jar:7.0.8]
	at org.springframework.web.servlet.FrameworkServlet.processRequest(FrameworkServlet.java:1000) ~[spring-webmvc-7.0.8.jar:7.0.8]
	at org.springframework.web.servlet.FrameworkServlet.doGet(FrameworkServlet.java:892) ~[spring-webmvc-7.0.8.jar:7.0.8]
	at jakarta.servlet.http.HttpServlet.service(HttpServlet.java:622) ~[tomcat-embed-core-11.0.22.jar:6.1]
	at org.springframework.web.servlet.FrameworkServlet.service(FrameworkServlet.java:874) ~[spring-webmvc-7.0.8.jar:7.0.8]
	at jakarta.servlet.http.HttpServlet.service(HttpServlet.java:710) ~[tomcat-embed-core-11.0.22.jar:6.1]
	at org.apache.catalina.core.ApplicationFilterChain.doFilter(ApplicationFilterChain.java:128) ~[tomcat-embed-core-11.0.22.jar:11.0.22]
	at org.apache.tomcat.websocket.server.WsFilter.doFilter(WsFilter.java:53) ~[tomcat-embed-websocket-11.0.22.jar:11.0.22]
	at org.apache.catalina.core.ApplicationFilterChain.doFilter(ApplicationFilterChain.java:107) ~[tomcat-embed-core-11.0.22.jar:11.0.22]
	at org.springframework.web.filter.OncePerRequestFilter.doFilter(OncePerRequestFilter.java:110) ~[spring-web-7.0.8.jar:7.0.8]
	at org.apache.catalina.core.ApplicationFilterChain.doFilter(ApplicationFilterChain.java:107) ~[tomcat-embed-core-11.0.22.jar:11.0.22]
	at org.springframework.web.filter.CompositeFilter$VirtualFilterChain.doFilter(CompositeFilter.java:108) ~[spring-web-7.0.8.jar:7.0.8]
	at org.springframework.security.web.FilterChainProxy.lambda$doFilterInternal$3(FilterChainProxy.java:235) ~[spring-security-web-7.0.6.jar:7.0.6]
	at org.springframework.security.web.FilterChainProxy$VirtualFilterChain.doFilter(FilterChainProxy.java:376) ~[spring-security-web-7.0.6.jar:7.0.6]
	at org.springframework.security.web.access.intercept.AuthorizationFilter.doFilter(AuthorizationFilter.java:101) ~[spring-security-web-7.0.6.jar:7.0.6]
	at org.springframework.security.web.FilterChainProxy$VirtualFilterChain.doFilter(FilterChainProxy.java:385) ~[spring-security-web-7.0.6.jar:7.0.6]
	at org.springframework.security.web.access.ExceptionTranslationFilter.doFilter(ExceptionTranslationFilter.java:126) ~[spring-security-web-7.0.6.jar:7.0.6]
	at org.springframework.security.web.access.ExceptionTranslationFilter.doFilter(ExceptionTranslationFilter.java:120) ~[spring-security-web-7.0.6.jar:7.0.6]
	at org.springframework.security.web.FilterChainProxy$VirtualFilterChain.doFilter(FilterChainProxy.java:385) ~[spring-security-web-7.0.6.jar:7.0.6]
	at org.springframework.security.web.session.SessionManagementFilter.doFilter(SessionManagementFilter.java:132) ~[spring-security-web-7.0.6.jar:7.0.6]
	at org.springframework.security.web.session.SessionManagementFilter.doFilter(SessionManagementFilter.java:86) ~[spring-security-web-7.0.6.jar:7.0.6]
	at org.springframework.security.web.FilterChainProxy$VirtualFilterChain.doFilter(FilterChainProxy.java:385) ~[spring-security-web-7.0.6.jar:7.0.6]
	at org.springframework.security.web.authentication.AnonymousAuthenticationFilter.doFilter(AnonymousAuthenticationFilter.java:100) ~[spring-security-web-7.0.6.jar:7.0.6]
	at org.springframework.security.web.FilterChainProxy$VirtualFilterChain.doFilter(FilterChainProxy.java:385) ~[spring-security-web-7.0.6.jar:7.0.6]
	at org.springframework.security.web.servletapi.SecurityContextHolderAwareRequestFilter.doFilter(SecurityContextHolderAwareRequestFilter.java:181) ~[spring-security-web-7.0.6.jar:7.0.6]
	at org.springframework.security.web.FilterChainProxy$VirtualFilterChain.doFilter(FilterChainProxy.java:385) ~[spring-security-web-7.0.6.jar:7.0.6]
	at org.springframework.security.web.savedrequest.RequestCacheAwareFilter.doFilter(RequestCacheAwareFilter.java:63) ~[spring-security-web-7.0.6.jar:7.0.6]
	at org.springframework.security.web.FilterChainProxy$VirtualFilterChain.doFilter(FilterChainProxy.java:385) ~[spring-security-web-7.0.6.jar:7.0.6]
	at com.uce.Tutomatch.security.JwtAuthenticationFilter.doFilterInternal(JwtAuthenticationFilter.java:61) ~[classes/:na]
	at org.springframework.web.filter.OncePerRequestFilter.doFilter(OncePerRequestFilter.java:116) ~[spring-web-7.0.8.jar:7.0.8]
	at org.springframework.security.web.FilterChainProxy$VirtualFilterChain.doFilter(FilterChainProxy.java:385) ~[spring-security-web-7.0.6.jar:7.0.6]
	at org.springframework.security.web.authentication.logout.LogoutFilter.doFilter(LogoutFilter.java:110) ~[spring-security-web-7.0.6.jar:7.0.6]
	at org.springframework.security.web.authentication.logout.LogoutFilter.doFilter(LogoutFilter.java:96) ~[spring-security-web-7.0.6.jar:7.0.6]
	at org.springframework.security.web.FilterChainProxy$VirtualFilterChain.doFilter(FilterChainProxy.java:385) ~[spring-security-web-7.0.6.jar:7.0.6]
	at org.springframework.security.web.header.HeaderWriterFilter.doHeadersAfter(HeaderWriterFilter.java:90) ~[spring-security-web-7.0.6.jar:7.0.6]
	at org.springframework.security.web.header.HeaderWriterFilter.doFilterInternal(HeaderWriterFilter.java:75) ~[spring-security-web-7.0.6.jar:7.0.6]
	at org.springframework.web.filter.OncePerRequestFilter.doFilter(OncePerRequestFilter.java:116) ~[spring-web-7.0.8.jar:7.0.8]
	at org.springframework.security.web.FilterChainProxy$VirtualFilterChain.doFilter(FilterChainProxy.java:385) ~[spring-security-web-7.0.6.jar:7.0.6]
	at org.springframework.security.web.context.SecurityContextHolderFilter.doFilter(SecurityContextHolderFilter.java:82) ~[spring-security-web-7.0.6.jar:7.0.6]
	at org.springframework.security.web.context.SecurityContextHolderFilter.doFilter(SecurityContextHolderFilter.java:69) ~[spring-security-web-7.0.6.jar:7.0.6]
	at org.springframework.security.web.FilterChainProxy$VirtualFilterChain.doFilter(FilterChainProxy.java:385) ~[spring-security-web-7.0.6.jar:7.0.6]
	at org.springframework.security.web.context.request.async.WebAsyncManagerIntegrationFilter.doFilterInternal(WebAsyncManagerIntegrationFilter.java:62) ~[spring-security-web-7.0.6.jar:7.0.6]
	at org.springframework.web.filter.OncePerRequestFilter.doFilter(OncePerRequestFilter.java:116) ~[spring-web-7.0.8.jar:7.0.8]
	at org.springframework.security.web.FilterChainProxy$VirtualFilterChain.doFilter(FilterChainProxy.java:385) ~[spring-security-web-7.0.6.jar:7.0.6]
	at org.springframework.security.web.session.DisableEncodeUrlFilter.doFilterInternal(DisableEncodeUrlFilter.java:42) ~[spring-security-web-7.0.6.jar:7.0.6]
	at org.springframework.web.filter.OncePerRequestFilter.doFilter(OncePerRequestFilter.java:116) ~[spring-web-7.0.8.jar:7.0.8]
	at org.springframework.security.web.FilterChainProxy$VirtualFilterChain.doFilter(FilterChainProxy.java:385) ~[spring-security-web-7.0.6.jar:7.0.6]
	at org.springframework.security.web.FilterChainProxy.doFilterInternal(FilterChainProxy.java:237) ~[spring-security-web-7.0.6.jar:7.0.6]
	at org.springframework.security.web.FilterChainProxy.doFilter(FilterChainProxy.java:195) ~[spring-security-web-7.0.6.jar:7.0.6]
	at org.springframework.web.filter.CompositeFilter$VirtualFilterChain.doFilter(CompositeFilter.java:113) ~[spring-web-7.0.8.jar:7.0.8]
	at org.springframework.web.filter.ServletRequestPathFilter.doFilter(ServletRequestPathFilter.java:52) ~[spring-web-7.0.8.jar:7.0.8]
	at org.springframework.web.filter.CompositeFilter$VirtualFilterChain.doFilter(CompositeFilter.java:113) ~[spring-web-7.0.8.jar:7.0.8]
	at org.springframework.web.filter.CompositeFilter.doFilter(CompositeFilter.java:74) ~[spring-web-7.0.8.jar:7.0.8]
	at org.springframework.security.config.annotation.web.configuration.WebSecurityConfiguration$CompositeFilterChainProxy.doFilter(WebSecurityConfiguration.java:317) ~[spring-security-config-7.0.6.jar:7.0.6]
	at org.springframework.web.filter.DelegatingFilterProxy.invokeDelegate(DelegatingFilterProxy.java:355) ~[spring-web-7.0.8.jar:7.0.8]
	at org.springframework.web.filter.DelegatingFilterProxy.doFilter(DelegatingFilterProxy.java:272) ~[spring-web-7.0.8.jar:7.0.8]
	at org.apache.catalina.core.ApplicationFilterChain.doFilter(ApplicationFilterChain.java:107) ~[tomcat-embed-core-11.0.22.jar:11.0.22]
	at org.springframework.web.filter.RequestContextFilter.doFilterInternal(RequestContextFilter.java:100) ~[spring-web-7.0.8.jar:7.0.8]
	at org.springframework.web.filter.OncePerRequestFilter.doFilter(OncePerRequestFilter.java:116) ~[spring-web-7.0.8.jar:7.0.8]
	at org.apache.catalina.core.ApplicationFilterChain.doFilter(ApplicationFilterChain.java:107) ~[tomcat-embed-core-11.0.22.jar:11.0.22]
	at org.springframework.web.filter.FormContentFilter.doFilterInternal(FormContentFilter.java:93) ~[spring-web-7.0.8.jar:7.0.8]
	at org.springframework.web.filter.OncePerRequestFilter.doFilter(OncePerRequestFilter.java:116) ~[spring-web-7.0.8.jar:7.0.8]
	at org.apache.catalina.core.ApplicationFilterChain.doFilter(ApplicationFilterChain.java:107) ~[tomcat-embed-core-11.0.22.jar:11.0.22]
	at org.springframework.web.filter.CharacterEncodingFilter.doFilterInternal(CharacterEncodingFilter.java:199) ~[spring-web-7.0.8.jar:7.0.8]
	at org.springframework.web.filter.OncePerRequestFilter.doFilter(OncePerRequestFilter.java:116) ~[spring-web-7.0.8.jar:7.0.8]
	at org.apache.catalina.core.ApplicationFilterChain.doFilter(ApplicationFilterChain.java:107) ~[tomcat-embed-core-11.0.22.jar:11.0.22]
	at org.apache.catalina.core.StandardWrapperValve.invoke(StandardWrapperValve.java:165) ~[tomcat-embed-core-11.0.22.jar:11.0.22]
	at org.apache.catalina.core.StandardContextValve.invoke(StandardContextValve.java:77) ~[tomcat-embed-core-11.0.22.jar:11.0.22]
	at org.apache.catalina.authenticator.AuthenticatorBase.invoke(AuthenticatorBase.java:492) ~[tomcat-embed-core-11.0.22.jar:11.0.22]
	at org.apache.catalina.core.StandardHostValve.invoke(StandardHostValve.java:113) ~[tomcat-embed-core-11.0.22.jar:11.0.22]
	at org.apache.catalina.valves.ErrorReportValve.invoke(ErrorReportValve.java:83) ~[tomcat-embed-core-11.0.22.jar:11.0.22]
	at org.apache.catalina.core.StandardEngineValve.invoke(StandardEngineValve.java:72) ~[tomcat-embed-core-11.0.22.jar:11.0.22]
	at org.apache.catalina.connector.CoyoteAdapter.service(CoyoteAdapter.java:341) ~[tomcat-embed-core-11.0.22.jar:11.0.22]
	at org.apache.coyote.http11.Http11Processor.service(Http11Processor.java:397) ~[tomcat-embed-core-11.0.22.jar:11.0.22]
	at org.apache.coyote.AbstractProcessorLight.process(AbstractProcessorLight.java:63) ~[tomcat-embed-core-11.0.22.jar:11.0.22]
	at org.apache.coyote.AbstractProtocol$ConnectionHandler.process(AbstractProtocol.java:1272) ~[tomcat-embed-core-11.0.22.jar:11.0.22]
	at org.apache.tomcat.util.net.NioEndpoint$SocketProcessor.doRun(NioEndpoint.java:1801) ~[tomcat-embed-core-11.0.22.jar:11.0.22]
	at org.apache.tomcat.util.net.SocketProcessorBase.run(SocketProcessorBase.java:52) ~[tomcat-embed-core-11.0.22.jar:11.0.22]
	at org.apache.tomcat.util.threads.ThreadPoolExecutor.runWorker(ThreadPoolExecutor.java:946) ~[tomcat-embed-core-11.0.22.jar:11.0.22]
	at org.apache.tomcat.util.threads.ThreadPoolExecutor$Worker.run(ThreadPoolExecutor.java:480) ~[tomcat-embed-core-11.0.22.jar:11.0.22]
	at org.apache.tomcat.util.threads.TaskThread$WrappingRunnable.run(TaskThread.java:57) ~[tomcat-embed-core-11.0.22.jar:11.0.22]
	at java.base/java.lang.Thread.run(Thread.java:1575) ~[na:na]
Caused by: org.attoparser.ParseException: Fragment '~{fragments/head :: head(${pageTitle})}' specifies synthetic (unnamed) parameters, but the resolved fragment does not match a fragment signature (th:fragment,data-th-fragment) which could apply names to the specified parameters. (template: "layout" - line 6, col 15)
	at org.attoparser.MarkupParser.parseDocument(MarkupParser.java:393) ~[attoparser-2.0.7.RELEASE.jar:2.0.7.RELEASE]
	at org.attoparser.MarkupParser.parse(MarkupParser.java:257) ~[attoparser-2.0.7.RELEASE.jar:2.0.7.RELEASE]
	at org.thymeleaf.templateparser.markup.AbstractMarkupTemplateParser.parse(AbstractMarkupTemplateParser.java:230) ~[thymeleaf-3.1.5.RELEASE.jar:3.1.5.RELEASE]
	... 91 common frames omitted
Caused by: org.thymeleaf.exceptions.TemplateProcessingException: Fragment '~{fragments/head :: head(${pageTitle})}' specifies synthetic (unnamed) parameters, but the resolved fragment does not match a fragment signature (th:fragment,data-th-fragment) which could apply names to the specified parameters. (template: "layout" - line 6, col 15)
	at org.thymeleaf.standard.processor.AbstractStandardFragmentInsertionTagProcessor.doProcess(AbstractStandardFragmentInsertionTagProcessor.java:208) ~[thymeleaf-3.1.5.RELEASE.jar:3.1.5.RELEASE]
	at org.thymeleaf.processor.element.AbstractAttributeTagProcessor.doProcess(AbstractAttributeTagProcessor.java:74) ~[thymeleaf-3.1.5.RELEASE.jar:3.1.5.RELEASE]
	at org.thymeleaf.processor.element.AbstractElementTagProcessor.process(AbstractElementTagProcessor.java:95) ~[thymeleaf-3.1.5.RELEASE.jar:3.1.5.RELEASE]
	at org.thymeleaf.util.ProcessorConfigurationUtils$ElementTagProcessorWrapper.process(ProcessorConfigurationUtils.java:633) ~[thymeleaf-3.1.5.RELEASE.jar:3.1.5.RELEASE]
	at org.thymeleaf.engine.ProcessorTemplateHandler.handleStandaloneElement(ProcessorTemplateHandler.java:918) ~[thymeleaf-3.1.5.RELEASE.jar:3.1.5.RELEASE]
	at org.thymeleaf.engine.StandaloneElementTag.beHandled(StandaloneElementTag.java:228) ~[thymeleaf-3.1.5.RELEASE.jar:3.1.5.RELEASE]
	at org.thymeleaf.engine.Model.process(Model.java:282) ~[thymeleaf-3.1.5.RELEASE.jar:3.1.5.RELEASE]
	at org.thymeleaf.engine.ProcessorTemplateHandler.handleOpenElement(ProcessorTemplateHandler.java:1587) ~[thymeleaf-3.1.5.RELEASE.jar:3.1.5.RELEASE]
	at org.thymeleaf.engine.OpenElementTag.beHandled(OpenElementTag.java:205) ~[thymeleaf-3.1.5.RELEASE.jar:3.1.5.RELEASE]
	at org.thymeleaf.engine.Model.process(Model.java:282) ~[thymeleaf-3.1.5.RELEASE.jar:3.1.5.RELEASE]
	at org.thymeleaf.engine.Model.process(Model.java:290) ~[thymeleaf-3.1.5.RELEASE.jar:3.1.5.RELEASE]
	at org.thymeleaf.engine.GatheringModelProcessable.process(GatheringModelProcessable.java:78) ~[thymeleaf-3.1.5.RELEASE.jar:3.1.5.RELEASE]
	at org.thymeleaf.engine.ProcessorTemplateHandler.handleCloseElement(ProcessorTemplateHandler.java:1640) ~[thymeleaf-3.1.5.RELEASE.jar:3.1.5.RELEASE]
	at org.thymeleaf.engine.TemplateHandlerAdapterMarkupHandler.handleCloseElementEnd(TemplateHandlerAdapterMarkupHandler.java:388) ~[thymeleaf-3.1.5.RELEASE.jar:3.1.5.RELEASE]
	at org.thymeleaf.templateparser.markup.InlinedOutputExpressionMarkupHandler$InlineMarkupAdapterPreProcessorHandler.handleCloseElementEnd(InlinedOutputExpressionMarkupHandler.java:322) ~[thymeleaf-3.1.5.RELEASE.jar:3.1.5.RELEASE]
	at org.thymeleaf.standard.inline.OutputExpressionInlinePreProcessorHandler.handleCloseElementEnd(OutputExpressionInlinePreProcessorHandler.java:220) ~[thymeleaf-3.1.5.RELEASE.jar:3.1.5.RELEASE]
	at org.thymeleaf.templateparser.markup.InlinedOutputExpressionMarkupHandler.handleCloseElementEnd(InlinedOutputExpressionMarkupHandler.java:164) ~[thymeleaf-3.1.5.RELEASE.jar:3.1.5.RELEASE]
	at org.attoparser.HtmlElement.handleCloseElementEnd(HtmlElement.java:169) ~[attoparser-2.0.7.RELEASE.jar:2.0.7.RELEASE]
	at org.attoparser.HtmlMarkupHandler.handleCloseElementEnd(HtmlMarkupHandler.java:412) ~[attoparser-2.0.7.RELEASE.jar:2.0.7.RELEASE]
	at org.attoparser.MarkupEventProcessorHandler.handleCloseElementEnd(MarkupEventProcessorHandler.java:473) ~[attoparser-2.0.7.RELEASE.jar:2.0.7.RELEASE]
	at org.attoparser.ParsingElementMarkupUtil.parseCloseElement(ParsingElementMarkupUtil.java:201) ~[attoparser-2.0.7.RELEASE.jar:2.0.7.RELEASE]
	at org.attoparser.MarkupParser.parseBuffer(MarkupParser.java:725) ~[attoparser-2.0.7.RELEASE.jar:2.0.7.RELEASE]
	at org.attoparser.MarkupParser.parseDocument(MarkupParser.java:301) ~[attoparser-2.0.7.RELEASE.jar:2.0.7.RELEASE]
	... 93 common frames omitted

2026-06-14T22:22:39.573-05:00 ERROR 29908 --- [Tutomatch] [nio-8080-exec-6] o.a.c.c.C.[.[.[/].[dispatcherServlet]    : Servlet.service() for servlet [dispatcherServlet] in context with path [] threw exception [Request processing failed: org.thymeleaf.exceptions.TemplateInputException: An error happened during template parsing (template: "class path resource [templates/home.html]")] with root cause

org.thymeleaf.exceptions.TemplateProcessingException: Fragment '~{fragments/head :: head(${pageTitle})}' specifies synthetic (unnamed) parameters, but the resolved fragment does not match a fragment signature (th:fragment,data-th-fragment) which could apply names to the specified parameters. (template: "layout" - line 6, col 15)
	at org.thymeleaf.standard.processor.AbstractStandardFragmentInsertionTagProcessor.doProcess(AbstractStandardFragmentInsertionTagProcessor.java:208) ~[thymeleaf-3.1.5.RELEASE.jar:3.1.5.RELEASE]
	at org.thymeleaf.processor.element.AbstractAttributeTagProcessor.doProcess(AbstractAttributeTagProcessor.java:74) ~[thymeleaf-3.1.5.RELEASE.jar:3.1.5.RELEASE]
	at org.thymeleaf.processor.element.AbstractElementTagProcessor.process(AbstractElementTagProcessor.java:95) ~[thymeleaf-3.1.5.RELEASE.jar:3.1.5.RELEASE]
	at org.thymeleaf.util.ProcessorConfigurationUtils$ElementTagProcessorWrapper.process(ProcessorConfigurationUtils.java:633) ~[thymeleaf-3.1.5.RELEASE.jar:3.1.5.RELEASE]
	at org.thymeleaf.engine.ProcessorTemplateHandler.handleStandaloneElement(ProcessorTemplateHandler.java:918) ~[thymeleaf-3.1.5.RELEASE.jar:3.1.5.RELEASE]
	at org.thymeleaf.engine.StandaloneElementTag.beHandled(StandaloneElementTag.java:228) ~[thymeleaf-3.1.5.RELEASE.jar:3.1.5.RELEASE]
	at org.thymeleaf.engine.Model.process(Model.java:282) ~[thymeleaf-3.1.5.RELEASE.jar:3.1.5.RELEASE]
	at org.thymeleaf.engine.ProcessorTemplateHandler.handleOpenElement(ProcessorTemplateHandler.java:1587) ~[thymeleaf-3.1.5.RELEASE.jar:3.1.5.RELEASE]
	at org.thymeleaf.engine.OpenElementTag.beHandled(OpenElementTag.java:205) ~[thymeleaf-3.1.5.RELEASE.jar:3.1.5.RELEASE]
	at org.thymeleaf.engine.Model.process(Model.java:282) ~[thymeleaf-3.1.5.RELEASE.jar:3.1.5.RELEASE]
	at org.thymeleaf.engine.Model.process(Model.java:290) ~[thymeleaf-3.1.5.RELEASE.jar:3.1.5.RELEASE]
	at org.thymeleaf.engine.GatheringModelProcessable.process(GatheringModelProcessable.java:78) ~[thymeleaf-3.1.5.RELEASE.jar:3.1.5.RELEASE]
	at org.thymeleaf.engine.ProcessorTemplateHandler.handleCloseElement(ProcessorTemplateHandler.java:1640) ~[thymeleaf-3.1.5.RELEASE.jar:3.1.5.RELEASE]
	at org.thymeleaf.engine.TemplateHandlerAdapterMarkupHandler.handleCloseElementEnd(TemplateHandlerAdapterMarkupHandler.java:388) ~[thymeleaf-3.1.5.RELEASE.jar:3.1.5.RELEASE]
	at org.thymeleaf.templateparser.markup.InlinedOutputExpressionMarkupHandler$InlineMarkupAdapterPreProcessorHandler.handleCloseElementEnd(InlinedOutputExpressionMarkupHandler.java:322) ~[thymeleaf-3.1.5.RELEASE.jar:3.1.5.RELEASE]
	at org.thymeleaf.standard.inline.OutputExpressionInlinePreProcessorHandler.handleCloseElementEnd(OutputExpressionInlinePreProcessorHandler.java:220) ~[thymeleaf-3.1.5.RELEASE.jar:3.1.5.RELEASE]
	at org.thymeleaf.templateparser.markup.InlinedOutputExpressionMarkupHandler.handleCloseElementEnd(InlinedOutputExpressionMarkupHandler.java:164) ~[thymeleaf-3.1.5.RELEASE.jar:3.1.5.RELEASE]
	at org.attoparser.HtmlElement.handleCloseElementEnd(HtmlElement.java:169) ~[attoparser-2.0.7.RELEASE.jar:2.0.7.RELEASE]
	at org.attoparser.HtmlMarkupHandler.handleCloseElementEnd(HtmlMarkupHandler.java:412) ~[attoparser-2.0.7.RELEASE.jar:2.0.7.RELEASE]
	at org.attoparser.MarkupEventProcessorHandler.handleCloseElementEnd(MarkupEventProcessorHandler.java:473) ~[attoparser-2.0.7.RELEASE.jar:2.0.7.RELEASE]
	at org.attoparser.ParsingElementMarkupUtil.parseCloseElement(ParsingElementMarkupUtil.java:201) ~[attoparser-2.0.7.RELEASE.jar:2.0.7.RELEASE]
	at org.attoparser.MarkupParser.parseBuffer(MarkupParser.java:725) ~[attoparser-2.0.7.RELEASE.jar:2.0.7.RELEASE]
	at org.attoparser.MarkupParser.parseDocument(MarkupParser.java:301) ~[attoparser-2.0.7.RELEASE.jar:2.0.7.RELEASE]
	at org.attoparser.MarkupParser.parse(MarkupParser.java:257) ~[attoparser-2.0.7.RELEASE.jar:2.0.7.RELEASE]
	at org.thymeleaf.templateparser.markup.AbstractMarkupTemplateParser.parse(AbstractMarkupTemplateParser.java:230) ~[thymeleaf-3.1.5.RELEASE.jar:3.1.5.RELEASE]
	at org.thymeleaf.templateparser.markup.AbstractMarkupTemplateParser.parseStandalone(AbstractMarkupTemplateParser.java:100) ~[thymeleaf-3.1.5.RELEASE.jar:3.1.5.RELEASE]
	at org.thymeleaf.engine.TemplateManager.parseAndProcess(TemplateManager.java:666) ~[thymeleaf-3.1.5.RELEASE.jar:3.1.5.RELEASE]
	at org.thymeleaf.TemplateEngine.process(TemplateEngine.java:1103) ~[thymeleaf-3.1.5.RELEASE.jar:3.1.5.RELEASE]
	at org.thymeleaf.TemplateEngine.process(TemplateEngine.java:1077) ~[thymeleaf-3.1.5.RELEASE.jar:3.1.5.RELEASE]
	at org.thymeleaf.spring6.view.ThymeleafView.renderFragment(ThymeleafView.java:374) ~[thymeleaf-spring6-3.1.5.RELEASE.jar:3.1.5.RELEASE]
	at org.thymeleaf.spring6.view.ThymeleafView.render(ThymeleafView.java:193) ~[thymeleaf-spring6-3.1.5.RELEASE.jar:3.1.5.RELEASE]
	at org.springframework.web.servlet.DispatcherServlet.render(DispatcherServlet.java:1305) ~[spring-webmvc-7.0.8.jar:7.0.8]
	at org.springframework.web.servlet.DispatcherServlet.processDispatchResult(DispatcherServlet.java:1042) ~[spring-webmvc-7.0.8.jar:7.0.8]
	at org.springframework.web.servlet.DispatcherServlet.doDispatch(DispatcherServlet.java:980) ~[spring-webmvc-7.0.8.jar:7.0.8]
	at org.springframework.web.servlet.DispatcherServlet.doService(DispatcherServlet.java:866) ~[spring-webmvc-7.0.8.jar:7.0.8]
	at org.springframework.web.servlet.FrameworkServlet.processRequest(FrameworkServlet.java:1000) ~[spring-webmvc-7.0.8.jar:7.0.8]
	at org.springframework.web.servlet.FrameworkServlet.doGet(FrameworkServlet.java:892) ~[spring-webmvc-7.0.8.jar:7.0.8]
	at jakarta.servlet.http.HttpServlet.service(HttpServlet.java:622) ~[tomcat-embed-core-11.0.22.jar:6.1]
	at org.springframework.web.servlet.FrameworkServlet.service(FrameworkServlet.java:874) ~[spring-webmvc-7.0.8.jar:7.0.8]
	at jakarta.servlet.http.HttpServlet.service(HttpServlet.java:710) ~[tomcat-embed-core-11.0.22.jar:6.1]
	at org.apache.catalina.core.ApplicationFilterChain.doFilter(ApplicationFilterChain.java:128) ~[tomcat-embed-core-11.0.22.jar:11.0.22]
	at org.apache.tomcat.websocket.server.WsFilter.doFilter(WsFilter.java:53) ~[tomcat-embed-websocket-11.0.22.jar:11.0.22]
	at org.apache.catalina.core.ApplicationFilterChain.doFilter(ApplicationFilterChain.java:107) ~[tomcat-embed-core-11.0.22.jar:11.0.22]
	at org.springframework.web.filter.OncePerRequestFilter.doFilter(OncePerRequestFilter.java:110) ~[spring-web-7.0.8.jar:7.0.8]
	at org.apache.catalina.core.ApplicationFilterChain.doFilter(ApplicationFilterChain.java:107) ~[tomcat-embed-core-11.0.22.jar:11.0.22]
	at org.springframework.web.filter.CompositeFilter$VirtualFilterChain.doFilter(CompositeFilter.java:108) ~[spring-web-7.0.8.jar:7.0.8]
	at org.springframework.security.web.FilterChainProxy.lambda$doFilterInternal$3(FilterChainProxy.java:235) ~[spring-security-web-7.0.6.jar:7.0.6]
	at org.springframework.security.web.FilterChainProxy$VirtualFilterChain.doFilter(FilterChainProxy.java:376) ~[spring-security-web-7.0.6.jar:7.0.6]
	at org.springframework.security.web.access.intercept.AuthorizationFilter.doFilter(AuthorizationFilter.java:101) ~[spring-security-web-7.0.6.jar:7.0.6]
	at org.springframework.security.web.FilterChainProxy$VirtualFilterChain.doFilter(FilterChainProxy.java:385) ~[spring-security-web-7.0.6.jar:7.0.6]
	at org.springframework.security.web.access.ExceptionTranslationFilter.doFilter(ExceptionTranslationFilter.java:126) ~[spring-security-web-7.0.6.jar:7.0.6]
	at org.springframework.security.web.access.ExceptionTranslationFilter.doFilter(ExceptionTranslationFilter.java:120) ~[spring-security-web-7.0.6.jar:7.0.6]
	at org.springframework.security.web.FilterChainProxy$VirtualFilterChain.doFilter(FilterChainProxy.java:385) ~[spring-security-web-7.0.6.jar:7.0.6]
	at org.springframework.security.web.session.SessionManagementFilter.doFilter(SessionManagementFilter.java:132) ~[spring-security-web-7.0.6.jar:7.0.6]
	at org.springframework.security.web.session.SessionManagementFilter.doFilter(SessionManagementFilter.java:86) ~[spring-security-web-7.0.6.jar:7.0.6]
	at org.springframework.security.web.FilterChainProxy$VirtualFilterChain.doFilter(FilterChainProxy.java:385) ~[spring-security-web-7.0.6.jar:7.0.6]
	at org.springframework.security.web.authentication.AnonymousAuthenticationFilter.doFilter(AnonymousAuthenticationFilter.java:100) ~[spring-security-web-7.0.6.jar:7.0.6]
	at org.springframework.security.web.FilterChainProxy$VirtualFilterChain.doFilter(FilterChainProxy.java:385) ~[spring-security-web-7.0.6.jar:7.0.6]
	at org.springframework.security.web.servletapi.SecurityContextHolderAwareRequestFilter.doFilter(SecurityContextHolderAwareRequestFilter.java:181) ~[spring-security-web-7.0.6.jar:7.0.6]
	at org.springframework.security.web.FilterChainProxy$VirtualFilterChain.doFilter(FilterChainProxy.java:385) ~[spring-security-web-7.0.6.jar:7.0.6]
	at org.springframework.security.web.savedrequest.RequestCacheAwareFilter.doFilter(RequestCacheAwareFilter.java:63) ~[spring-security-web-7.0.6.jar:7.0.6]
	at org.springframework.security.web.FilterChainProxy$VirtualFilterChain.doFilter(FilterChainProxy.java:385) ~[spring-security-web-7.0.6.jar:7.0.6]
	at com.uce.Tutomatch.security.JwtAuthenticationFilter.doFilterInternal(JwtAuthenticationFilter.java:61) ~[classes/:na]
	at org.springframework.web.filter.OncePerRequestFilter.doFilter(OncePerRequestFilter.java:116) ~[spring-web-7.0.8.jar:7.0.8]
	at org.springframework.security.web.FilterChainProxy$VirtualFilterChain.doFilter(FilterChainProxy.java:385) ~[spring-security-web-7.0.6.jar:7.0.6]
	at org.springframework.security.web.authentication.logout.LogoutFilter.doFilter(LogoutFilter.java:110) ~[spring-security-web-7.0.6.jar:7.0.6]
	at org.springframework.security.web.authentication.logout.LogoutFilter.doFilter(LogoutFilter.java:96) ~[spring-security-web-7.0.6.jar:7.0.6]
	at org.springframework.security.web.FilterChainProxy$VirtualFilterChain.doFilter(FilterChainProxy.java:385) ~[spring-security-web-7.0.6.jar:7.0.6]
	at org.springframework.security.web.header.HeaderWriterFilter.doHeadersAfter(HeaderWriterFilter.java:90) ~[spring-security-web-7.0.6.jar:7.0.6]
	at org.springframework.security.web.header.HeaderWriterFilter.doFilterInternal(HeaderWriterFilter.java:75) ~[spring-security-web-7.0.6.jar:7.0.6]
	at org.springframework.web.filter.OncePerRequestFilter.doFilter(OncePerRequestFilter.java:116) ~[spring-web-7.0.8.jar:7.0.8]
	at org.springframework.security.web.FilterChainProxy$VirtualFilterChain.doFilter(FilterChainProxy.java:385) ~[spring-security-web-7.0.6.jar:7.0.6]
	at org.springframework.security.web.context.SecurityContextHolderFilter.doFilter(SecurityContextHolderFilter.java:82) ~[spring-security-web-7.0.6.jar:7.0.6]
	at org.springframework.security.web.context.SecurityContextHolderFilter.doFilter(SecurityContextHolderFilter.java:69) ~[spring-security-web-7.0.6.jar:7.0.6]
	at org.springframework.security.web.FilterChainProxy$VirtualFilterChain.doFilter(FilterChainProxy.java:385) ~[spring-security-web-7.0.6.jar:7.0.6]
	at org.springframework.security.web.context.request.async.WebAsyncManagerIntegrationFilter.doFilterInternal(WebAsyncManagerIntegrationFilter.java:62) ~[spring-security-web-7.0.6.jar:7.0.6]
	at org.springframework.web.filter.OncePerRequestFilter.doFilter(OncePerRequestFilter.java:116) ~[spring-web-7.0.8.jar:7.0.8]
	at org.springframework.security.web.FilterChainProxy$VirtualFilterChain.doFilter(FilterChainProxy.java:385) ~[spring-security-web-7.0.6.jar:7.0.6]
	at org.springframework.security.web.session.DisableEncodeUrlFilter.doFilterInternal(DisableEncodeUrlFilter.java:42) ~[spring-security-web-7.0.6.jar:7.0.6]
	at org.springframework.web.filter.OncePerRequestFilter.doFilter(OncePerRequestFilter.java:116) ~[spring-web-7.0.8.jar:7.0.8]
	at org.springframework.security.web.FilterChainProxy$VirtualFilterChain.doFilter(FilterChainProxy.java:385) ~[spring-security-web-7.0.6.jar:7.0.6]
	at org.springframework.security.web.FilterChainProxy.doFilterInternal(FilterChainProxy.java:237) ~[spring-security-web-7.0.6.jar:7.0.6]
	at org.springframework.security.web.FilterChainProxy.doFilter(FilterChainProxy.java:195) ~[spring-security-web-7.0.6.jar:7.0.6]
	at org.springframework.web.filter.CompositeFilter$VirtualFilterChain.doFilter(CompositeFilter.java:113) ~[spring-web-7.0.8.jar:7.0.8]
	at org.springframework.web.filter.ServletRequestPathFilter.doFilter(ServletRequestPathFilter.java:52) ~[spring-web-7.0.8.jar:7.0.8]
	at org.springframework.web.filter.CompositeFilter$VirtualFilterChain.doFilter(CompositeFilter.java:113) ~[spring-web-7.0.8.jar:7.0.8]
	at org.springframework.web.filter.CompositeFilter.doFilter(CompositeFilter.java:74) ~[spring-web-7.0.8.jar:7.0.8]
	at org.springframework.security.config.annotation.web.configuration.WebSecurityConfiguration$CompositeFilterChainProxy.doFilter(WebSecurityConfiguration.java:317) ~[spring-security-config-7.0.6.jar:7.0.6]
	at org.springframework.web.filter.DelegatingFilterProxy.invokeDelegate(DelegatingFilterProxy.java:355) ~[spring-web-7.0.8.jar:7.0.8]
	at org.springframework.web.filter.DelegatingFilterProxy.doFilter(DelegatingFilterProxy.java:272) ~[spring-web-7.0.8.jar:7.0.8]
	at org.apache.catalina.core.ApplicationFilterChain.doFilter(ApplicationFilterChain.java:107) ~[tomcat-embed-core-11.0.22.jar:11.0.22]
	at org.springframework.web.filter.RequestContextFilter.doFilterInternal(RequestContextFilter.java:100) ~[spring-web-7.0.8.jar:7.0.8]
	at org.springframework.web.filter.OncePerRequestFilter.doFilter(OncePerRequestFilter.java:116) ~[spring-web-7.0.8.jar:7.0.8]
	at org.apache.catalina.core.ApplicationFilterChain.doFilter(ApplicationFilterChain.java:107) ~[tomcat-embed-core-11.0.22.jar:11.0.22]
	at org.springframework.web.filter.FormContentFilter.doFilterInternal(FormContentFilter.java:93) ~[spring-web-7.0.8.jar:7.0.8]
	at org.springframework.web.filter.OncePerRequestFilter.doFilter(OncePerRequestFilter.java:116) ~[spring-web-7.0.8.jar:7.0.8]
	at org.apache.catalina.core.ApplicationFilterChain.doFilter(ApplicationFilterChain.java:107) ~[tomcat-embed-core-11.0.22.jar:11.0.22]
	at org.springframework.web.filter.CharacterEncodingFilter.doFilterInternal(CharacterEncodingFilter.java:199) ~[spring-web-7.0.8.jar:7.0.8]
	at org.springframework.web.filter.OncePerRequestFilter.doFilter(OncePerRequestFilter.java:116) ~[spring-web-7.0.8.jar:7.0.8]
	at org.apache.catalina.core.ApplicationFilterChain.doFilter(ApplicationFilterChain.java:107) ~[tomcat-embed-core-11.0.22.jar:11.0.22]
	at org.apache.catalina.core.StandardWrapperValve.invoke(StandardWrapperValve.java:165) ~[tomcat-embed-core-11.0.22.jar:11.0.22]
	at org.apache.catalina.core.StandardContextValve.invoke(StandardContextValve.java:77) ~[tomcat-embed-core-11.0.22.jar:11.0.22]
	at org.apache.catalina.authenticator.AuthenticatorBase.invoke(AuthenticatorBase.java:492) ~[tomcat-embed-core-11.0.22.jar:11.0.22]
	at org.apache.catalina.core.StandardHostValve.invoke(StandardHostValve.java:113) ~[tomcat-embed-core-11.0.22.jar:11.0.22]
	at org.apache.catalina.valves.ErrorReportValve.invoke(ErrorReportValve.java:83) ~[tomcat-embed-core-11.0.22.jar:11.0.22]
	at org.apache.catalina.core.StandardEngineValve.invoke(StandardEngineValve.java:72) ~[tomcat-embed-core-11.0.22.jar:11.0.22]
	at org.apache.catalina.connector.CoyoteAdapter.service(CoyoteAdapter.java:341) ~[tomcat-embed-core-11.0.22.jar:11.0.22]
	at org.apache.coyote.http11.Http11Processor.service(Http11Processor.java:397) ~[tomcat-embed-core-11.0.22.jar:11.0.22]
	at org.apache.coyote.AbstractProcessorLight.process(AbstractProcessorLight.java:63) ~[tomcat-embed-core-11.0.22.jar:11.0.22]
	at org.apache.coyote.AbstractProtocol$ConnectionHandler.process(AbstractProtocol.java:1272) ~[tomcat-embed-core-11.0.22.jar:11.0.22]
	at org.apache.tomcat.util.net.NioEndpoint$SocketProcessor.doRun(NioEndpoint.java:1801) ~[tomcat-embed-core-11.0.22.jar:11.0.22]
	at org.apache.tomcat.util.net.SocketProcessorBase.run(SocketProcessorBase.java:52) ~[tomcat-embed-core-11.0.22.jar:11.0.22]
	at org.apache.tomcat.util.threads.ThreadPoolExecutor.runWorker(ThreadPoolExecutor.java:946) ~[tomcat-embed-core-11.0.22.jar:11.0.22]
	at org.apache.tomcat.util.threads.ThreadPoolExecutor$Worker.run(ThreadPoolExecutor.java:480) ~[tomcat-embed-core-11.0.22.jar:11.0.22]
	at org.apache.tomcat.util.threads.TaskThread$WrappingRunnable.run(TaskThread.java:57) ~[tomcat-embed-core-11.0.22.jar:11.0.22]
	at java.base/java.lang.Thread.run(Thread.java:1575) ~[na:na]

Hibernate: select u1_0.id,u1_0.correo_institucional,u1_0.fecha_creacion,u1_0.nombre_completo,u1_0.password_hash,u1_0.rol_admin,u1_0.rol_solicitante,u1_0.rol_tutor from usuarios u1_0 where u1_0.correo_institucional=?
Hibernate: select pt1_0.id,pt1_0.calificacion_promedio,pt1_0.descripcion,pt1_0.deuda_pendiente,pt1_0.semestre,pt1_0.usuario_id,pt1_0.verificado,pt1_0.visible from perfiles_tutor pt1_0 where pt1_0.usuario_id=?
Hibernate: select u1_0.id,u1_0.correo_institucional,u1_0.fecha_creacion,u1_0.nombre_completo,u1_0.password_hash,u1_0.rol_admin,u1_0.rol_solicitante,u1_0.rol_tutor from usuarios u1_0 where u1_0.correo_institucional=?
Hibernate: select pt1_0.id,pt1_0.calificacion_promedio,pt1_0.descripcion,pt1_0.deuda_pendiente,pt1_0.semestre,pt1_0.usuario_id,pt1_0.verificado,pt1_0.visible from perfiles_tutor pt1_0 where pt1_0.usuario_id=?
Hibernate: select m1_0.id,m1_0.categoria,m1_0.nombre,m1_0.semestre_referencial,m1_0.tarifa_hora from materias m1_0 order by m1_0.categoria,m1_0.nombre
Hibernate: select pt1_0.id,pt1_0.calificacion_promedio,pt1_0.descripcion,pt1_0.deuda_pendiente,pt1_0.semestre,pt1_0.usuario_id,pt1_0.verificado,pt1_0.visible from perfiles_tutor pt1_0 where pt1_0.verificado=true and pt1_0.visible=true order by pt1_0.calificacion_promedio desc fetch first ? rows only
2026-06-14T22:22:42.103-05:00 ERROR 29908 --- [Tutomatch] [io-8080-exec-10] org.thymeleaf.TemplateEngine             : [THYMELEAF][http-nio-8080-exec-10] Exception processing template "home": An error happened during template parsing (template: "class path resource [templates/home.html]")

org.thymeleaf.exceptions.TemplateInputException: An error happened during template parsing (template: "class path resource [templates/home.html]")
	at org.thymeleaf.templateparser.markup.AbstractMarkupTemplateParser.parse(AbstractMarkupTemplateParser.java:241) ~[thymeleaf-3.1.5.RELEASE.jar:3.1.5.RELEASE]
	at org.thymeleaf.templateparser.markup.AbstractMarkupTemplateParser.parseStandalone(AbstractMarkupTemplateParser.java:100) ~[thymeleaf-3.1.5.RELEASE.jar:3.1.5.RELEASE]
	at org.thymeleaf.engine.TemplateManager.parseAndProcess(TemplateManager.java:666) ~[thymeleaf-3.1.5.RELEASE.jar:3.1.5.RELEASE]
	at org.thymeleaf.TemplateEngine.process(TemplateEngine.java:1103) ~[thymeleaf-3.1.5.RELEASE.jar:3.1.5.RELEASE]
	at org.thymeleaf.TemplateEngine.process(TemplateEngine.java:1077) ~[thymeleaf-3.1.5.RELEASE.jar:3.1.5.RELEASE]
	at org.thymeleaf.spring6.view.ThymeleafView.renderFragment(ThymeleafView.java:374) ~[thymeleaf-spring6-3.1.5.RELEASE.jar:3.1.5.RELEASE]
	at org.thymeleaf.spring6.view.ThymeleafView.render(ThymeleafView.java:193) ~[thymeleaf-spring6-3.1.5.RELEASE.jar:3.1.5.RELEASE]
	at org.springframework.web.servlet.DispatcherServlet.render(DispatcherServlet.java:1305) ~[spring-webmvc-7.0.8.jar:7.0.8]
	at org.springframework.web.servlet.DispatcherServlet.processDispatchResult(DispatcherServlet.java:1042) ~[spring-webmvc-7.0.8.jar:7.0.8]
	at org.springframework.web.servlet.DispatcherServlet.doDispatch(DispatcherServlet.java:980) ~[spring-webmvc-7.0.8.jar:7.0.8]
	at org.springframework.web.servlet.DispatcherServlet.doService(DispatcherServlet.java:866) ~[spring-webmvc-7.0.8.jar:7.0.8]
	at org.springframework.web.servlet.FrameworkServlet.processRequest(FrameworkServlet.java:1000) ~[spring-webmvc-7.0.8.jar:7.0.8]
	at org.springframework.web.servlet.FrameworkServlet.doGet(FrameworkServlet.java:892) ~[spring-webmvc-7.0.8.jar:7.0.8]
	at jakarta.servlet.http.HttpServlet.service(HttpServlet.java:622) ~[tomcat-embed-core-11.0.22.jar:6.1]
	at org.springframework.web.servlet.FrameworkServlet.service(FrameworkServlet.java:874) ~[spring-webmvc-7.0.8.jar:7.0.8]
	at jakarta.servlet.http.HttpServlet.service(HttpServlet.java:710) ~[tomcat-embed-core-11.0.22.jar:6.1]
	at org.apache.catalina.core.ApplicationFilterChain.doFilter(ApplicationFilterChain.java:128) ~[tomcat-embed-core-11.0.22.jar:11.0.22]
	at org.apache.tomcat.websocket.server.WsFilter.doFilter(WsFilter.java:53) ~[tomcat-embed-websocket-11.0.22.jar:11.0.22]
	at org.apache.catalina.core.ApplicationFilterChain.doFilter(ApplicationFilterChain.java:107) ~[tomcat-embed-core-11.0.22.jar:11.0.22]
	at org.springframework.web.filter.OncePerRequestFilter.doFilter(OncePerRequestFilter.java:110) ~[spring-web-7.0.8.jar:7.0.8]
	at org.apache.catalina.core.ApplicationFilterChain.doFilter(ApplicationFilterChain.java:107) ~[tomcat-embed-core-11.0.22.jar:11.0.22]
	at org.springframework.web.filter.CompositeFilter$VirtualFilterChain.doFilter(CompositeFilter.java:108) ~[spring-web-7.0.8.jar:7.0.8]
	at org.springframework.security.web.FilterChainProxy.lambda$doFilterInternal$3(FilterChainProxy.java:235) ~[spring-security-web-7.0.6.jar:7.0.6]
	at org.springframework.security.web.FilterChainProxy$VirtualFilterChain.doFilter(FilterChainProxy.java:376) ~[spring-security-web-7.0.6.jar:7.0.6]
	at org.springframework.security.web.access.intercept.AuthorizationFilter.doFilter(AuthorizationFilter.java:101) ~[spring-security-web-7.0.6.jar:7.0.6]
	at org.springframework.security.web.FilterChainProxy$VirtualFilterChain.doFilter(FilterChainProxy.java:385) ~[spring-security-web-7.0.6.jar:7.0.6]
	at org.springframework.security.web.access.ExceptionTranslationFilter.doFilter(ExceptionTranslationFilter.java:126) ~[spring-security-web-7.0.6.jar:7.0.6]
	at org.springframework.security.web.access.ExceptionTranslationFilter.doFilter(ExceptionTranslationFilter.java:120) ~[spring-security-web-7.0.6.jar:7.0.6]
	at org.springframework.security.web.FilterChainProxy$VirtualFilterChain.doFilter(FilterChainProxy.java:385) ~[spring-security-web-7.0.6.jar:7.0.6]
	at org.springframework.security.web.session.SessionManagementFilter.doFilter(SessionManagementFilter.java:132) ~[spring-security-web-7.0.6.jar:7.0.6]
	at org.springframework.security.web.session.SessionManagementFilter.doFilter(SessionManagementFilter.java:86) ~[spring-security-web-7.0.6.jar:7.0.6]
	at org.springframework.security.web.FilterChainProxy$VirtualFilterChain.doFilter(FilterChainProxy.java:385) ~[spring-security-web-7.0.6.jar:7.0.6]
	at org.springframework.security.web.authentication.AnonymousAuthenticationFilter.doFilter(AnonymousAuthenticationFilter.java:100) ~[spring-security-web-7.0.6.jar:7.0.6]
	at org.springframework.security.web.FilterChainProxy$VirtualFilterChain.doFilter(FilterChainProxy.java:385) ~[spring-security-web-7.0.6.jar:7.0.6]
	at org.springframework.security.web.servletapi.SecurityContextHolderAwareRequestFilter.doFilter(SecurityContextHolderAwareRequestFilter.java:181) ~[spring-security-web-7.0.6.jar:7.0.6]
	at org.springframework.security.web.FilterChainProxy$VirtualFilterChain.doFilter(FilterChainProxy.java:385) ~[spring-security-web-7.0.6.jar:7.0.6]
	at org.springframework.security.web.savedrequest.RequestCacheAwareFilter.doFilter(RequestCacheAwareFilter.java:63) ~[spring-security-web-7.0.6.jar:7.0.6]
	at org.springframework.security.web.FilterChainProxy$VirtualFilterChain.doFilter(FilterChainProxy.java:385) ~[spring-security-web-7.0.6.jar:7.0.6]
	at com.uce.Tutomatch.security.JwtAuthenticationFilter.doFilterInternal(JwtAuthenticationFilter.java:61) ~[classes/:na]
	at org.springframework.web.filter.OncePerRequestFilter.doFilter(OncePerRequestFilter.java:116) ~[spring-web-7.0.8.jar:7.0.8]
	at org.springframework.security.web.FilterChainProxy$VirtualFilterChain.doFilter(FilterChainProxy.java:385) ~[spring-security-web-7.0.6.jar:7.0.6]
	at org.springframework.security.web.authentication.logout.LogoutFilter.doFilter(LogoutFilter.java:110) ~[spring-security-web-7.0.6.jar:7.0.6]
	at org.springframework.security.web.authentication.logout.LogoutFilter.doFilter(LogoutFilter.java:96) ~[spring-security-web-7.0.6.jar:7.0.6]
	at org.springframework.security.web.FilterChainProxy$VirtualFilterChain.doFilter(FilterChainProxy.java:385) ~[spring-security-web-7.0.6.jar:7.0.6]
	at org.springframework.security.web.header.HeaderWriterFilter.doHeadersAfter(HeaderWriterFilter.java:90) ~[spring-security-web-7.0.6.jar:7.0.6]
	at org.springframework.security.web.header.HeaderWriterFilter.doFilterInternal(HeaderWriterFilter.java:75) ~[spring-security-web-7.0.6.jar:7.0.6]
	at org.springframework.web.filter.OncePerRequestFilter.doFilter(OncePerRequestFilter.java:116) ~[spring-web-7.0.8.jar:7.0.8]
	at org.springframework.security.web.FilterChainProxy$VirtualFilterChain.doFilter(FilterChainProxy.java:385) ~[spring-security-web-7.0.6.jar:7.0.6]
	at org.springframework.security.web.context.SecurityContextHolderFilter.doFilter(SecurityContextHolderFilter.java:82) ~[spring-security-web-7.0.6.jar:7.0.6]
	at org.springframework.security.web.context.SecurityContextHolderFilter.doFilter(SecurityContextHolderFilter.java:69) ~[spring-security-web-7.0.6.jar:7.0.6]
	at org.springframework.security.web.FilterChainProxy$VirtualFilterChain.doFilter(FilterChainProxy.java:385) ~[spring-security-web-7.0.6.jar:7.0.6]
	at org.springframework.security.web.context.request.async.WebAsyncManagerIntegrationFilter.doFilterInternal(WebAsyncManagerIntegrationFilter.java:62) ~[spring-security-web-7.0.6.jar:7.0.6]
	at org.springframework.web.filter.OncePerRequestFilter.doFilter(OncePerRequestFilter.java:116) ~[spring-web-7.0.8.jar:7.0.8]
	at org.springframework.security.web.FilterChainProxy$VirtualFilterChain.doFilter(FilterChainProxy.java:385) ~[spring-security-web-7.0.6.jar:7.0.6]
	at org.springframework.security.web.session.DisableEncodeUrlFilter.doFilterInternal(DisableEncodeUrlFilter.java:42) ~[spring-security-web-7.0.6.jar:7.0.6]
	at org.springframework.web.filter.OncePerRequestFilter.doFilter(OncePerRequestFilter.java:116) ~[spring-web-7.0.8.jar:7.0.8]
	at org.springframework.security.web.FilterChainProxy$VirtualFilterChain.doFilter(FilterChainProxy.java:385) ~[spring-security-web-7.0.6.jar:7.0.6]
	at org.springframework.security.web.FilterChainProxy.doFilterInternal(FilterChainProxy.java:237) ~[spring-security-web-7.0.6.jar:7.0.6]
	at org.springframework.security.web.FilterChainProxy.doFilter(FilterChainProxy.java:195) ~[spring-security-web-7.0.6.jar:7.0.6]
	at org.springframework.web.filter.CompositeFilter$VirtualFilterChain.doFilter(CompositeFilter.java:113) ~[spring-web-7.0.8.jar:7.0.8]
	at org.springframework.web.filter.ServletRequestPathFilter.doFilter(ServletRequestPathFilter.java:52) ~[spring-web-7.0.8.jar:7.0.8]
	at org.springframework.web.filter.CompositeFilter$VirtualFilterChain.doFilter(CompositeFilter.java:113) ~[spring-web-7.0.8.jar:7.0.8]
	at org.springframework.web.filter.CompositeFilter.doFilter(CompositeFilter.java:74) ~[spring-web-7.0.8.jar:7.0.8]
	at org.springframework.security.config.annotation.web.configuration.WebSecurityConfiguration$CompositeFilterChainProxy.doFilter(WebSecurityConfiguration.java:317) ~[spring-security-config-7.0.6.jar:7.0.6]
	at org.springframework.web.filter.DelegatingFilterProxy.invokeDelegate(DelegatingFilterProxy.java:355) ~[spring-web-7.0.8.jar:7.0.8]
	at org.springframework.web.filter.DelegatingFilterProxy.doFilter(DelegatingFilterProxy.java:272) ~[spring-web-7.0.8.jar:7.0.8]
	at org.apache.catalina.core.ApplicationFilterChain.doFilter(ApplicationFilterChain.java:107) ~[tomcat-embed-core-11.0.22.jar:11.0.22]
	at org.springframework.web.filter.RequestContextFilter.doFilterInternal(RequestContextFilter.java:100) ~[spring-web-7.0.8.jar:7.0.8]
	at org.springframework.web.filter.OncePerRequestFilter.doFilter(OncePerRequestFilter.java:116) ~[spring-web-7.0.8.jar:7.0.8]
	at org.apache.catalina.core.ApplicationFilterChain.doFilter(ApplicationFilterChain.java:107) ~[tomcat-embed-core-11.0.22.jar:11.0.22]
	at org.springframework.web.filter.FormContentFilter.doFilterInternal(FormContentFilter.java:93) ~[spring-web-7.0.8.jar:7.0.8]
	at org.springframework.web.filter.OncePerRequestFilter.doFilter(OncePerRequestFilter.java:116) ~[spring-web-7.0.8.jar:7.0.8]
	at org.apache.catalina.core.ApplicationFilterChain.doFilter(ApplicationFilterChain.java:107) ~[tomcat-embed-core-11.0.22.jar:11.0.22]
	at org.springframework.web.filter.CharacterEncodingFilter.doFilterInternal(CharacterEncodingFilter.java:199) ~[spring-web-7.0.8.jar:7.0.8]
	at org.springframework.web.filter.OncePerRequestFilter.doFilter(OncePerRequestFilter.java:116) ~[spring-web-7.0.8.jar:7.0.8]
	at org.apache.catalina.core.ApplicationFilterChain.doFilter(ApplicationFilterChain.java:107) ~[tomcat-embed-core-11.0.22.jar:11.0.22]
	at org.apache.catalina.core.StandardWrapperValve.invoke(StandardWrapperValve.java:165) ~[tomcat-embed-core-11.0.22.jar:11.0.22]
	at org.apache.catalina.core.StandardContextValve.invoke(StandardContextValve.java:77) ~[tomcat-embed-core-11.0.22.jar:11.0.22]
	at org.apache.catalina.authenticator.AuthenticatorBase.invoke(AuthenticatorBase.java:492) ~[tomcat-embed-core-11.0.22.jar:11.0.22]
	at org.apache.catalina.core.StandardHostValve.invoke(StandardHostValve.java:113) ~[tomcat-embed-core-11.0.22.jar:11.0.22]
	at org.apache.catalina.valves.ErrorReportValve.invoke(ErrorReportValve.java:83) ~[tomcat-embed-core-11.0.22.jar:11.0.22]
	at org.apache.catalina.core.StandardEngineValve.invoke(StandardEngineValve.java:72) ~[tomcat-embed-core-11.0.22.jar:11.0.22]
	at org.apache.catalina.connector.CoyoteAdapter.service(CoyoteAdapter.java:341) ~[tomcat-embed-core-11.0.22.jar:11.0.22]
	at org.apache.coyote.http11.Http11Processor.service(Http11Processor.java:397) ~[tomcat-embed-core-11.0.22.jar:11.0.22]
	at org.apache.coyote.AbstractProcessorLight.process(AbstractProcessorLight.java:63) ~[tomcat-embed-core-11.0.22.jar:11.0.22]
	at org.apache.coyote.AbstractProtocol$ConnectionHandler.process(AbstractProtocol.java:1272) ~[tomcat-embed-core-11.0.22.jar:11.0.22]
	at org.apache.tomcat.util.net.NioEndpoint$SocketProcessor.doRun(NioEndpoint.java:1801) ~[tomcat-embed-core-11.0.22.jar:11.0.22]
	at org.apache.tomcat.util.net.SocketProcessorBase.run(SocketProcessorBase.java:52) ~[tomcat-embed-core-11.0.22.jar:11.0.22]
	at org.apache.tomcat.util.threads.ThreadPoolExecutor.runWorker(ThreadPoolExecutor.java:946) ~[tomcat-embed-core-11.0.22.jar:11.0.22]
	at org.apache.tomcat.util.threads.ThreadPoolExecutor$Worker.run(ThreadPoolExecutor.java:480) ~[tomcat-embed-core-11.0.22.jar:11.0.22]
	at org.apache.tomcat.util.threads.TaskThread$WrappingRunnable.run(TaskThread.java:57) ~[tomcat-embed-core-11.0.22.jar:11.0.22]
	at java.base/java.lang.Thread.run(Thread.java:1575) ~[na:na]
Caused by: org.attoparser.ParseException: Fragment '~{fragments/head :: head(${pageTitle})}' specifies synthetic (unnamed) parameters, but the resolved fragment does not match a fragment signature (th:fragment,data-th-fragment) which could apply names to the specified parameters. (template: "layout" - line 6, col 15)
	at org.attoparser.MarkupParser.parseDocument(MarkupParser.java:393) ~[attoparser-2.0.7.RELEASE.jar:2.0.7.RELEASE]
	at org.attoparser.MarkupParser.parse(MarkupParser.java:257) ~[attoparser-2.0.7.RELEASE.jar:2.0.7.RELEASE]
	at org.thymeleaf.templateparser.markup.AbstractMarkupTemplateParser.parse(AbstractMarkupTemplateParser.java:230) ~[thymeleaf-3.1.5.RELEASE.jar:3.1.5.RELEASE]
	... 91 common frames omitted
Caused by: org.thymeleaf.exceptions.TemplateProcessingException: Fragment '~{fragments/head :: head(${pageTitle})}' specifies synthetic (unnamed) parameters, but the resolved fragment does not match a fragment signature (th:fragment,data-th-fragment) which could apply names to the specified parameters. (template: "layout" - line 6, col 15)
	at org.thymeleaf.standard.processor.AbstractStandardFragmentInsertionTagProcessor.doProcess(AbstractStandardFragmentInsertionTagProcessor.java:208) ~[thymeleaf-3.1.5.RELEASE.jar:3.1.5.RELEASE]
	at org.thymeleaf.processor.element.AbstractAttributeTagProcessor.doProcess(AbstractAttributeTagProcessor.java:74) ~[thymeleaf-3.1.5.RELEASE.jar:3.1.5.RELEASE]
	at org.thymeleaf.processor.element.AbstractElementTagProcessor.process(AbstractElementTagProcessor.java:95) ~[thymeleaf-3.1.5.RELEASE.jar:3.1.5.RELEASE]
	at org.thymeleaf.util.ProcessorConfigurationUtils$ElementTagProcessorWrapper.process(ProcessorConfigurationUtils.java:633) ~[thymeleaf-3.1.5.RELEASE.jar:3.1.5.RELEASE]
	at org.thymeleaf.engine.ProcessorTemplateHandler.handleStandaloneElement(ProcessorTemplateHandler.java:918) ~[thymeleaf-3.1.5.RELEASE.jar:3.1.5.RELEASE]
	at org.thymeleaf.engine.StandaloneElementTag.beHandled(StandaloneElementTag.java:228) ~[thymeleaf-3.1.5.RELEASE.jar:3.1.5.RELEASE]
	at org.thymeleaf.engine.Model.process(Model.java:282) ~[thymeleaf-3.1.5.RELEASE.jar:3.1.5.RELEASE]
	at org.thymeleaf.engine.ProcessorTemplateHandler.handleOpenElement(ProcessorTemplateHandler.java:1587) ~[thymeleaf-3.1.5.RELEASE.jar:3.1.5.RELEASE]
	at org.thymeleaf.engine.OpenElementTag.beHandled(OpenElementTag.java:205) ~[thymeleaf-3.1.5.RELEASE.jar:3.1.5.RELEASE]
	at org.thymeleaf.engine.Model.process(Model.java:282) ~[thymeleaf-3.1.5.RELEASE.jar:3.1.5.RELEASE]
	at org.thymeleaf.engine.Model.process(Model.java:290) ~[thymeleaf-3.1.5.RELEASE.jar:3.1.5.RELEASE]
	at org.thymeleaf.engine.GatheringModelProcessable.process(GatheringModelProcessable.java:78) ~[thymeleaf-3.1.5.RELEASE.jar:3.1.5.RELEASE]
	at org.thymeleaf.engine.ProcessorTemplateHandler.handleCloseElement(ProcessorTemplateHandler.java:1640) ~[thymeleaf-3.1.5.RELEASE.jar:3.1.5.RELEASE]
	at org.thymeleaf.engine.TemplateHandlerAdapterMarkupHandler.handleCloseElementEnd(TemplateHandlerAdapterMarkupHandler.java:388) ~[thymeleaf-3.1.5.RELEASE.jar:3.1.5.RELEASE]
	at org.thymeleaf.templateparser.markup.InlinedOutputExpressionMarkupHandler$InlineMarkupAdapterPreProcessorHandler.handleCloseElementEnd(InlinedOutputExpressionMarkupHandler.java:322) ~[thymeleaf-3.1.5.RELEASE.jar:3.1.5.RELEASE]
	at org.thymeleaf.standard.inline.OutputExpressionInlinePreProcessorHandler.handleCloseElementEnd(OutputExpressionInlinePreProcessorHandler.java:220) ~[thymeleaf-3.1.5.RELEASE.jar:3.1.5.RELEASE]
	at org.thymeleaf.templateparser.markup.InlinedOutputExpressionMarkupHandler.handleCloseElementEnd(InlinedOutputExpressionMarkupHandler.java:164) ~[thymeleaf-3.1.5.RELEASE.jar:3.1.5.RELEASE]
	at org.attoparser.HtmlElement.handleCloseElementEnd(HtmlElement.java:169) ~[attoparser-2.0.7.RELEASE.jar:2.0.7.RELEASE]
	at org.attoparser.HtmlMarkupHandler.handleCloseElementEnd(HtmlMarkupHandler.java:412) ~[attoparser-2.0.7.RELEASE.jar:2.0.7.RELEASE]
	at org.attoparser.MarkupEventProcessorHandler.handleCloseElementEnd(MarkupEventProcessorHandler.java:473) ~[attoparser-2.0.7.RELEASE.jar:2.0.7.RELEASE]
	at org.attoparser.ParsingElementMarkupUtil.parseCloseElement(ParsingElementMarkupUtil.java:201) ~[attoparser-2.0.7.RELEASE.jar:2.0.7.RELEASE]
	at org.attoparser.MarkupParser.parseBuffer(MarkupParser.java:725) ~[attoparser-2.0.7.RELEASE.jar:2.0.7.RELEASE]
	at org.attoparser.MarkupParser.parseDocument(MarkupParser.java:301) ~[attoparser-2.0.7.RELEASE.jar:2.0.7.RELEASE]
	... 93 common frames omitted

2026-06-14T22:22:42.110-05:00 ERROR 29908 --- [Tutomatch] [io-8080-exec-10] o.a.c.c.C.[.[.[/].[dispatcherServlet]    : Servlet.service() for servlet [dispatcherServlet] in context with path [] threw exception [Request processing failed: org.thymeleaf.exceptions.TemplateInputException: An error happened during template parsing (template: "class path resource [templates/home.html]")] with root cause

org.thymeleaf.exceptions.TemplateProcessingException: Fragment '~{fragments/head :: head(${pageTitle})}' specifies synthetic (unnamed) parameters, but the resolved fragment does not match a fragment signature (th:fragment,data-th-fragment) which could apply names to the specified parameters. (template: "layout" - line 6, col 15)
	at org.thymeleaf.standard.processor.AbstractStandardFragmentInsertionTagProcessor.doProcess(AbstractStandardFragmentInsertionTagProcessor.java:208) ~[thymeleaf-3.1.5.RELEASE.jar:3.1.5.RELEASE]
	at org.thymeleaf.processor.element.AbstractAttributeTagProcessor.doProcess(AbstractAttributeTagProcessor.java:74) ~[thymeleaf-3.1.5.RELEASE.jar:3.1.5.RELEASE]
	at org.thymeleaf.processor.element.AbstractElementTagProcessor.process(AbstractElementTagProcessor.java:95) ~[thymeleaf-3.1.5.RELEASE.jar:3.1.5.RELEASE]
	at org.thymeleaf.util.ProcessorConfigurationUtils$ElementTagProcessorWrapper.process(ProcessorConfigurationUtils.java:633) ~[thymeleaf-3.1.5.RELEASE.jar:3.1.5.RELEASE]
	at org.thymeleaf.engine.ProcessorTemplateHandler.handleStandaloneElement(ProcessorTemplateHandler.java:918) ~[thymeleaf-3.1.5.RELEASE.jar:3.1.5.RELEASE]
	at org.thymeleaf.engine.StandaloneElementTag.beHandled(StandaloneElementTag.java:228) ~[thymeleaf-3.1.5.RELEASE.jar:3.1.5.RELEASE]
	at org.thymeleaf.engine.Model.process(Model.java:282) ~[thymeleaf-3.1.5.RELEASE.jar:3.1.5.RELEASE]
	at org.thymeleaf.engine.ProcessorTemplateHandler.handleOpenElement(ProcessorTemplateHandler.java:1587) ~[thymeleaf-3.1.5.RELEASE.jar:3.1.5.RELEASE]
	at org.thymeleaf.engine.OpenElementTag.beHandled(OpenElementTag.java:205) ~[thymeleaf-3.1.5.RELEASE.jar:3.1.5.RELEASE]
	at org.thymeleaf.engine.Model.process(Model.java:282) ~[thymeleaf-3.1.5.RELEASE.jar:3.1.5.RELEASE]
	at org.thymeleaf.engine.Model.process(Model.java:290) ~[thymeleaf-3.1.5.RELEASE.jar:3.1.5.RELEASE]
	at org.thymeleaf.engine.GatheringModelProcessable.process(GatheringModelProcessable.java:78) ~[thymeleaf-3.1.5.RELEASE.jar:3.1.5.RELEASE]
	at org.thymeleaf.engine.ProcessorTemplateHandler.handleCloseElement(ProcessorTemplateHandler.java:1640) ~[thymeleaf-3.1.5.RELEASE.jar:3.1.5.RELEASE]
	at org.thymeleaf.engine.TemplateHandlerAdapterMarkupHandler.handleCloseElementEnd(TemplateHandlerAdapterMarkupHandler.java:388) ~[thymeleaf-3.1.5.RELEASE.jar:3.1.5.RELEASE]
	at org.thymeleaf.templateparser.markup.InlinedOutputExpressionMarkupHandler$InlineMarkupAdapterPreProcessorHandler.handleCloseElementEnd(InlinedOutputExpressionMarkupHandler.java:322) ~[thymeleaf-3.1.5.RELEASE.jar:3.1.5.RELEASE]
	at org.thymeleaf.standard.inline.OutputExpressionInlinePreProcessorHandler.handleCloseElementEnd(OutputExpressionInlinePreProcessorHandler.java:220) ~[thymeleaf-3.1.5.RELEASE.jar:3.1.5.RELEASE]
	at org.thymeleaf.templateparser.markup.InlinedOutputExpressionMarkupHandler.handleCloseElementEnd(InlinedOutputExpressionMarkupHandler.java:164) ~[thymeleaf-3.1.5.RELEASE.jar:3.1.5.RELEASE]
	at org.attoparser.HtmlElement.handleCloseElementEnd(HtmlElement.java:169) ~[attoparser-2.0.7.RELEASE.jar:2.0.7.RELEASE]
	at org.attoparser.HtmlMarkupHandler.handleCloseElementEnd(HtmlMarkupHandler.java:412) ~[attoparser-2.0.7.RELEASE.jar:2.0.7.RELEASE]
	at org.attoparser.MarkupEventProcessorHandler.handleCloseElementEnd(MarkupEventProcessorHandler.java:473) ~[attoparser-2.0.7.RELEASE.jar:2.0.7.RELEASE]
	at org.attoparser.ParsingElementMarkupUtil.parseCloseElement(ParsingElementMarkupUtil.java:201) ~[attoparser-2.0.7.RELEASE.jar:2.0.7.RELEASE]
	at org.attoparser.MarkupParser.parseBuffer(MarkupParser.java:725) ~[attoparser-2.0.7.RELEASE.jar:2.0.7.RELEASE]
	at org.attoparser.MarkupParser.parseDocument(MarkupParser.java:301) ~[attoparser-2.0.7.RELEASE.jar:2.0.7.RELEASE]
	at org.attoparser.MarkupParser.parse(MarkupParser.java:257) ~[attoparser-2.0.7.RELEASE.jar:2.0.7.RELEASE]
	at org.thymeleaf.templateparser.markup.AbstractMarkupTemplateParser.parse(AbstractMarkupTemplateParser.java:230) ~[thymeleaf-3.1.5.RELEASE.jar:3.1.5.RELEASE]
	at org.thymeleaf.templateparser.markup.AbstractMarkupTemplateParser.parseStandalone(AbstractMarkupTemplateParser.java:100) ~[thymeleaf-3.1.5.RELEASE.jar:3.1.5.RELEASE]
	at org.thymeleaf.engine.TemplateManager.parseAndProcess(TemplateManager.java:666) ~[thymeleaf-3.1.5.RELEASE.jar:3.1.5.RELEASE]
	at org.thymeleaf.TemplateEngine.process(TemplateEngine.java:1103) ~[thymeleaf-3.1.5.RELEASE.jar:3.1.5.RELEASE]
	at org.thymeleaf.TemplateEngine.process(TemplateEngine.java:1077) ~[thymeleaf-3.1.5.RELEASE.jar:3.1.5.RELEASE]
	at org.thymeleaf.spring6.view.ThymeleafView.renderFragment(ThymeleafView.java:374) ~[thymeleaf-spring6-3.1.5.RELEASE.jar:3.1.5.RELEASE]
	at org.thymeleaf.spring6.view.ThymeleafView.render(ThymeleafView.java:193) ~[thymeleaf-spring6-3.1.5.RELEASE.jar:3.1.5.RELEASE]
	at org.springframework.web.servlet.DispatcherServlet.render(DispatcherServlet.java:1305) ~[spring-webmvc-7.0.8.jar:7.0.8]
	at org.springframework.web.servlet.DispatcherServlet.processDispatchResult(DispatcherServlet.java:1042) ~[spring-webmvc-7.0.8.jar:7.0.8]
	at org.springframework.web.servlet.DispatcherServlet.doDispatch(DispatcherServlet.java:980) ~[spring-webmvc-7.0.8.jar:7.0.8]
	at org.springframework.web.servlet.DispatcherServlet.doService(DispatcherServlet.java:866) ~[spring-webmvc-7.0.8.jar:7.0.8]
	at org.springframework.web.servlet.FrameworkServlet.processRequest(FrameworkServlet.java:1000) ~[spring-webmvc-7.0.8.jar:7.0.8]
	at org.springframework.web.servlet.FrameworkServlet.doGet(FrameworkServlet.java:892) ~[spring-webmvc-7.0.8.jar:7.0.8]
	at jakarta.servlet.http.HttpServlet.service(HttpServlet.java:622) ~[tomcat-embed-core-11.0.22.jar:6.1]
	at org.springframework.web.servlet.FrameworkServlet.service(FrameworkServlet.java:874) ~[spring-webmvc-7.0.8.jar:7.0.8]
	at jakarta.servlet.http.HttpServlet.service(HttpServlet.java:710) ~[tomcat-embed-core-11.0.22.jar:6.1]
	at org.apache.catalina.core.ApplicationFilterChain.doFilter(ApplicationFilterChain.java:128) ~[tomcat-embed-core-11.0.22.jar:11.0.22]
	at org.apache.tomcat.websocket.server.WsFilter.doFilter(WsFilter.java:53) ~[tomcat-embed-websocket-11.0.22.jar:11.0.22]
	at org.apache.catalina.core.ApplicationFilterChain.doFilter(ApplicationFilterChain.java:107) ~[tomcat-embed-core-11.0.22.jar:11.0.22]
	at org.springframework.web.filter.OncePerRequestFilter.doFilter(OncePerRequestFilter.java:110) ~[spring-web-7.0.8.jar:7.0.8]
	at org.apache.catalina.core.ApplicationFilterChain.doFilter(ApplicationFilterChain.java:107) ~[tomcat-embed-core-11.0.22.jar:11.0.22]
	at org.springframework.web.filter.CompositeFilter$VirtualFilterChain.doFilter(CompositeFilter.java:108) ~[spring-web-7.0.8.jar:7.0.8]
	at org.springframework.security.web.FilterChainProxy.lambda$doFilterInternal$3(FilterChainProxy.java:235) ~[spring-security-web-7.0.6.jar:7.0.6]
	at org.springframework.security.web.FilterChainProxy$VirtualFilterChain.doFilter(FilterChainProxy.java:376) ~[spring-security-web-7.0.6.jar:7.0.6]
	at org.springframework.security.web.access.intercept.AuthorizationFilter.doFilter(AuthorizationFilter.java:101) ~[spring-security-web-7.0.6.jar:7.0.6]
	at org.springframework.security.web.FilterChainProxy$VirtualFilterChain.doFilter(FilterChainProxy.java:385) ~[spring-security-web-7.0.6.jar:7.0.6]
	at org.springframework.security.web.access.ExceptionTranslationFilter.doFilter(ExceptionTranslationFilter.java:126) ~[spring-security-web-7.0.6.jar:7.0.6]
	at org.springframework.security.web.access.ExceptionTranslationFilter.doFilter(ExceptionTranslationFilter.java:120) ~[spring-security-web-7.0.6.jar:7.0.6]
	at org.springframework.security.web.FilterChainProxy$VirtualFilterChain.doFilter(FilterChainProxy.java:385) ~[spring-security-web-7.0.6.jar:7.0.6]
	at org.springframework.security.web.session.SessionManagementFilter.doFilter(SessionManagementFilter.java:132) ~[spring-security-web-7.0.6.jar:7.0.6]
	at org.springframework.security.web.session.SessionManagementFilter.doFilter(SessionManagementFilter.java:86) ~[spring-security-web-7.0.6.jar:7.0.6]
	at org.springframework.security.web.FilterChainProxy$VirtualFilterChain.doFilter(FilterChainProxy.java:385) ~[spring-security-web-7.0.6.jar:7.0.6]
	at org.springframework.security.web.authentication.AnonymousAuthenticationFilter.doFilter(AnonymousAuthenticationFilter.java:100) ~[spring-security-web-7.0.6.jar:7.0.6]
	at org.springframework.security.web.FilterChainProxy$VirtualFilterChain.doFilter(FilterChainProxy.java:385) ~[spring-security-web-7.0.6.jar:7.0.6]
	at org.springframework.security.web.servletapi.SecurityContextHolderAwareRequestFilter.doFilter(SecurityContextHolderAwareRequestFilter.java:181) ~[spring-security-web-7.0.6.jar:7.0.6]
	at org.springframework.security.web.FilterChainProxy$VirtualFilterChain.doFilter(FilterChainProxy.java:385) ~[spring-security-web-7.0.6.jar:7.0.6]
	at org.springframework.security.web.savedrequest.RequestCacheAwareFilter.doFilter(RequestCacheAwareFilter.java:63) ~[spring-security-web-7.0.6.jar:7.0.6]
	at org.springframework.security.web.FilterChainProxy$VirtualFilterChain.doFilter(FilterChainProxy.java:385) ~[spring-security-web-7.0.6.jar:7.0.6]
	at com.uce.Tutomatch.security.JwtAuthenticationFilter.doFilterInternal(JwtAuthenticationFilter.java:61) ~[classes/:na]
	at org.springframework.web.filter.OncePerRequestFilter.doFilter(OncePerRequestFilter.java:116) ~[spring-web-7.0.8.jar:7.0.8]
	at org.springframework.security.web.FilterChainProxy$VirtualFilterChain.doFilter(FilterChainProxy.java:385) ~[spring-security-web-7.0.6.jar:7.0.6]
	at org.springframework.security.web.authentication.logout.LogoutFilter.doFilter(LogoutFilter.java:110) ~[spring-security-web-7.0.6.jar:7.0.6]
	at org.springframework.security.web.authentication.logout.LogoutFilter.doFilter(LogoutFilter.java:96) ~[spring-security-web-7.0.6.jar:7.0.6]
	at org.springframework.security.web.FilterChainProxy$VirtualFilterChain.doFilter(FilterChainProxy.java:385) ~[spring-security-web-7.0.6.jar:7.0.6]
	at org.springframework.security.web.header.HeaderWriterFilter.doHeadersAfter(HeaderWriterFilter.java:90) ~[spring-security-web-7.0.6.jar:7.0.6]
	at org.springframework.security.web.header.HeaderWriterFilter.doFilterInternal(HeaderWriterFilter.java:75) ~[spring-security-web-7.0.6.jar:7.0.6]
	at org.springframework.web.filter.OncePerRequestFilter.doFilter(OncePerRequestFilter.java:116) ~[spring-web-7.0.8.jar:7.0.8]
	at org.springframework.security.web.FilterChainProxy$VirtualFilterChain.doFilter(FilterChainProxy.java:385) ~[spring-security-web-7.0.6.jar:7.0.6]
	at org.springframework.security.web.context.SecurityContextHolderFilter.doFilter(SecurityContextHolderFilter.java:82) ~[spring-security-web-7.0.6.jar:7.0.6]
	at org.springframework.security.web.context.SecurityContextHolderFilter.doFilter(SecurityContextHolderFilter.java:69) ~[spring-security-web-7.0.6.jar:7.0.6]
	at org.springframework.security.web.FilterChainProxy$VirtualFilterChain.doFilter(FilterChainProxy.java:385) ~[spring-security-web-7.0.6.jar:7.0.6]
	at org.springframework.security.web.context.request.async.WebAsyncManagerIntegrationFilter.doFilterInternal(WebAsyncManagerIntegrationFilter.java:62) ~[spring-security-web-7.0.6.jar:7.0.6]
	at org.springframework.web.filter.OncePerRequestFilter.doFilter(OncePerRequestFilter.java:116) ~[spring-web-7.0.8.jar:7.0.8]
	at org.springframework.security.web.FilterChainProxy$VirtualFilterChain.doFilter(FilterChainProxy.java:385) ~[spring-security-web-7.0.6.jar:7.0.6]
	at org.springframework.security.web.session.DisableEncodeUrlFilter.doFilterInternal(DisableEncodeUrlFilter.java:42) ~[spring-security-web-7.0.6.jar:7.0.6]
	at org.springframework.web.filter.OncePerRequestFilter.doFilter(OncePerRequestFilter.java:116) ~[spring-web-7.0.8.jar:7.0.8]
	at org.springframework.security.web.FilterChainProxy$VirtualFilterChain.doFilter(FilterChainProxy.java:385) ~[spring-security-web-7.0.6.jar:7.0.6]
	at org.springframework.security.web.FilterChainProxy.doFilterInternal(FilterChainProxy.java:237) ~[spring-security-web-7.0.6.jar:7.0.6]
	at org.springframework.security.web.FilterChainProxy.doFilter(FilterChainProxy.java:195) ~[spring-security-web-7.0.6.jar:7.0.6]
	at org.springframework.web.filter.CompositeFilter$VirtualFilterChain.doFilter(CompositeFilter.java:113) ~[spring-web-7.0.8.jar:7.0.8]
	at org.springframework.web.filter.ServletRequestPathFilter.doFilter(ServletRequestPathFilter.java:52) ~[spring-web-7.0.8.jar:7.0.8]
	at org.springframework.web.filter.CompositeFilter$VirtualFilterChain.doFilter(CompositeFilter.java:113) ~[spring-web-7.0.8.jar:7.0.8]
	at org.springframework.web.filter.CompositeFilter.doFilter(CompositeFilter.java:74) ~[spring-web-7.0.8.jar:7.0.8]
	at org.springframework.security.config.annotation.web.configuration.WebSecurityConfiguration$CompositeFilterChainProxy.doFilter(WebSecurityConfiguration.java:317) ~[spring-security-config-7.0.6.jar:7.0.6]
	at org.springframework.web.filter.DelegatingFilterProxy.invokeDelegate(DelegatingFilterProxy.java:355) ~[spring-web-7.0.8.jar:7.0.8]
	at org.springframework.web.filter.DelegatingFilterProxy.doFilter(DelegatingFilterProxy.java:272) ~[spring-web-7.0.8.jar:7.0.8]
	at org.apache.catalina.core.ApplicationFilterChain.doFilter(ApplicationFilterChain.java:107) ~[tomcat-embed-core-11.0.22.jar:11.0.22]
	at org.springframework.web.filter.RequestContextFilter.doFilterInternal(RequestContextFilter.java:100) ~[spring-web-7.0.8.jar:7.0.8]
	at org.springframework.web.filter.OncePerRequestFilter.doFilter(OncePerRequestFilter.java:116) ~[spring-web-7.0.8.jar:7.0.8]
	at org.apache.catalina.core.ApplicationFilterChain.doFilter(ApplicationFilterChain.java:107) ~[tomcat-embed-core-11.0.22.jar:11.0.22]
	at org.springframework.web.filter.FormContentFilter.doFilterInternal(FormContentFilter.java:93) ~[spring-web-7.0.8.jar:7.0.8]
	at org.springframework.web.filter.OncePerRequestFilter.doFilter(OncePerRequestFilter.java:116) ~[spring-web-7.0.8.jar:7.0.8]
	at org.apache.catalina.core.ApplicationFilterChain.doFilter(ApplicationFilterChain.java:107) ~[tomcat-embed-core-11.0.22.jar:11.0.22]
	at org.springframework.web.filter.CharacterEncodingFilter.doFilterInternal(CharacterEncodingFilter.java:199) ~[spring-web-7.0.8.jar:7.0.8]
	at org.springframework.web.filter.OncePerRequestFilter.doFilter(OncePerRequestFilter.java:116) ~[spring-web-7.0.8.jar:7.0.8]
	at org.apache.catalina.core.ApplicationFilterChain.doFilter(ApplicationFilterChain.java:107) ~[tomcat-embed-core-11.0.22.jar:11.0.22]
	at org.apache.catalina.core.StandardWrapperValve.invoke(StandardWrapperValve.java:165) ~[tomcat-embed-core-11.0.22.jar:11.0.22]
	at org.apache.catalina.core.StandardContextValve.invoke(StandardContextValve.java:77) ~[tomcat-embed-core-11.0.22.jar:11.0.22]
	at org.apache.catalina.authenticator.AuthenticatorBase.invoke(AuthenticatorBase.java:492) ~[tomcat-embed-core-11.0.22.jar:11.0.22]
	at org.apache.catalina.core.StandardHostValve.invoke(StandardHostValve.java:113) ~[tomcat-embed-core-11.0.22.jar:11.0.22]
	at org.apache.catalina.valves.ErrorReportValve.invoke(ErrorReportValve.java:83) ~[tomcat-embed-core-11.0.22.jar:11.0.22]
	at org.apache.catalina.core.StandardEngineValve.invoke(StandardEngineValve.java:72) ~[tomcat-embed-core-11.0.22.jar:11.0.22]
	at org.apache.catalina.connector.CoyoteAdapter.service(CoyoteAdapter.java:341) ~[tomcat-embed-core-11.0.22.jar:11.0.22]
	at org.apache.coyote.http11.Http11Processor.service(Http11Processor.java:397) ~[tomcat-embed-core-11.0.22.jar:11.0.22]
	at org.apache.coyote.AbstractProcessorLight.process(AbstractProcessorLight.java:63) ~[tomcat-embed-core-11.0.22.jar:11.0.22]
	at org.apache.coyote.AbstractProtocol$ConnectionHandler.process(AbstractProtocol.java:1272) ~[tomcat-embed-core-11.0.22.jar:11.0.22]
	at org.apache.tomcat.util.net.NioEndpoint$SocketProcessor.doRun(NioEndpoint.java:1801) ~[tomcat-embed-core-11.0.22.jar:11.0.22]
	at org.apache.tomcat.util.net.SocketProcessorBase.run(SocketProcessorBase.java:52) ~[tomcat-embed-core-11.0.22.jar:11.0.22]
	at org.apache.tomcat.util.threads.ThreadPoolExecutor.runWorker(ThreadPoolExecutor.java:946) ~[tomcat-embed-core-11.0.22.jar:11.0.22]
	at org.apache.tomcat.util.threads.ThreadPoolExecutor$Worker.run(ThreadPoolExecutor.java:480) ~[tomcat-embed-core-11.0.22.jar:11.0.22]
	at org.apache.tomcat.util.threads.TaskThread$WrappingRunnable.run(TaskThread.java:57) ~[tomcat-embed-core-11.0.22.jar:11.0.22]
	at java.base/java.lang.Thread.run(Thread.java:1575) ~[na:na]

Hibernate: select u1_0.id,u1_0.correo_institucional,u1_0.fecha_creacion,u1_0.nombre_completo,u1_0.password_hash,u1_0.rol_admin,u1_0.rol_solicitante,u1_0.rol_tutor from usuarios u1_0 where u1_0.correo_institucional=?
Hibernate: select pt1_0.id,pt1_0.calificacion_promedio,pt1_0.descripcion,pt1_0.deuda_pendiente,pt1_0.semestre,pt1_0.usuario_id,pt1_0.verificado,pt1_0.visible from perfiles_tutor pt1_0 where pt1_0.usuario_id=?
Hibernate: select u1_0.id,u1_0.correo_institucional,u1_0.fecha_creacion,u1_0.nombre_completo,u1_0.password_hash,u1_0.rol_admin,u1_0.rol_solicitante,u1_0.rol_tutor from usuarios u1_0 where u1_0.correo_institucional=?
Hibernate: select pt1_0.id,pt1_0.calificacion_promedio,pt1_0.descripcion,pt1_0.deuda_pendiente,pt1_0.semestre,pt1_0.usuario_id,pt1_0.verificado,pt1_0.visible from perfiles_tutor pt1_0 where pt1_0.usuario_id=?
Hibernate: select u1_0.id,u1_0.correo_institucional,u1_0.fecha_creacion,u1_0.nombre_completo,u1_0.password_hash,u1_0.rol_admin,u1_0.rol_solicitante,u1_0.rol_tutor from usuarios u1_0 where u1_0.correo_institucional=?
Hibernate: select pt1_0.id,pt1_0.calificacion_promedio,pt1_0.descripcion,pt1_0.deuda_pendiente,pt1_0.semestre,pt1_0.usuario_id,pt1_0.verificado,pt1_0.visible from perfiles_tutor pt1_0 where pt1_0.usuario_id=?
Hibernate: select u1_0.id,u1_0.correo_institucional,u1_0.fecha_creacion,u1_0.nombre_completo,u1_0.password_hash,u1_0.rol_admin,u1_0.rol_solicitante,u1_0.rol_tutor from usuarios u1_0 where u1_0.correo_institucional=?
Hibernate: select pt1_0.id,pt1_0.calificacion_promedio,pt1_0.descripcion,pt1_0.deuda_pendiente,pt1_0.semestre,pt1_0.usuario_id,pt1_0.verificado,pt1_0.visible from perfiles_tutor pt1_0 where pt1_0.usuario_id=?
Hibernate: select u1_0.id,u1_0.correo_institucional,u1_0.fecha_creacion,u1_0.nombre_completo,u1_0.password_hash,u1_0.rol_admin,u1_0.rol_solicitante,u1_0.rol_tutor from usuarios u1_0 where u1_0.correo_institucional=?
Hibernate: select pt1_0.id,pt1_0.calificacion_promedio,pt1_0.descripcion,pt1_0.deuda_pendiente,pt1_0.semestre,pt1_0.usuario_id,pt1_0.verificado,pt1_0.visible from perfiles_tutor pt1_0 where pt1_0.usuario_id=?
Hibernate: select m1_0.id,m1_0.categoria,m1_0.nombre,m1_0.semestre_referencial,m1_0.tarifa_hora from materias m1_0 order by m1_0.categoria,m1_0.nombre
Hibernate: select pt1_0.id,pt1_0.calificacion_promedio,pt1_0.descripcion,pt1_0.deuda_pendiente,pt1_0.semestre,pt1_0.usuario_id,pt1_0.verificado,pt1_0.visible from perfiles_tutor pt1_0 where pt1_0.verificado=true and pt1_0.visible=true order by pt1_0.calificacion_promedio desc fetch first ? rows only
2026-06-14T22:22:45.944-05:00 ERROR 29908 --- [Tutomatch] [nio-8080-exec-4] org.thymeleaf.TemplateEngine             : [THYMELEAF][http-nio-8080-exec-4] Exception processing template "home": An error happened during template parsing (template: "class path resource [templates/home.html]")

org.thymeleaf.exceptions.TemplateInputException: An error happened during template parsing (template: "class path resource [templates/home.html]")
	at org.thymeleaf.templateparser.markup.AbstractMarkupTemplateParser.parse(AbstractMarkupTemplateParser.java:241) ~[thymeleaf-3.1.5.RELEASE.jar:3.1.5.RELEASE]
	at org.thymeleaf.templateparser.markup.AbstractMarkupTemplateParser.parseStandalone(AbstractMarkupTemplateParser.java:100) ~[thymeleaf-3.1.5.RELEASE.jar:3.1.5.RELEASE]
	at org.thymeleaf.engine.TemplateManager.parseAndProcess(TemplateManager.java:666) ~[thymeleaf-3.1.5.RELEASE.jar:3.1.5.RELEASE]
	at org.thymeleaf.TemplateEngine.process(TemplateEngine.java:1103) ~[thymeleaf-3.1.5.RELEASE.jar:3.1.5.RELEASE]
	at org.thymeleaf.TemplateEngine.process(TemplateEngine.java:1077) ~[thymeleaf-3.1.5.RELEASE.jar:3.1.5.RELEASE]
	at org.thymeleaf.spring6.view.ThymeleafView.renderFragment(ThymeleafView.java:374) ~[thymeleaf-spring6-3.1.5.RELEASE.jar:3.1.5.RELEASE]
	at org.thymeleaf.spring6.view.ThymeleafView.render(ThymeleafView.java:193) ~[thymeleaf-spring6-3.1.5.RELEASE.jar:3.1.5.RELEASE]
	at org.springframework.web.servlet.DispatcherServlet.render(DispatcherServlet.java:1305) ~[spring-webmvc-7.0.8.jar:7.0.8]
	at org.springframework.web.servlet.DispatcherServlet.processDispatchResult(DispatcherServlet.java:1042) ~[spring-webmvc-7.0.8.jar:7.0.8]
	at org.springframework.web.servlet.DispatcherServlet.doDispatch(DispatcherServlet.java:980) ~[spring-webmvc-7.0.8.jar:7.0.8]
	at org.springframework.web.servlet.DispatcherServlet.doService(DispatcherServlet.java:866) ~[spring-webmvc-7.0.8.jar:7.0.8]
	at org.springframework.web.servlet.FrameworkServlet.processRequest(FrameworkServlet.java:1000) ~[spring-webmvc-7.0.8.jar:7.0.8]
	at org.springframework.web.servlet.FrameworkServlet.doGet(FrameworkServlet.java:892) ~[spring-webmvc-7.0.8.jar:7.0.8]
	at jakarta.servlet.http.HttpServlet.service(HttpServlet.java:622) ~[tomcat-embed-core-11.0.22.jar:6.1]
	at org.springframework.web.servlet.FrameworkServlet.service(FrameworkServlet.java:874) ~[spring-webmvc-7.0.8.jar:7.0.8]
	at jakarta.servlet.http.HttpServlet.service(HttpServlet.java:710) ~[tomcat-embed-core-11.0.22.jar:6.1]
	at org.apache.catalina.core.ApplicationFilterChain.doFilter(ApplicationFilterChain.java:128) ~[tomcat-embed-core-11.0.22.jar:11.0.22]
	at org.apache.tomcat.websocket.server.WsFilter.doFilter(WsFilter.java:53) ~[tomcat-embed-websocket-11.0.22.jar:11.0.22]
	at org.apache.catalina.core.ApplicationFilterChain.doFilter(ApplicationFilterChain.java:107) ~[tomcat-embed-core-11.0.22.jar:11.0.22]
	at org.springframework.web.filter.OncePerRequestFilter.doFilter(OncePerRequestFilter.java:110) ~[spring-web-7.0.8.jar:7.0.8]
	at org.apache.catalina.core.ApplicationFilterChain.doFilter(ApplicationFilterChain.java:107) ~[tomcat-embed-core-11.0.22.jar:11.0.22]
	at org.springframework.web.filter.CompositeFilter$VirtualFilterChain.doFilter(CompositeFilter.java:108) ~[spring-web-7.0.8.jar:7.0.8]
	at org.springframework.security.web.FilterChainProxy.lambda$doFilterInternal$3(FilterChainProxy.java:235) ~[spring-security-web-7.0.6.jar:7.0.6]
	at org.springframework.security.web.FilterChainProxy$VirtualFilterChain.doFilter(FilterChainProxy.java:376) ~[spring-security-web-7.0.6.jar:7.0.6]
	at org.springframework.security.web.access.intercept.AuthorizationFilter.doFilter(AuthorizationFilter.java:101) ~[spring-security-web-7.0.6.jar:7.0.6]
	at org.springframework.security.web.FilterChainProxy$VirtualFilterChain.doFilter(FilterChainProxy.java:385) ~[spring-security-web-7.0.6.jar:7.0.6]
	at org.springframework.security.web.access.ExceptionTranslationFilter.doFilter(ExceptionTranslationFilter.java:126) ~[spring-security-web-7.0.6.jar:7.0.6]
	at org.springframework.security.web.access.ExceptionTranslationFilter.doFilter(ExceptionTranslationFilter.java:120) ~[spring-security-web-7.0.6.jar:7.0.6]
	at org.springframework.security.web.FilterChainProxy$VirtualFilterChain.doFilter(FilterChainProxy.java:385) ~[spring-security-web-7.0.6.jar:7.0.6]
	at org.springframework.security.web.session.SessionManagementFilter.doFilter(SessionManagementFilter.java:132) ~[spring-security-web-7.0.6.jar:7.0.6]
	at org.springframework.security.web.session.SessionManagementFilter.doFilter(SessionManagementFilter.java:86) ~[spring-security-web-7.0.6.jar:7.0.6]
	at org.springframework.security.web.FilterChainProxy$VirtualFilterChain.doFilter(FilterChainProxy.java:385) ~[spring-security-web-7.0.6.jar:7.0.6]
	at org.springframework.security.web.authentication.AnonymousAuthenticationFilter.doFilter(AnonymousAuthenticationFilter.java:100) ~[spring-security-web-7.0.6.jar:7.0.6]
	at org.springframework.security.web.FilterChainProxy$VirtualFilterChain.doFilter(FilterChainProxy.java:385) ~[spring-security-web-7.0.6.jar:7.0.6]
	at org.springframework.security.web.servletapi.SecurityContextHolderAwareRequestFilter.doFilter(SecurityContextHolderAwareRequestFilter.java:181) ~[spring-security-web-7.0.6.jar:7.0.6]
	at org.springframework.security.web.FilterChainProxy$VirtualFilterChain.doFilter(FilterChainProxy.java:385) ~[spring-security-web-7.0.6.jar:7.0.6]
	at org.springframework.security.web.savedrequest.RequestCacheAwareFilter.doFilter(RequestCacheAwareFilter.java:63) ~[spring-security-web-7.0.6.jar:7.0.6]
	at org.springframework.security.web.FilterChainProxy$VirtualFilterChain.doFilter(FilterChainProxy.java:385) ~[spring-security-web-7.0.6.jar:7.0.6]
	at com.uce.Tutomatch.security.JwtAuthenticationFilter.doFilterInternal(JwtAuthenticationFilter.java:61) ~[classes/:na]
	at org.springframework.web.filter.OncePerRequestFilter.doFilter(OncePerRequestFilter.java:116) ~[spring-web-7.0.8.jar:7.0.8]
	at org.springframework.security.web.FilterChainProxy$VirtualFilterChain.doFilter(FilterChainProxy.java:385) ~[spring-security-web-7.0.6.jar:7.0.6]
	at org.springframework.security.web.authentication.logout.LogoutFilter.doFilter(LogoutFilter.java:110) ~[spring-security-web-7.0.6.jar:7.0.6]
	at org.springframework.security.web.authentication.logout.LogoutFilter.doFilter(LogoutFilter.java:96) ~[spring-security-web-7.0.6.jar:7.0.6]
	at org.springframework.security.web.FilterChainProxy$VirtualFilterChain.doFilter(FilterChainProxy.java:385) ~[spring-security-web-7.0.6.jar:7.0.6]
	at org.springframework.security.web.header.HeaderWriterFilter.doHeadersAfter(HeaderWriterFilter.java:90) ~[spring-security-web-7.0.6.jar:7.0.6]
	at org.springframework.security.web.header.HeaderWriterFilter.doFilterInternal(HeaderWriterFilter.java:75) ~[spring-security-web-7.0.6.jar:7.0.6]
	at org.springframework.web.filter.OncePerRequestFilter.doFilter(OncePerRequestFilter.java:116) ~[spring-web-7.0.8.jar:7.0.8]
	at org.springframework.security.web.FilterChainProxy$VirtualFilterChain.doFilter(FilterChainProxy.java:385) ~[spring-security-web-7.0.6.jar:7.0.6]
	at org.springframework.security.web.context.SecurityContextHolderFilter.doFilter(SecurityContextHolderFilter.java:82) ~[spring-security-web-7.0.6.jar:7.0.6]
	at org.springframework.security.web.context.SecurityContextHolderFilter.doFilter(SecurityContextHolderFilter.java:69) ~[spring-security-web-7.0.6.jar:7.0.6]
	at org.springframework.security.web.FilterChainProxy$VirtualFilterChain.doFilter(FilterChainProxy.java:385) ~[spring-security-web-7.0.6.jar:7.0.6]
	at org.springframework.security.web.context.request.async.WebAsyncManagerIntegrationFilter.doFilterInternal(WebAsyncManagerIntegrationFilter.java:62) ~[spring-security-web-7.0.6.jar:7.0.6]
	at org.springframework.web.filter.OncePerRequestFilter.doFilter(OncePerRequestFilter.java:116) ~[spring-web-7.0.8.jar:7.0.8]
	at org.springframework.security.web.FilterChainProxy$VirtualFilterChain.doFilter(FilterChainProxy.java:385) ~[spring-security-web-7.0.6.jar:7.0.6]
	at org.springframework.security.web.session.DisableEncodeUrlFilter.doFilterInternal(DisableEncodeUrlFilter.java:42) ~[spring-security-web-7.0.6.jar:7.0.6]
	at org.springframework.web.filter.OncePerRequestFilter.doFilter(OncePerRequestFilter.java:116) ~[spring-web-7.0.8.jar:7.0.8]
	at org.springframework.security.web.FilterChainProxy$VirtualFilterChain.doFilter(FilterChainProxy.java:385) ~[spring-security-web-7.0.6.jar:7.0.6]
	at org.springframework.security.web.FilterChainProxy.doFilterInternal(FilterChainProxy.java:237) ~[spring-security-web-7.0.6.jar:7.0.6]
	at org.springframework.security.web.FilterChainProxy.doFilter(FilterChainProxy.java:195) ~[spring-security-web-7.0.6.jar:7.0.6]
	at org.springframework.web.filter.CompositeFilter$VirtualFilterChain.doFilter(CompositeFilter.java:113) ~[spring-web-7.0.8.jar:7.0.8]
	at org.springframework.web.filter.ServletRequestPathFilter.doFilter(ServletRequestPathFilter.java:52) ~[spring-web-7.0.8.jar:7.0.8]
	at org.springframework.web.filter.CompositeFilter$VirtualFilterChain.doFilter(CompositeFilter.java:113) ~[spring-web-7.0.8.jar:7.0.8]
	at org.springframework.web.filter.CompositeFilter.doFilter(CompositeFilter.java:74) ~[spring-web-7.0.8.jar:7.0.8]
	at org.springframework.security.config.annotation.web.configuration.WebSecurityConfiguration$CompositeFilterChainProxy.doFilter(WebSecurityConfiguration.java:317) ~[spring-security-config-7.0.6.jar:7.0.6]
	at org.springframework.web.filter.DelegatingFilterProxy.invokeDelegate(DelegatingFilterProxy.java:355) ~[spring-web-7.0.8.jar:7.0.8]
	at org.springframework.web.filter.DelegatingFilterProxy.doFilter(DelegatingFilterProxy.java:272) ~[spring-web-7.0.8.jar:7.0.8]
	at org.apache.catalina.core.ApplicationFilterChain.doFilter(ApplicationFilterChain.java:107) ~[tomcat-embed-core-11.0.22.jar:11.0.22]
	at org.springframework.web.filter.RequestContextFilter.doFilterInternal(RequestContextFilter.java:100) ~[spring-web-7.0.8.jar:7.0.8]
	at org.springframework.web.filter.OncePerRequestFilter.doFilter(OncePerRequestFilter.java:116) ~[spring-web-7.0.8.jar:7.0.8]
	at org.apache.catalina.core.ApplicationFilterChain.doFilter(ApplicationFilterChain.java:107) ~[tomcat-embed-core-11.0.22.jar:11.0.22]
	at org.springframework.web.filter.FormContentFilter.doFilterInternal(FormContentFilter.java:93) ~[spring-web-7.0.8.jar:7.0.8]
	at org.springframework.web.filter.OncePerRequestFilter.doFilter(OncePerRequestFilter.java:116) ~[spring-web-7.0.8.jar:7.0.8]
	at org.apache.catalina.core.ApplicationFilterChain.doFilter(ApplicationFilterChain.java:107) ~[tomcat-embed-core-11.0.22.jar:11.0.22]
	at org.springframework.web.filter.CharacterEncodingFilter.doFilterInternal(CharacterEncodingFilter.java:199) ~[spring-web-7.0.8.jar:7.0.8]
	at org.springframework.web.filter.OncePerRequestFilter.doFilter(OncePerRequestFilter.java:116) ~[spring-web-7.0.8.jar:7.0.8]
	at org.apache.catalina.core.ApplicationFilterChain.doFilter(ApplicationFilterChain.java:107) ~[tomcat-embed-core-11.0.22.jar:11.0.22]
	at org.apache.catalina.core.StandardWrapperValve.invoke(StandardWrapperValve.java:165) ~[tomcat-embed-core-11.0.22.jar:11.0.22]
	at org.apache.catalina.core.StandardContextValve.invoke(StandardContextValve.java:77) ~[tomcat-embed-core-11.0.22.jar:11.0.22]
	at org.apache.catalina.authenticator.AuthenticatorBase.invoke(AuthenticatorBase.java:492) ~[tomcat-embed-core-11.0.22.jar:11.0.22]
	at org.apache.catalina.core.StandardHostValve.invoke(StandardHostValve.java:113) ~[tomcat-embed-core-11.0.22.jar:11.0.22]
	at org.apache.catalina.valves.ErrorReportValve.invoke(ErrorReportValve.java:83) ~[tomcat-embed-core-11.0.22.jar:11.0.22]
	at org.apache.catalina.core.StandardEngineValve.invoke(StandardEngineValve.java:72) ~[tomcat-embed-core-11.0.22.jar:11.0.22]
	at org.apache.catalina.connector.CoyoteAdapter.service(CoyoteAdapter.java:341) ~[tomcat-embed-core-11.0.22.jar:11.0.22]
	at org.apache.coyote.http11.Http11Processor.service(Http11Processor.java:397) ~[tomcat-embed-core-11.0.22.jar:11.0.22]
	at org.apache.coyote.AbstractProcessorLight.process(AbstractProcessorLight.java:63) ~[tomcat-embed-core-11.0.22.jar:11.0.22]
	at org.apache.coyote.AbstractProtocol$ConnectionHandler.process(AbstractProtocol.java:1272) ~[tomcat-embed-core-11.0.22.jar:11.0.22]
	at org.apache.tomcat.util.net.NioEndpoint$SocketProcessor.doRun(NioEndpoint.java:1801) ~[tomcat-embed-core-11.0.22.jar:11.0.22]
	at org.apache.tomcat.util.net.SocketProcessorBase.run(SocketProcessorBase.java:52) ~[tomcat-embed-core-11.0.22.jar:11.0.22]
	at org.apache.tomcat.util.threads.ThreadPoolExecutor.runWorker(ThreadPoolExecutor.java:946) ~[tomcat-embed-core-11.0.22.jar:11.0.22]
	at org.apache.tomcat.util.threads.ThreadPoolExecutor$Worker.run(ThreadPoolExecutor.java:480) ~[tomcat-embed-core-11.0.22.jar:11.0.22]
	at org.apache.tomcat.util.threads.TaskThread$WrappingRunnable.run(TaskThread.java:57) ~[tomcat-embed-core-11.0.22.jar:11.0.22]
	at java.base/java.lang.Thread.run(Thread.java:1575) ~[na:na]
Caused by: org.attoparser.ParseException: Fragment '~{fragments/head :: head(${pageTitle})}' specifies synthetic (unnamed) parameters, but the resolved fragment does not match a fragment signature (th:fragment,data-th-fragment) which could apply names to the specified parameters. (template: "layout" - line 6, col 15)
	at org.attoparser.MarkupParser.parseDocument(MarkupParser.java:393) ~[attoparser-2.0.7.RELEASE.jar:2.0.7.RELEASE]
	at org.attoparser.MarkupParser.parse(MarkupParser.java:257) ~[attoparser-2.0.7.RELEASE.jar:2.0.7.RELEASE]
	at org.thymeleaf.templateparser.markup.AbstractMarkupTemplateParser.parse(AbstractMarkupTemplateParser.java:230) ~[thymeleaf-3.1.5.RELEASE.jar:3.1.5.RELEASE]
	... 91 common frames omitted
Caused by: org.thymeleaf.exceptions.TemplateProcessingException: Fragment '~{fragments/head :: head(${pageTitle})}' specifies synthetic (unnamed) parameters, but the resolved fragment does not match a fragment signature (th:fragment,data-th-fragment) which could apply names to the specified parameters. (template: "layout" - line 6, col 15)
	at org.thymeleaf.standard.processor.AbstractStandardFragmentInsertionTagProcessor.doProcess(AbstractStandardFragmentInsertionTagProcessor.java:208) ~[thymeleaf-3.1.5.RELEASE.jar:3.1.5.RELEASE]
	at org.thymeleaf.processor.element.AbstractAttributeTagProcessor.doProcess(AbstractAttributeTagProcessor.java:74) ~[thymeleaf-3.1.5.RELEASE.jar:3.1.5.RELEASE]
	at org.thymeleaf.processor.element.AbstractElementTagProcessor.process(AbstractElementTagProcessor.java:95) ~[thymeleaf-3.1.5.RELEASE.jar:3.1.5.RELEASE]
	at org.thymeleaf.util.ProcessorConfigurationUtils$ElementTagProcessorWrapper.process(ProcessorConfigurationUtils.java:633) ~[thymeleaf-3.1.5.RELEASE.jar:3.1.5.RELEASE]
	at org.thymeleaf.engine.ProcessorTemplateHandler.handleStandaloneElement(ProcessorTemplateHandler.java:918) ~[thymeleaf-3.1.5.RELEASE.jar:3.1.5.RELEASE]
	at org.thymeleaf.engine.StandaloneElementTag.beHandled(StandaloneElementTag.java:228) ~[thymeleaf-3.1.5.RELEASE.jar:3.1.5.RELEASE]
	at org.thymeleaf.engine.Model.process(Model.java:282) ~[thymeleaf-3.1.5.RELEASE.jar:3.1.5.RELEASE]
	at org.thymeleaf.engine.ProcessorTemplateHandler.handleOpenElement(ProcessorTemplateHandler.java:1587) ~[thymeleaf-3.1.5.RELEASE.jar:3.1.5.RELEASE]
	at org.thymeleaf.engine.OpenElementTag.beHandled(OpenElementTag.java:205) ~[thymeleaf-3.1.5.RELEASE.jar:3.1.5.RELEASE]
	at org.thymeleaf.engine.Model.process(Model.java:282) ~[thymeleaf-3.1.5.RELEASE.jar:3.1.5.RELEASE]
	at org.thymeleaf.engine.Model.process(Model.java:290) ~[thymeleaf-3.1.5.RELEASE.jar:3.1.5.RELEASE]
	at org.thymeleaf.engine.GatheringModelProcessable.process(GatheringModelProcessable.java:78) ~[thymeleaf-3.1.5.RELEASE.jar:3.1.5.RELEASE]
	at org.thymeleaf.engine.ProcessorTemplateHandler.handleCloseElement(ProcessorTemplateHandler.java:1640) ~[thymeleaf-3.1.5.RELEASE.jar:3.1.5.RELEASE]
	at org.thymeleaf.engine.TemplateHandlerAdapterMarkupHandler.handleCloseElementEnd(TemplateHandlerAdapterMarkupHandler.java:388) ~[thymeleaf-3.1.5.RELEASE.jar:3.1.5.RELEASE]
	at org.thymeleaf.templateparser.markup.InlinedOutputExpressionMarkupHandler$InlineMarkupAdapterPreProcessorHandler.handleCloseElementEnd(InlinedOutputExpressionMarkupHandler.java:322) ~[thymeleaf-3.1.5.RELEASE.jar:3.1.5.RELEASE]
	at org.thymeleaf.standard.inline.OutputExpressionInlinePreProcessorHandler.handleCloseElementEnd(OutputExpressionInlinePreProcessorHandler.java:220) ~[thymeleaf-3.1.5.RELEASE.jar:3.1.5.RELEASE]
	at org.thymeleaf.templateparser.markup.InlinedOutputExpressionMarkupHandler.handleCloseElementEnd(InlinedOutputExpressionMarkupHandler.java:164) ~[thymeleaf-3.1.5.RELEASE.jar:3.1.5.RELEASE]
	at org.attoparser.HtmlElement.handleCloseElementEnd(HtmlElement.java:169) ~[attoparser-2.0.7.RELEASE.jar:2.0.7.RELEASE]
	at org.attoparser.HtmlMarkupHandler.handleCloseElementEnd(HtmlMarkupHandler.java:412) ~[attoparser-2.0.7.RELEASE.jar:2.0.7.RELEASE]
	at org.attoparser.MarkupEventProcessorHandler.handleCloseElementEnd(MarkupEventProcessorHandler.java:473) ~[attoparser-2.0.7.RELEASE.jar:2.0.7.RELEASE]
	at org.attoparser.ParsingElementMarkupUtil.parseCloseElement(ParsingElementMarkupUtil.java:201) ~[attoparser-2.0.7.RELEASE.jar:2.0.7.RELEASE]
	at org.attoparser.MarkupParser.parseBuffer(MarkupParser.java:725) ~[attoparser-2.0.7.RELEASE.jar:2.0.7.RELEASE]
	at org.attoparser.MarkupParser.parseDocument(MarkupParser.java:301) ~[attoparser-2.0.7.RELEASE.jar:2.0.7.RELEASE]
	... 93 common frames omitted

2026-06-14T22:22:45.944-05:00 ERROR 29908 --- [Tutomatch] [nio-8080-exec-4] o.a.c.c.C.[.[.[/].[dispatcherServlet]    : Servlet.service() for servlet [dispatcherServlet] in context with path [] threw exception [Request processing failed: org.thymeleaf.exceptions.TemplateInputException: An error happened during template parsing (template: "class path resource [templates/home.html]")] with root cause

org.thymeleaf.exceptions.TemplateProcessingException: Fragment '~{fragments/head :: head(${pageTitle})}' specifies synthetic (unnamed) parameters, but the resolved fragment does not match a fragment signature (th:fragment,data-th-fragment) which could apply names to the specified parameters. (template: "layout" - line 6, col 15)
	at org.thymeleaf.standard.processor.AbstractStandardFragmentInsertionTagProcessor.doProcess(AbstractStandardFragmentInsertionTagProcessor.java:208) ~[thymeleaf-3.1.5.RELEASE.jar:3.1.5.RELEASE]
	at org.thymeleaf.processor.element.AbstractAttributeTagProcessor.doProcess(AbstractAttributeTagProcessor.java:74) ~[thymeleaf-3.1.5.RELEASE.jar:3.1.5.RELEASE]
	at org.thymeleaf.processor.element.AbstractElementTagProcessor.process(AbstractElementTagProcessor.java:95) ~[thymeleaf-3.1.5.RELEASE.jar:3.1.5.RELEASE]
	at org.thymeleaf.util.ProcessorConfigurationUtils$ElementTagProcessorWrapper.process(ProcessorConfigurationUtils.java:633) ~[thymeleaf-3.1.5.RELEASE.jar:3.1.5.RELEASE]
	at org.thymeleaf.engine.ProcessorTemplateHandler.handleStandaloneElement(ProcessorTemplateHandler.java:918) ~[thymeleaf-3.1.5.RELEASE.jar:3.1.5.RELEASE]
	at org.thymeleaf.engine.StandaloneElementTag.beHandled(StandaloneElementTag.java:228) ~[thymeleaf-3.1.5.RELEASE.jar:3.1.5.RELEASE]
	at org.thymeleaf.engine.Model.process(Model.java:282) ~[thymeleaf-3.1.5.RELEASE.jar:3.1.5.RELEASE]
	at org.thymeleaf.engine.ProcessorTemplateHandler.handleOpenElement(ProcessorTemplateHandler.java:1587) ~[thymeleaf-3.1.5.RELEASE.jar:3.1.5.RELEASE]
	at org.thymeleaf.engine.OpenElementTag.beHandled(OpenElementTag.java:205) ~[thymeleaf-3.1.5.RELEASE.jar:3.1.5.RELEASE]
	at org.thymeleaf.engine.Model.process(Model.java:282) ~[thymeleaf-3.1.5.RELEASE.jar:3.1.5.RELEASE]
	at org.thymeleaf.engine.Model.process(Model.java:290) ~[thymeleaf-3.1.5.RELEASE.jar:3.1.5.RELEASE]
	at org.thymeleaf.engine.GatheringModelProcessable.process(GatheringModelProcessable.java:78) ~[thymeleaf-3.1.5.RELEASE.jar:3.1.5.RELEASE]
	at org.thymeleaf.engine.ProcessorTemplateHandler.handleCloseElement(ProcessorTemplateHandler.java:1640) ~[thymeleaf-3.1.5.RELEASE.jar:3.1.5.RELEASE]
	at org.thymeleaf.engine.TemplateHandlerAdapterMarkupHandler.handleCloseElementEnd(TemplateHandlerAdapterMarkupHandler.java:388) ~[thymeleaf-3.1.5.RELEASE.jar:3.1.5.RELEASE]
	at org.thymeleaf.templateparser.markup.InlinedOutputExpressionMarkupHandler$InlineMarkupAdapterPreProcessorHandler.handleCloseElementEnd(InlinedOutputExpressionMarkupHandler.java:322) ~[thymeleaf-3.1.5.RELEASE.jar:3.1.5.RELEASE]
	at org.thymeleaf.standard.inline.OutputExpressionInlinePreProcessorHandler.handleCloseElementEnd(OutputExpressionInlinePreProcessorHandler.java:220) ~[thymeleaf-3.1.5.RELEASE.jar:3.1.5.RELEASE]
	at org.thymeleaf.templateparser.markup.InlinedOutputExpressionMarkupHandler.handleCloseElementEnd(InlinedOutputExpressionMarkupHandler.java:164) ~[thymeleaf-3.1.5.RELEASE.jar:3.1.5.RELEASE]
	at org.attoparser.HtmlElement.handleCloseElementEnd(HtmlElement.java:169) ~[attoparser-2.0.7.RELEASE.jar:2.0.7.RELEASE]
	at org.attoparser.HtmlMarkupHandler.handleCloseElementEnd(HtmlMarkupHandler.java:412) ~[attoparser-2.0.7.RELEASE.jar:2.0.7.RELEASE]
	at org.attoparser.MarkupEventProcessorHandler.handleCloseElementEnd(MarkupEventProcessorHandler.java:473) ~[attoparser-2.0.7.RELEASE.jar:2.0.7.RELEASE]
	at org.attoparser.ParsingElementMarkupUtil.parseCloseElement(ParsingElementMarkupUtil.java:201) ~[attoparser-2.0.7.RELEASE.jar:2.0.7.RELEASE]
	at org.attoparser.MarkupParser.parseBuffer(MarkupParser.java:725) ~[attoparser-2.0.7.RELEASE.jar:2.0.7.RELEASE]
	at org.attoparser.MarkupParser.parseDocument(MarkupParser.java:301) ~[attoparser-2.0.7.RELEASE.jar:2.0.7.RELEASE]
	at org.attoparser.MarkupParser.parse(MarkupParser.java:257) ~[attoparser-2.0.7.RELEASE.jar:2.0.7.RELEASE]
	at org.thymeleaf.templateparser.markup.AbstractMarkupTemplateParser.parse(AbstractMarkupTemplateParser.java:230) ~[thymeleaf-3.1.5.RELEASE.jar:3.1.5.RELEASE]
	at org.thymeleaf.templateparser.markup.AbstractMarkupTemplateParser.parseStandalone(AbstractMarkupTemplateParser.java:100) ~[thymeleaf-3.1.5.RELEASE.jar:3.1.5.RELEASE]
	at org.thymeleaf.engine.TemplateManager.parseAndProcess(TemplateManager.java:666) ~[thymeleaf-3.1.5.RELEASE.jar:3.1.5.RELEASE]
	at org.thymeleaf.TemplateEngine.process(TemplateEngine.java:1103) ~[thymeleaf-3.1.5.RELEASE.jar:3.1.5.RELEASE]
	at org.thymeleaf.TemplateEngine.process(TemplateEngine.java:1077) ~[thymeleaf-3.1.5.RELEASE.jar:3.1.5.RELEASE]
	at org.thymeleaf.spring6.view.ThymeleafView.renderFragment(ThymeleafView.java:374) ~[thymeleaf-spring6-3.1.5.RELEASE.jar:3.1.5.RELEASE]
	at org.thymeleaf.spring6.view.ThymeleafView.render(ThymeleafView.java:193) ~[thymeleaf-spring6-3.1.5.RELEASE.jar:3.1.5.RELEASE]
	at org.springframework.web.servlet.DispatcherServlet.render(DispatcherServlet.java:1305) ~[spring-webmvc-7.0.8.jar:7.0.8]
	at org.springframework.web.servlet.DispatcherServlet.processDispatchResult(DispatcherServlet.java:1042) ~[spring-webmvc-7.0.8.jar:7.0.8]
	at org.springframework.web.servlet.DispatcherServlet.doDispatch(DispatcherServlet.java:980) ~[spring-webmvc-7.0.8.jar:7.0.8]
	at org.springframework.web.servlet.DispatcherServlet.doService(DispatcherServlet.java:866) ~[spring-webmvc-7.0.8.jar:7.0.8]
	at org.springframework.web.servlet.FrameworkServlet.processRequest(FrameworkServlet.java:1000) ~[spring-webmvc-7.0.8.jar:7.0.8]
	at org.springframework.web.servlet.FrameworkServlet.doGet(FrameworkServlet.java:892) ~[spring-webmvc-7.0.8.jar:7.0.8]
	at jakarta.servlet.http.HttpServlet.service(HttpServlet.java:622) ~[tomcat-embed-core-11.0.22.jar:6.1]
	at org.springframework.web.servlet.FrameworkServlet.service(FrameworkServlet.java:874) ~[spring-webmvc-7.0.8.jar:7.0.8]
	at jakarta.servlet.http.HttpServlet.service(HttpServlet.java:710) ~[tomcat-embed-core-11.0.22.jar:6.1]
	at org.apache.catalina.core.ApplicationFilterChain.doFilter(ApplicationFilterChain.java:128) ~[tomcat-embed-core-11.0.22.jar:11.0.22]
	at org.apache.tomcat.websocket.server.WsFilter.doFilter(WsFilter.java:53) ~[tomcat-embed-websocket-11.0.22.jar:11.0.22]
	at org.apache.catalina.core.ApplicationFilterChain.doFilter(ApplicationFilterChain.java:107) ~[tomcat-embed-core-11.0.22.jar:11.0.22]
	at org.springframework.web.filter.OncePerRequestFilter.doFilter(OncePerRequestFilter.java:110) ~[spring-web-7.0.8.jar:7.0.8]
	at org.apache.catalina.core.ApplicationFilterChain.doFilter(ApplicationFilterChain.java:107) ~[tomcat-embed-core-11.0.22.jar:11.0.22]
	at org.springframework.web.filter.CompositeFilter$VirtualFilterChain.doFilter(CompositeFilter.java:108) ~[spring-web-7.0.8.jar:7.0.8]
	at org.springframework.security.web.FilterChainProxy.lambda$doFilterInternal$3(FilterChainProxy.java:235) ~[spring-security-web-7.0.6.jar:7.0.6]
	at org.springframework.security.web.FilterChainProxy$VirtualFilterChain.doFilter(FilterChainProxy.java:376) ~[spring-security-web-7.0.6.jar:7.0.6]
	at org.springframework.security.web.access.intercept.AuthorizationFilter.doFilter(AuthorizationFilter.java:101) ~[spring-security-web-7.0.6.jar:7.0.6]
	at org.springframework.security.web.FilterChainProxy$VirtualFilterChain.doFilter(FilterChainProxy.java:385) ~[spring-security-web-7.0.6.jar:7.0.6]
	at org.springframework.security.web.access.ExceptionTranslationFilter.doFilter(ExceptionTranslationFilter.java:126) ~[spring-security-web-7.0.6.jar:7.0.6]
	at org.springframework.security.web.access.ExceptionTranslationFilter.doFilter(ExceptionTranslationFilter.java:120) ~[spring-security-web-7.0.6.jar:7.0.6]
	at org.springframework.security.web.FilterChainProxy$VirtualFilterChain.doFilter(FilterChainProxy.java:385) ~[spring-security-web-7.0.6.jar:7.0.6]
	at org.springframework.security.web.session.SessionManagementFilter.doFilter(SessionManagementFilter.java:132) ~[spring-security-web-7.0.6.jar:7.0.6]
	at org.springframework.security.web.session.SessionManagementFilter.doFilter(SessionManagementFilter.java:86) ~[spring-security-web-7.0.6.jar:7.0.6]
	at org.springframework.security.web.FilterChainProxy$VirtualFilterChain.doFilter(FilterChainProxy.java:385) ~[spring-security-web-7.0.6.jar:7.0.6]
	at org.springframework.security.web.authentication.AnonymousAuthenticationFilter.doFilter(AnonymousAuthenticationFilter.java:100) ~[spring-security-web-7.0.6.jar:7.0.6]
	at org.springframework.security.web.FilterChainProxy$VirtualFilterChain.doFilter(FilterChainProxy.java:385) ~[spring-security-web-7.0.6.jar:7.0.6]
	at org.springframework.security.web.servletapi.SecurityContextHolderAwareRequestFilter.doFilter(SecurityContextHolderAwareRequestFilter.java:181) ~[spring-security-web-7.0.6.jar:7.0.6]
	at org.springframework.security.web.FilterChainProxy$VirtualFilterChain.doFilter(FilterChainProxy.java:385) ~[spring-security-web-7.0.6.jar:7.0.6]
	at org.springframework.security.web.savedrequest.RequestCacheAwareFilter.doFilter(RequestCacheAwareFilter.java:63) ~[spring-security-web-7.0.6.jar:7.0.6]
	at org.springframework.security.web.FilterChainProxy$VirtualFilterChain.doFilter(FilterChainProxy.java:385) ~[spring-security-web-7.0.6.jar:7.0.6]
	at com.uce.Tutomatch.security.JwtAuthenticationFilter.doFilterInternal(JwtAuthenticationFilter.java:61) ~[classes/:na]
	at org.springframework.web.filter.OncePerRequestFilter.doFilter(OncePerRequestFilter.java:116) ~[spring-web-7.0.8.jar:7.0.8]
	at org.springframework.security.web.FilterChainProxy$VirtualFilterChain.doFilter(FilterChainProxy.java:385) ~[spring-security-web-7.0.6.jar:7.0.6]
	at org.springframework.security.web.authentication.logout.LogoutFilter.doFilter(LogoutFilter.java:110) ~[spring-security-web-7.0.6.jar:7.0.6]
	at org.springframework.security.web.authentication.logout.LogoutFilter.doFilter(LogoutFilter.java:96) ~[spring-security-web-7.0.6.jar:7.0.6]
	at org.springframework.security.web.FilterChainProxy$VirtualFilterChain.doFilter(FilterChainProxy.java:385) ~[spring-security-web-7.0.6.jar:7.0.6]
	at org.springframework.security.web.header.HeaderWriterFilter.doHeadersAfter(HeaderWriterFilter.java:90) ~[spring-security-web-7.0.6.jar:7.0.6]
	at org.springframework.security.web.header.HeaderWriterFilter.doFilterInternal(HeaderWriterFilter.java:75) ~[spring-security-web-7.0.6.jar:7.0.6]
	at org.springframework.web.filter.OncePerRequestFilter.doFilter(OncePerRequestFilter.java:116) ~[spring-web-7.0.8.jar:7.0.8]
	at org.springframework.security.web.FilterChainProxy$VirtualFilterChain.doFilter(FilterChainProxy.java:385) ~[spring-security-web-7.0.6.jar:7.0.6]
	at org.springframework.security.web.context.SecurityContextHolderFilter.doFilter(SecurityContextHolderFilter.java:82) ~[spring-security-web-7.0.6.jar:7.0.6]
	at org.springframework.security.web.context.SecurityContextHolderFilter.doFilter(SecurityContextHolderFilter.java:69) ~[spring-security-web-7.0.6.jar:7.0.6]
	at org.springframework.security.web.FilterChainProxy$VirtualFilterChain.doFilter(FilterChainProxy.java:385) ~[spring-security-web-7.0.6.jar:7.0.6]
	at org.springframework.security.web.context.request.async.WebAsyncManagerIntegrationFilter.doFilterInternal(WebAsyncManagerIntegrationFilter.java:62) ~[spring-security-web-7.0.6.jar:7.0.6]
	at org.springframework.web.filter.OncePerRequestFilter.doFilter(OncePerRequestFilter.java:116) ~[spring-web-7.0.8.jar:7.0.8]
	at org.springframework.security.web.FilterChainProxy$VirtualFilterChain.doFilter(FilterChainProxy.java:385) ~[spring-security-web-7.0.6.jar:7.0.6]
	at org.springframework.security.web.session.DisableEncodeUrlFilter.doFilterInternal(DisableEncodeUrlFilter.java:42) ~[spring-security-web-7.0.6.jar:7.0.6]
	at org.springframework.web.filter.OncePerRequestFilter.doFilter(OncePerRequestFilter.java:116) ~[spring-web-7.0.8.jar:7.0.8]
	at org.springframework.security.web.FilterChainProxy$VirtualFilterChain.doFilter(FilterChainProxy.java:385) ~[spring-security-web-7.0.6.jar:7.0.6]
	at org.springframework.security.web.FilterChainProxy.doFilterInternal(FilterChainProxy.java:237) ~[spring-security-web-7.0.6.jar:7.0.6]
	at org.springframework.security.web.FilterChainProxy.doFilter(FilterChainProxy.java:195) ~[spring-security-web-7.0.6.jar:7.0.6]
	at org.springframework.web.filter.CompositeFilter$VirtualFilterChain.doFilter(CompositeFilter.java:113) ~[spring-web-7.0.8.jar:7.0.8]
	at org.springframework.web.filter.ServletRequestPathFilter.doFilter(ServletRequestPathFilter.java:52) ~[spring-web-7.0.8.jar:7.0.8]
	at org.springframework.web.filter.CompositeFilter$VirtualFilterChain.doFilter(CompositeFilter.java:113) ~[spring-web-7.0.8.jar:7.0.8]
	at org.springframework.web.filter.CompositeFilter.doFilter(CompositeFilter.java:74) ~[spring-web-7.0.8.jar:7.0.8]
	at org.springframework.security.config.annotation.web.configuration.WebSecurityConfiguration$CompositeFilterChainProxy.doFilter(WebSecurityConfiguration.java:317) ~[spring-security-config-7.0.6.jar:7.0.6]
	at org.springframework.web.filter.DelegatingFilterProxy.invokeDelegate(DelegatingFilterProxy.java:355) ~[spring-web-7.0.8.jar:7.0.8]
	at org.springframework.web.filter.DelegatingFilterProxy.doFilter(DelegatingFilterProxy.java:272) ~[spring-web-7.0.8.jar:7.0.8]
	at org.apache.catalina.core.ApplicationFilterChain.doFilter(ApplicationFilterChain.java:107) ~[tomcat-embed-core-11.0.22.jar:11.0.22]
	at org.springframework.web.filter.RequestContextFilter.doFilterInternal(RequestContextFilter.java:100) ~[spring-web-7.0.8.jar:7.0.8]
	at org.springframework.web.filter.OncePerRequestFilter.doFilter(OncePerRequestFilter.java:116) ~[spring-web-7.0.8.jar:7.0.8]
	at org.apache.catalina.core.ApplicationFilterChain.doFilter(ApplicationFilterChain.java:107) ~[tomcat-embed-core-11.0.22.jar:11.0.22]
	at org.springframework.web.filter.FormContentFilter.doFilterInternal(FormContentFilter.java:93) ~[spring-web-7.0.8.jar:7.0.8]
	at org.springframework.web.filter.OncePerRequestFilter.doFilter(OncePerRequestFilter.java:116) ~[spring-web-7.0.8.jar:7.0.8]
	at org.apache.catalina.core.ApplicationFilterChain.doFilter(ApplicationFilterChain.java:107) ~[tomcat-embed-core-11.0.22.jar:11.0.22]
	at org.springframework.web.filter.CharacterEncodingFilter.doFilterInternal(CharacterEncodingFilter.java:199) ~[spring-web-7.0.8.jar:7.0.8]
	at org.springframework.web.filter.OncePerRequestFilter.doFilter(OncePerRequestFilter.java:116) ~[spring-web-7.0.8.jar:7.0.8]
	at org.apache.catalina.core.ApplicationFilterChain.doFilter(ApplicationFilterChain.java:107) ~[tomcat-embed-core-11.0.22.jar:11.0.22]
	at org.apache.catalina.core.StandardWrapperValve.invoke(StandardWrapperValve.java:165) ~[tomcat-embed-core-11.0.22.jar:11.0.22]
	at org.apache.catalina.core.StandardContextValve.invoke(StandardContextValve.java:77) ~[tomcat-embed-core-11.0.22.jar:11.0.22]
	at org.apache.catalina.authenticator.AuthenticatorBase.invoke(AuthenticatorBase.java:492) ~[tomcat-embed-core-11.0.22.jar:11.0.22]
	at org.apache.catalina.core.StandardHostValve.invoke(StandardHostValve.java:113) ~[tomcat-embed-core-11.0.22.jar:11.0.22]
	at org.apache.catalina.valves.ErrorReportValve.invoke(ErrorReportValve.java:83) ~[tomcat-embed-core-11.0.22.jar:11.0.22]
	at org.apache.catalina.core.StandardEngineValve.invoke(StandardEngineValve.java:72) ~[tomcat-embed-core-11.0.22.jar:11.0.22]
	at org.apache.catalina.connector.CoyoteAdapter.service(CoyoteAdapter.java:341) ~[tomcat-embed-core-11.0.22.jar:11.0.22]
	at org.apache.coyote.http11.Http11Processor.service(Http11Processor.java:397) ~[tomcat-embed-core-11.0.22.jar:11.0.22]
	at org.apache.coyote.AbstractProcessorLight.process(AbstractProcessorLight.java:63) ~[tomcat-embed-core-11.0.22.jar:11.0.22]
	at org.apache.coyote.AbstractProtocol$ConnectionHandler.process(AbstractProtocol.java:1272) ~[tomcat-embed-core-11.0.22.jar:11.0.22]
	at org.apache.tomcat.util.net.NioEndpoint$SocketProcessor.doRun(NioEndpoint.java:1801) ~[tomcat-embed-core-11.0.22.jar:11.0.22]
	at org.apache.tomcat.util.net.SocketProcessorBase.run(SocketProcessorBase.java:52) ~[tomcat-embed-core-11.0.22.jar:11.0.22]
	at org.apache.tomcat.util.threads.ThreadPoolExecutor.runWorker(ThreadPoolExecutor.java:946) ~[tomcat-embed-core-11.0.22.jar:11.0.22]
	at org.apache.tomcat.util.threads.ThreadPoolExecutor$Worker.run(ThreadPoolExecutor.java:480) ~[tomcat-embed-core-11.0.22.jar:11.0.22]
	at org.apache.tomcat.util.threads.TaskThread$WrappingRunnable.run(TaskThread.java:57) ~[tomcat-embed-core-11.0.22.jar:11.0.22]
	at java.base/java.lang.Thread.run(Thread.java:1575) ~[na:na]

Hibernate: select u1_0.id,u1_0.correo_institucional,u1_0.fecha_creacion,u1_0.nombre_completo,u1_0.password_hash,u1_0.rol_admin,u1_0.rol_solicitante,u1_0.rol_tutor from usuarios u1_0 where u1_0.correo_institucional=?
Hibernate: select pt1_0.id,pt1_0.calificacion_promedio,pt1_0.descripcion,pt1_0.deuda_pendiente,pt1_0.semestre,pt1_0.usuario_id,pt1_0.verificado,pt1_0.visible from perfiles_tutor pt1_0 where pt1_0.usuario_id=?
Hibernate: select u1_0.id,u1_0.correo_institucional,u1_0.fecha_creacion,u1_0.nombre_completo,u1_0.password_hash,u1_0.rol_admin,u1_0.rol_solicitante,u1_0.rol_tutor from usuarios u1_0 where u1_0.correo_institucional=?
Hibernate: select pt1_0.id,pt1_0.calificacion_promedio,pt1_0.descripcion,pt1_0.deuda_pendiente,pt1_0.semestre,pt1_0.usuario_id,pt1_0.verificado,pt1_0.visible from perfiles_tutor pt1_0 where pt1_0.usuario_id=?
Hibernate: select u1_0.id,u1_0.correo_institucional,u1_0.fecha_creacion,u1_0.nombre_completo,u1_0.password_hash,u1_0.rol_admin,u1_0.rol_solicitante,u1_0.rol_tutor from usuarios u1_0 where u1_0.correo_institucional=?
Hibernate: select pt1_0.id,pt1_0.calificacion_promedio,pt1_0.descripcion,pt1_0.deuda_pendiente,pt1_0.semestre,pt1_0.usuario_id,pt1_0.verificado,pt1_0.visible from perfiles_tutor pt1_0 where pt1_0.usuario_id=?
Hibernate: select u1_0.id,u1_0.correo_institucional,u1_0.fecha_creacion,u1_0.nombre_completo,u1_0.password_hash,u1_0.rol_admin,u1_0.rol_solicitante,u1_0.rol_tutor from usuarios u1_0 where u1_0.correo_institucional=?
Hibernate: select pt1_0.id,pt1_0.calificacion_promedio,pt1_0.descripcion,pt1_0.deuda_pendiente,pt1_0.semestre,pt1_0.usuario_id,pt1_0.verificado,pt1_0.visible from perfiles_tutor pt1_0 where pt1_0.usuario_id=?
Hibernate: select u1_0.id,u1_0.correo_institucional,u1_0.fecha_creacion,u1_0.nombre_completo,u1_0.password_hash,u1_0.rol_admin,u1_0.rol_solicitante,u1_0.rol_tutor from usuarios u1_0 where u1_0.correo_institucional=?
Hibernate: select pt1_0.id,pt1_0.calificacion_promedio,pt1_0.descripcion,pt1_0.deuda_pendiente,pt1_0.semestre,pt1_0.usuario_id,pt1_0.verificado,pt1_0.visible from perfiles_tutor pt1_0 where pt1_0.usuario_id=?
Hibernate: select m1_0.id,m1_0.categoria,m1_0.nombre,m1_0.semestre_referencial,m1_0.tarifa_hora from materias m1_0 order by m1_0.categoria,m1_0.nombre
Hibernate: select pt1_0.id,pt1_0.calificacion_promedio,pt1_0.descripcion,pt1_0.deuda_pendiente,pt1_0.semestre,pt1_0.usuario_id,pt1_0.verificado,pt1_0.visible from perfiles_tutor pt1_0 where pt1_0.verificado=true and pt1_0.visible=true order by pt1_0.calificacion_promedio desc fetch first ? rows only
2026-06-14T22:22:47.338-05:00 ERROR 29908 --- [Tutomatch] [nio-8080-exec-7] org.thymeleaf.TemplateEngine             : [THYMELEAF][http-nio-8080-exec-7] Exception processing template "home": An error happened during template parsing (template: "class path resource [templates/home.html]")

org.thymeleaf.exceptions.TemplateInputException: An error happened during template parsing (template: "class path resource [templates/home.html]")
	at org.thymeleaf.templateparser.markup.AbstractMarkupTemplateParser.parse(AbstractMarkupTemplateParser.java:241) ~[thymeleaf-3.1.5.RELEASE.jar:3.1.5.RELEASE]
	at org.thymeleaf.templateparser.markup.AbstractMarkupTemplateParser.parseStandalone(AbstractMarkupTemplateParser.java:100) ~[thymeleaf-3.1.5.RELEASE.jar:3.1.5.RELEASE]
	at org.thymeleaf.engine.TemplateManager.parseAndProcess(TemplateManager.java:666) ~[thymeleaf-3.1.5.RELEASE.jar:3.1.5.RELEASE]
	at org.thymeleaf.TemplateEngine.process(TemplateEngine.java:1103) ~[thymeleaf-3.1.5.RELEASE.jar:3.1.5.RELEASE]
	at org.thymeleaf.TemplateEngine.process(TemplateEngine.java:1077) ~[thymeleaf-3.1.5.RELEASE.jar:3.1.5.RELEASE]
	at org.thymeleaf.spring6.view.ThymeleafView.renderFragment(ThymeleafView.java:374) ~[thymeleaf-spring6-3.1.5.RELEASE.jar:3.1.5.RELEASE]
	at org.thymeleaf.spring6.view.ThymeleafView.render(ThymeleafView.java:193) ~[thymeleaf-spring6-3.1.5.RELEASE.jar:3.1.5.RELEASE]
	at org.springframework.web.servlet.DispatcherServlet.render(DispatcherServlet.java:1305) ~[spring-webmvc-7.0.8.jar:7.0.8]
	at org.springframework.web.servlet.DispatcherServlet.processDispatchResult(DispatcherServlet.java:1042) ~[spring-webmvc-7.0.8.jar:7.0.8]
	at org.springframework.web.servlet.DispatcherServlet.doDispatch(DispatcherServlet.java:980) ~[spring-webmvc-7.0.8.jar:7.0.8]
	at org.springframework.web.servlet.DispatcherServlet.doService(DispatcherServlet.java:866) ~[spring-webmvc-7.0.8.jar:7.0.8]
	at org.springframework.web.servlet.FrameworkServlet.processRequest(FrameworkServlet.java:1000) ~[spring-webmvc-7.0.8.jar:7.0.8]
	at org.springframework.web.servlet.FrameworkServlet.doGet(FrameworkServlet.java:892) ~[spring-webmvc-7.0.8.jar:7.0.8]
	at jakarta.servlet.http.HttpServlet.service(HttpServlet.java:622) ~[tomcat-embed-core-11.0.22.jar:6.1]
	at org.springframework.web.servlet.FrameworkServlet.service(FrameworkServlet.java:874) ~[spring-webmvc-7.0.8.jar:7.0.8]
	at jakarta.servlet.http.HttpServlet.service(HttpServlet.java:710) ~[tomcat-embed-core-11.0.22.jar:6.1]
	at org.apache.catalina.core.ApplicationFilterChain.doFilter(ApplicationFilterChain.java:128) ~[tomcat-embed-core-11.0.22.jar:11.0.22]
	at org.apache.tomcat.websocket.server.WsFilter.doFilter(WsFilter.java:53) ~[tomcat-embed-websocket-11.0.22.jar:11.0.22]
	at org.apache.catalina.core.ApplicationFilterChain.doFilter(ApplicationFilterChain.java:107) ~[tomcat-embed-core-11.0.22.jar:11.0.22]
	at org.springframework.web.filter.OncePerRequestFilter.doFilter(OncePerRequestFilter.java:110) ~[spring-web-7.0.8.jar:7.0.8]
	at org.apache.catalina.core.ApplicationFilterChain.doFilter(ApplicationFilterChain.java:107) ~[tomcat-embed-core-11.0.22.jar:11.0.22]
	at org.springframework.web.filter.CompositeFilter$VirtualFilterChain.doFilter(CompositeFilter.java:108) ~[spring-web-7.0.8.jar:7.0.8]
	at org.springframework.security.web.FilterChainProxy.lambda$doFilterInternal$3(FilterChainProxy.java:235) ~[spring-security-web-7.0.6.jar:7.0.6]
	at org.springframework.security.web.FilterChainProxy$VirtualFilterChain.doFilter(FilterChainProxy.java:376) ~[spring-security-web-7.0.6.jar:7.0.6]
	at org.springframework.security.web.access.intercept.AuthorizationFilter.doFilter(AuthorizationFilter.java:101) ~[spring-security-web-7.0.6.jar:7.0.6]
	at org.springframework.security.web.FilterChainProxy$VirtualFilterChain.doFilter(FilterChainProxy.java:385) ~[spring-security-web-7.0.6.jar:7.0.6]
	at org.springframework.security.web.access.ExceptionTranslationFilter.doFilter(ExceptionTranslationFilter.java:126) ~[spring-security-web-7.0.6.jar:7.0.6]
	at org.springframework.security.web.access.ExceptionTranslationFilter.doFilter(ExceptionTranslationFilter.java:120) ~[spring-security-web-7.0.6.jar:7.0.6]
	at org.springframework.security.web.FilterChainProxy$VirtualFilterChain.doFilter(FilterChainProxy.java:385) ~[spring-security-web-7.0.6.jar:7.0.6]
	at org.springframework.security.web.session.SessionManagementFilter.doFilter(SessionManagementFilter.java:132) ~[spring-security-web-7.0.6.jar:7.0.6]
	at org.springframework.security.web.session.SessionManagementFilter.doFilter(SessionManagementFilter.java:86) ~[spring-security-web-7.0.6.jar:7.0.6]
	at org.springframework.security.web.FilterChainProxy$VirtualFilterChain.doFilter(FilterChainProxy.java:385) ~[spring-security-web-7.0.6.jar:7.0.6]
	at org.springframework.security.web.authentication.AnonymousAuthenticationFilter.doFilter(AnonymousAuthenticationFilter.java:100) ~[spring-security-web-7.0.6.jar:7.0.6]
	at org.springframework.security.web.FilterChainProxy$VirtualFilterChain.doFilter(FilterChainProxy.java:385) ~[spring-security-web-7.0.6.jar:7.0.6]
	at org.springframework.security.web.servletapi.SecurityContextHolderAwareRequestFilter.doFilter(SecurityContextHolderAwareRequestFilter.java:181) ~[spring-security-web-7.0.6.jar:7.0.6]
	at org.springframework.security.web.FilterChainProxy$VirtualFilterChain.doFilter(FilterChainProxy.java:385) ~[spring-security-web-7.0.6.jar:7.0.6]
	at org.springframework.security.web.savedrequest.RequestCacheAwareFilter.doFilter(RequestCacheAwareFilter.java:63) ~[spring-security-web-7.0.6.jar:7.0.6]
	at org.springframework.security.web.FilterChainProxy$VirtualFilterChain.doFilter(FilterChainProxy.java:385) ~[spring-security-web-7.0.6.jar:7.0.6]
	at com.uce.Tutomatch.security.JwtAuthenticationFilter.doFilterInternal(JwtAuthenticationFilter.java:61) ~[classes/:na]
	at org.springframework.web.filter.OncePerRequestFilter.doFilter(OncePerRequestFilter.java:116) ~[spring-web-7.0.8.jar:7.0.8]
	at org.springframework.security.web.FilterChainProxy$VirtualFilterChain.doFilter(FilterChainProxy.java:385) ~[spring-security-web-7.0.6.jar:7.0.6]
	at org.springframework.security.web.authentication.logout.LogoutFilter.doFilter(LogoutFilter.java:110) ~[spring-security-web-7.0.6.jar:7.0.6]
	at org.springframework.security.web.authentication.logout.LogoutFilter.doFilter(LogoutFilter.java:96) ~[spring-security-web-7.0.6.jar:7.0.6]
	at org.springframework.security.web.FilterChainProxy$VirtualFilterChain.doFilter(FilterChainProxy.java:385) ~[spring-security-web-7.0.6.jar:7.0.6]
	at org.springframework.security.web.header.HeaderWriterFilter.doHeadersAfter(HeaderWriterFilter.java:90) ~[spring-security-web-7.0.6.jar:7.0.6]
	at org.springframework.security.web.header.HeaderWriterFilter.doFilterInternal(HeaderWriterFilter.java:75) ~[spring-security-web-7.0.6.jar:7.0.6]
	at org.springframework.web.filter.OncePerRequestFilter.doFilter(OncePerRequestFilter.java:116) ~[spring-web-7.0.8.jar:7.0.8]
	at org.springframework.security.web.FilterChainProxy$VirtualFilterChain.doFilter(FilterChainProxy.java:385) ~[spring-security-web-7.0.6.jar:7.0.6]
	at org.springframework.security.web.context.SecurityContextHolderFilter.doFilter(SecurityContextHolderFilter.java:82) ~[spring-security-web-7.0.6.jar:7.0.6]
	at org.springframework.security.web.context.SecurityContextHolderFilter.doFilter(SecurityContextHolderFilter.java:69) ~[spring-security-web-7.0.6.jar:7.0.6]
	at org.springframework.security.web.FilterChainProxy$VirtualFilterChain.doFilter(FilterChainProxy.java:385) ~[spring-security-web-7.0.6.jar:7.0.6]
	at org.springframework.security.web.context.request.async.WebAsyncManagerIntegrationFilter.doFilterInternal(WebAsyncManagerIntegrationFilter.java:62) ~[spring-security-web-7.0.6.jar:7.0.6]
	at org.springframework.web.filter.OncePerRequestFilter.doFilter(OncePerRequestFilter.java:116) ~[spring-web-7.0.8.jar:7.0.8]
	at org.springframework.security.web.FilterChainProxy$VirtualFilterChain.doFilter(FilterChainProxy.java:385) ~[spring-security-web-7.0.6.jar:7.0.6]
	at org.springframework.security.web.session.DisableEncodeUrlFilter.doFilterInternal(DisableEncodeUrlFilter.java:42) ~[spring-security-web-7.0.6.jar:7.0.6]
	at org.springframework.web.filter.OncePerRequestFilter.doFilter(OncePerRequestFilter.java:116) ~[spring-web-7.0.8.jar:7.0.8]
	at org.springframework.security.web.FilterChainProxy$VirtualFilterChain.doFilter(FilterChainProxy.java:385) ~[spring-security-web-7.0.6.jar:7.0.6]
	at org.springframework.security.web.FilterChainProxy.doFilterInternal(FilterChainProxy.java:237) ~[spring-security-web-7.0.6.jar:7.0.6]
	at org.springframework.security.web.FilterChainProxy.doFilter(FilterChainProxy.java:195) ~[spring-security-web-7.0.6.jar:7.0.6]
	at org.springframework.web.filter.CompositeFilter$VirtualFilterChain.doFilter(CompositeFilter.java:113) ~[spring-web-7.0.8.jar:7.0.8]
	at org.springframework.web.filter.ServletRequestPathFilter.doFilter(ServletRequestPathFilter.java:52) ~[spring-web-7.0.8.jar:7.0.8]
	at org.springframework.web.filter.CompositeFilter$VirtualFilterChain.doFilter(CompositeFilter.java:113) ~[spring-web-7.0.8.jar:7.0.8]
	at org.springframework.web.filter.CompositeFilter.doFilter(CompositeFilter.java:74) ~[spring-web-7.0.8.jar:7.0.8]
	at org.springframework.security.config.annotation.web.configuration.WebSecurityConfiguration$CompositeFilterChainProxy.doFilter(WebSecurityConfiguration.java:317) ~[spring-security-config-7.0.6.jar:7.0.6]
	at org.springframework.web.filter.DelegatingFilterProxy.invokeDelegate(DelegatingFilterProxy.java:355) ~[spring-web-7.0.8.jar:7.0.8]
	at org.springframework.web.filter.DelegatingFilterProxy.doFilter(DelegatingFilterProxy.java:272) ~[spring-web-7.0.8.jar:7.0.8]
	at org.apache.catalina.core.ApplicationFilterChain.doFilter(ApplicationFilterChain.java:107) ~[tomcat-embed-core-11.0.22.jar:11.0.22]
	at org.springframework.web.filter.RequestContextFilter.doFilterInternal(RequestContextFilter.java:100) ~[spring-web-7.0.8.jar:7.0.8]
	at org.springframework.web.filter.OncePerRequestFilter.doFilter(OncePerRequestFilter.java:116) ~[spring-web-7.0.8.jar:7.0.8]
	at org.apache.catalina.core.ApplicationFilterChain.doFilter(ApplicationFilterChain.java:107) ~[tomcat-embed-core-11.0.22.jar:11.0.22]
	at org.springframework.web.filter.FormContentFilter.doFilterInternal(FormContentFilter.java:93) ~[spring-web-7.0.8.jar:7.0.8]
	at org.springframework.web.filter.OncePerRequestFilter.doFilter(OncePerRequestFilter.java:116) ~[spring-web-7.0.8.jar:7.0.8]
	at org.apache.catalina.core.ApplicationFilterChain.doFilter(ApplicationFilterChain.java:107) ~[tomcat-embed-core-11.0.22.jar:11.0.22]
	at org.springframework.web.filter.CharacterEncodingFilter.doFilterInternal(CharacterEncodingFilter.java:199) ~[spring-web-7.0.8.jar:7.0.8]
	at org.springframework.web.filter.OncePerRequestFilter.doFilter(OncePerRequestFilter.java:116) ~[spring-web-7.0.8.jar:7.0.8]
	at org.apache.catalina.core.ApplicationFilterChain.doFilter(ApplicationFilterChain.java:107) ~[tomcat-embed-core-11.0.22.jar:11.0.22]
	at org.apache.catalina.core.StandardWrapperValve.invoke(StandardWrapperValve.java:165) ~[tomcat-embed-core-11.0.22.jar:11.0.22]
	at org.apache.catalina.core.StandardContextValve.invoke(StandardContextValve.java:77) ~[tomcat-embed-core-11.0.22.jar:11.0.22]
	at org.apache.catalina.authenticator.AuthenticatorBase.invoke(AuthenticatorBase.java:492) ~[tomcat-embed-core-11.0.22.jar:11.0.22]
	at org.apache.catalina.core.StandardHostValve.invoke(StandardHostValve.java:113) ~[tomcat-embed-core-11.0.22.jar:11.0.22]
	at org.apache.catalina.valves.ErrorReportValve.invoke(ErrorReportValve.java:83) ~[tomcat-embed-core-11.0.22.jar:11.0.22]
	at org.apache.catalina.core.StandardEngineValve.invoke(StandardEngineValve.java:72) ~[tomcat-embed-core-11.0.22.jar:11.0.22]
	at org.apache.catalina.connector.CoyoteAdapter.service(CoyoteAdapter.java:341) ~[tomcat-embed-core-11.0.22.jar:11.0.22]
	at org.apache.coyote.http11.Http11Processor.service(Http11Processor.java:397) ~[tomcat-embed-core-11.0.22.jar:11.0.22]
	at org.apache.coyote.AbstractProcessorLight.process(AbstractProcessorLight.java:63) ~[tomcat-embed-core-11.0.22.jar:11.0.22]
	at org.apache.coyote.AbstractProtocol$ConnectionHandler.process(AbstractProtocol.java:1272) ~[tomcat-embed-core-11.0.22.jar:11.0.22]
	at org.apache.tomcat.util.net.NioEndpoint$SocketProcessor.doRun(NioEndpoint.java:1801) ~[tomcat-embed-core-11.0.22.jar:11.0.22]
	at org.apache.tomcat.util.net.SocketProcessorBase.run(SocketProcessorBase.java:52) ~[tomcat-embed-core-11.0.22.jar:11.0.22]
	at org.apache.tomcat.util.threads.ThreadPoolExecutor.runWorker(ThreadPoolExecutor.java:946) ~[tomcat-embed-core-11.0.22.jar:11.0.22]
	at org.apache.tomcat.util.threads.ThreadPoolExecutor$Worker.run(ThreadPoolExecutor.java:480) ~[tomcat-embed-core-11.0.22.jar:11.0.22]
	at org.apache.tomcat.util.threads.TaskThread$WrappingRunnable.run(TaskThread.java:57) ~[tomcat-embed-core-11.0.22.jar:11.0.22]
	at java.base/java.lang.Thread.run(Thread.java:1575) ~[na:na]
Caused by: org.attoparser.ParseException: Fragment '~{fragments/head :: head(${pageTitle})}' specifies synthetic (unnamed) parameters, but the resolved fragment does not match a fragment signature (th:fragment,data-th-fragment) which could apply names to the specified parameters. (template: "layout" - line 6, col 15)
	at org.attoparser.MarkupParser.parseDocument(MarkupParser.java:393) ~[attoparser-2.0.7.RELEASE.jar:2.0.7.RELEASE]
	at org.attoparser.MarkupParser.parse(MarkupParser.java:257) ~[attoparser-2.0.7.RELEASE.jar:2.0.7.RELEASE]
	at org.thymeleaf.templateparser.markup.AbstractMarkupTemplateParser.parse(AbstractMarkupTemplateParser.java:230) ~[thymeleaf-3.1.5.RELEASE.jar:3.1.5.RELEASE]
	... 91 common frames omitted
Caused by: org.thymeleaf.exceptions.TemplateProcessingException: Fragment '~{fragments/head :: head(${pageTitle})}' specifies synthetic (unnamed) parameters, but the resolved fragment does not match a fragment signature (th:fragment,data-th-fragment) which could apply names to the specified parameters. (template: "layout" - line 6, col 15)
	at org.thymeleaf.standard.processor.AbstractStandardFragmentInsertionTagProcessor.doProcess(AbstractStandardFragmentInsertionTagProcessor.java:208) ~[thymeleaf-3.1.5.RELEASE.jar:3.1.5.RELEASE]
	at org.thymeleaf.processor.element.AbstractAttributeTagProcessor.doProcess(AbstractAttributeTagProcessor.java:74) ~[thymeleaf-3.1.5.RELEASE.jar:3.1.5.RELEASE]
	at org.thymeleaf.processor.element.AbstractElementTagProcessor.process(AbstractElementTagProcessor.java:95) ~[thymeleaf-3.1.5.RELEASE.jar:3.1.5.RELEASE]
	at org.thymeleaf.util.ProcessorConfigurationUtils$ElementTagProcessorWrapper.process(ProcessorConfigurationUtils.java:633) ~[thymeleaf-3.1.5.RELEASE.jar:3.1.5.RELEASE]
	at org.thymeleaf.engine.ProcessorTemplateHandler.handleStandaloneElement(ProcessorTemplateHandler.java:918) ~[thymeleaf-3.1.5.RELEASE.jar:3.1.5.RELEASE]
	at org.thymeleaf.engine.StandaloneElementTag.beHandled(StandaloneElementTag.java:228) ~[thymeleaf-3.1.5.RELEASE.jar:3.1.5.RELEASE]
	at org.thymeleaf.engine.Model.process(Model.java:282) ~[thymeleaf-3.1.5.RELEASE.jar:3.1.5.RELEASE]
	at org.thymeleaf.engine.ProcessorTemplateHandler.handleOpenElement(ProcessorTemplateHandler.java:1587) ~[thymeleaf-3.1.5.RELEASE.jar:3.1.5.RELEASE]
	at org.thymeleaf.engine.OpenElementTag.beHandled(OpenElementTag.java:205) ~[thymeleaf-3.1.5.RELEASE.jar:3.1.5.RELEASE]
	at org.thymeleaf.engine.Model.process(Model.java:282) ~[thymeleaf-3.1.5.RELEASE.jar:3.1.5.RELEASE]
	at org.thymeleaf.engine.Model.process(Model.java:290) ~[thymeleaf-3.1.5.RELEASE.jar:3.1.5.RELEASE]
	at org.thymeleaf.engine.GatheringModelProcessable.process(GatheringModelProcessable.java:78) ~[thymeleaf-3.1.5.RELEASE.jar:3.1.5.RELEASE]
	at org.thymeleaf.engine.ProcessorTemplateHandler.handleCloseElement(ProcessorTemplateHandler.java:1640) ~[thymeleaf-3.1.5.RELEASE.jar:3.1.5.RELEASE]
	at org.thymeleaf.engine.TemplateHandlerAdapterMarkupHandler.handleCloseElementEnd(TemplateHandlerAdapterMarkupHandler.java:388) ~[thymeleaf-3.1.5.RELEASE.jar:3.1.5.RELEASE]
	at org.thymeleaf.templateparser.markup.InlinedOutputExpressionMarkupHandler$InlineMarkupAdapterPreProcessorHandler.handleCloseElementEnd(InlinedOutputExpressionMarkupHandler.java:322) ~[thymeleaf-3.1.5.RELEASE.jar:3.1.5.RELEASE]
	at org.thymeleaf.standard.inline.OutputExpressionInlinePreProcessorHandler.handleCloseElementEnd(OutputExpressionInlinePreProcessorHandler.java:220) ~[thymeleaf-3.1.5.RELEASE.jar:3.1.5.RELEASE]
	at org.thymeleaf.templateparser.markup.InlinedOutputExpressionMarkupHandler.handleCloseElementEnd(InlinedOutputExpressionMarkupHandler.java:164) ~[thymeleaf-3.1.5.RELEASE.jar:3.1.5.RELEASE]
	at org.attoparser.HtmlElement.handleCloseElementEnd(HtmlElement.java:169) ~[attoparser-2.0.7.RELEASE.jar:2.0.7.RELEASE]
	at org.attoparser.HtmlMarkupHandler.handleCloseElementEnd(HtmlMarkupHandler.java:412) ~[attoparser-2.0.7.RELEASE.jar:2.0.7.RELEASE]
	at org.attoparser.MarkupEventProcessorHandler.handleCloseElementEnd(MarkupEventProcessorHandler.java:473) ~[attoparser-2.0.7.RELEASE.jar:2.0.7.RELEASE]
	at org.attoparser.ParsingElementMarkupUtil.parseCloseElement(ParsingElementMarkupUtil.java:201) ~[attoparser-2.0.7.RELEASE.jar:2.0.7.RELEASE]
	at org.attoparser.MarkupParser.parseBuffer(MarkupParser.java:725) ~[attoparser-2.0.7.RELEASE.jar:2.0.7.RELEASE]
	at org.attoparser.MarkupParser.parseDocument(MarkupParser.java:301) ~[attoparser-2.0.7.RELEASE.jar:2.0.7.RELEASE]
	... 93 common frames omitted

2026-06-14T22:22:47.338-05:00 ERROR 29908 --- [Tutomatch] [nio-8080-exec-7] o.a.c.c.C.[.[.[/].[dispatcherServlet]    : Servlet.service() for servlet [dispatcherServlet] in context with path [] threw exception [Request processing failed: org.thymeleaf.exceptions.TemplateInputException: An error happened during template parsing (template: "class path resource [templates/home.html]")] with root cause

org.thymeleaf.exceptions.TemplateProcessingException: Fragment '~{fragments/head :: head(${pageTitle})}' specifies synthetic (unnamed) parameters, but the resolved fragment does not match a fragment signature (th:fragment,data-th-fragment) which could apply names to the specified parameters. (template: "layout" - line 6, col 15)
	at org.thymeleaf.standard.processor.AbstractStandardFragmentInsertionTagProcessor.doProcess(AbstractStandardFragmentInsertionTagProcessor.java:208) ~[thymeleaf-3.1.5.RELEASE.jar:3.1.5.RELEASE]
	at org.thymeleaf.processor.element.AbstractAttributeTagProcessor.doProcess(AbstractAttributeTagProcessor.java:74) ~[thymeleaf-3.1.5.RELEASE.jar:3.1.5.RELEASE]
	at org.thymeleaf.processor.element.AbstractElementTagProcessor.process(AbstractElementTagProcessor.java:95) ~[thymeleaf-3.1.5.RELEASE.jar:3.1.5.RELEASE]
	at org.thymeleaf.util.ProcessorConfigurationUtils$ElementTagProcessorWrapper.process(ProcessorConfigurationUtils.java:633) ~[thymeleaf-3.1.5.RELEASE.jar:3.1.5.RELEASE]
	at org.thymeleaf.engine.ProcessorTemplateHandler.handleStandaloneElement(ProcessorTemplateHandler.java:918) ~[thymeleaf-3.1.5.RELEASE.jar:3.1.5.RELEASE]
	at org.thymeleaf.engine.StandaloneElementTag.beHandled(StandaloneElementTag.java:228) ~[thymeleaf-3.1.5.RELEASE.jar:3.1.5.RELEASE]
	at org.thymeleaf.engine.Model.process(Model.java:282) ~[thymeleaf-3.1.5.RELEASE.jar:3.1.5.RELEASE]
	at org.thymeleaf.engine.ProcessorTemplateHandler.handleOpenElement(ProcessorTemplateHandler.java:1587) ~[thymeleaf-3.1.5.RELEASE.jar:3.1.5.RELEASE]
	at org.thymeleaf.engine.OpenElementTag.beHandled(OpenElementTag.java:205) ~[thymeleaf-3.1.5.RELEASE.jar:3.1.5.RELEASE]
	at org.thymeleaf.engine.Model.process(Model.java:282) ~[thymeleaf-3.1.5.RELEASE.jar:3.1.5.RELEASE]
	at org.thymeleaf.engine.Model.process(Model.java:290) ~[thymeleaf-3.1.5.RELEASE.jar:3.1.5.RELEASE]
	at org.thymeleaf.engine.GatheringModelProcessable.process(GatheringModelProcessable.java:78) ~[thymeleaf-3.1.5.RELEASE.jar:3.1.5.RELEASE]
	at org.thymeleaf.engine.ProcessorTemplateHandler.handleCloseElement(ProcessorTemplateHandler.java:1640) ~[thymeleaf-3.1.5.RELEASE.jar:3.1.5.RELEASE]
	at org.thymeleaf.engine.TemplateHandlerAdapterMarkupHandler.handleCloseElementEnd(TemplateHandlerAdapterMarkupHandler.java:388) ~[thymeleaf-3.1.5.RELEASE.jar:3.1.5.RELEASE]
	at org.thymeleaf.templateparser.markup.InlinedOutputExpressionMarkupHandler$InlineMarkupAdapterPreProcessorHandler.handleCloseElementEnd(InlinedOutputExpressionMarkupHandler.java:322) ~[thymeleaf-3.1.5.RELEASE.jar:3.1.5.RELEASE]
	at org.thymeleaf.standard.inline.OutputExpressionInlinePreProcessorHandler.handleCloseElementEnd(OutputExpressionInlinePreProcessorHandler.java:220) ~[thymeleaf-3.1.5.RELEASE.jar:3.1.5.RELEASE]
	at org.thymeleaf.templateparser.markup.InlinedOutputExpressionMarkupHandler.handleCloseElementEnd(InlinedOutputExpressionMarkupHandler.java:164) ~[thymeleaf-3.1.5.RELEASE.jar:3.1.5.RELEASE]
	at org.attoparser.HtmlElement.handleCloseElementEnd(HtmlElement.java:169) ~[attoparser-2.0.7.RELEASE.jar:2.0.7.RELEASE]
	at org.attoparser.HtmlMarkupHandler.handleCloseElementEnd(HtmlMarkupHandler.java:412) ~[attoparser-2.0.7.RELEASE.jar:2.0.7.RELEASE]
	at org.attoparser.MarkupEventProcessorHandler.handleCloseElementEnd(MarkupEventProcessorHandler.java:473) ~[attoparser-2.0.7.RELEASE.jar:2.0.7.RELEASE]
	at org.attoparser.ParsingElementMarkupUtil.parseCloseElement(ParsingElementMarkupUtil.java:201) ~[attoparser-2.0.7.RELEASE.jar:2.0.7.RELEASE]
	at org.attoparser.MarkupParser.parseBuffer(MarkupParser.java:725) ~[attoparser-2.0.7.RELEASE.jar:2.0.7.RELEASE]
	at org.attoparser.MarkupParser.parseDocument(MarkupParser.java:301) ~[attoparser-2.0.7.RELEASE.jar:2.0.7.RELEASE]
	at org.attoparser.MarkupParser.parse(MarkupParser.java:257) ~[attoparser-2.0.7.RELEASE.jar:2.0.7.RELEASE]
	at org.thymeleaf.templateparser.markup.AbstractMarkupTemplateParser.parse(AbstractMarkupTemplateParser.java:230) ~[thymeleaf-3.1.5.RELEASE.jar:3.1.5.RELEASE]
	at org.thymeleaf.templateparser.markup.AbstractMarkupTemplateParser.parseStandalone(AbstractMarkupTemplateParser.java:100) ~[thymeleaf-3.1.5.RELEASE.jar:3.1.5.RELEASE]
	at org.thymeleaf.engine.TemplateManager.parseAndProcess(TemplateManager.java:666) ~[thymeleaf-3.1.5.RELEASE.jar:3.1.5.RELEASE]
	at org.thymeleaf.TemplateEngine.process(TemplateEngine.java:1103) ~[thymeleaf-3.1.5.RELEASE.jar:3.1.5.RELEASE]
	at org.thymeleaf.TemplateEngine.process(TemplateEngine.java:1077) ~[thymeleaf-3.1.5.RELEASE.jar:3.1.5.RELEASE]
	at org.thymeleaf.spring6.view.ThymeleafView.renderFragment(ThymeleafView.java:374) ~[thymeleaf-spring6-3.1.5.RELEASE.jar:3.1.5.RELEASE]
	at org.thymeleaf.spring6.view.ThymeleafView.render(ThymeleafView.java:193) ~[thymeleaf-spring6-3.1.5.RELEASE.jar:3.1.5.RELEASE]
	at org.springframework.web.servlet.DispatcherServlet.render(DispatcherServlet.java:1305) ~[spring-webmvc-7.0.8.jar:7.0.8]
	at org.springframework.web.servlet.DispatcherServlet.processDispatchResult(DispatcherServlet.java:1042) ~[spring-webmvc-7.0.8.jar:7.0.8]
	at org.springframework.web.servlet.DispatcherServlet.doDispatch(DispatcherServlet.java:980) ~[spring-webmvc-7.0.8.jar:7.0.8]
	at org.springframework.web.servlet.DispatcherServlet.doService(DispatcherServlet.java:866) ~[spring-webmvc-7.0.8.jar:7.0.8]
	at org.springframework.web.servlet.FrameworkServlet.processRequest(FrameworkServlet.java:1000) ~[spring-webmvc-7.0.8.jar:7.0.8]
	at org.springframework.web.servlet.FrameworkServlet.doGet(FrameworkServlet.java:892) ~[spring-webmvc-7.0.8.jar:7.0.8]
	at jakarta.servlet.http.HttpServlet.service(HttpServlet.java:622) ~[tomcat-embed-core-11.0.22.jar:6.1]
	at org.springframework.web.servlet.FrameworkServlet.service(FrameworkServlet.java:874) ~[spring-webmvc-7.0.8.jar:7.0.8]
	at jakarta.servlet.http.HttpServlet.service(HttpServlet.java:710) ~[tomcat-embed-core-11.0.22.jar:6.1]
	at org.apache.catalina.core.ApplicationFilterChain.doFilter(ApplicationFilterChain.java:128) ~[tomcat-embed-core-11.0.22.jar:11.0.22]
	at org.apache.tomcat.websocket.server.WsFilter.doFilter(WsFilter.java:53) ~[tomcat-embed-websocket-11.0.22.jar:11.0.22]
	at org.apache.catalina.core.ApplicationFilterChain.doFilter(ApplicationFilterChain.java:107) ~[tomcat-embed-core-11.0.22.jar:11.0.22]
	at org.springframework.web.filter.OncePerRequestFilter.doFilter(OncePerRequestFilter.java:110) ~[spring-web-7.0.8.jar:7.0.8]
	at org.apache.catalina.core.ApplicationFilterChain.doFilter(ApplicationFilterChain.java:107) ~[tomcat-embed-core-11.0.22.jar:11.0.22]
	at org.springframework.web.filter.CompositeFilter$VirtualFilterChain.doFilter(CompositeFilter.java:108) ~[spring-web-7.0.8.jar:7.0.8]
	at org.springframework.security.web.FilterChainProxy.lambda$doFilterInternal$3(FilterChainProxy.java:235) ~[spring-security-web-7.0.6.jar:7.0.6]
	at org.springframework.security.web.FilterChainProxy$VirtualFilterChain.doFilter(FilterChainProxy.java:376) ~[spring-security-web-7.0.6.jar:7.0.6]
	at org.springframework.security.web.access.intercept.AuthorizationFilter.doFilter(AuthorizationFilter.java:101) ~[spring-security-web-7.0.6.jar:7.0.6]
	at org.springframework.security.web.FilterChainProxy$VirtualFilterChain.doFilter(FilterChainProxy.java:385) ~[spring-security-web-7.0.6.jar:7.0.6]
	at org.springframework.security.web.access.ExceptionTranslationFilter.doFilter(ExceptionTranslationFilter.java:126) ~[spring-security-web-7.0.6.jar:7.0.6]
	at org.springframework.security.web.access.ExceptionTranslationFilter.doFilter(ExceptionTranslationFilter.java:120) ~[spring-security-web-7.0.6.jar:7.0.6]
	at org.springframework.security.web.FilterChainProxy$VirtualFilterChain.doFilter(FilterChainProxy.java:385) ~[spring-security-web-7.0.6.jar:7.0.6]
	at org.springframework.security.web.session.SessionManagementFilter.doFilter(SessionManagementFilter.java:132) ~[spring-security-web-7.0.6.jar:7.0.6]
	at org.springframework.security.web.session.SessionManagementFilter.doFilter(SessionManagementFilter.java:86) ~[spring-security-web-7.0.6.jar:7.0.6]
	at org.springframework.security.web.FilterChainProxy$VirtualFilterChain.doFilter(FilterChainProxy.java:385) ~[spring-security-web-7.0.6.jar:7.0.6]
	at org.springframework.security.web.authentication.AnonymousAuthenticationFilter.doFilter(AnonymousAuthenticationFilter.java:100) ~[spring-security-web-7.0.6.jar:7.0.6]
	at org.springframework.security.web.FilterChainProxy$VirtualFilterChain.doFilter(FilterChainProxy.java:385) ~[spring-security-web-7.0.6.jar:7.0.6]
	at org.springframework.security.web.servletapi.SecurityContextHolderAwareRequestFilter.doFilter(SecurityContextHolderAwareRequestFilter.java:181) ~[spring-security-web-7.0.6.jar:7.0.6]
	at org.springframework.security.web.FilterChainProxy$VirtualFilterChain.doFilter(FilterChainProxy.java:385) ~[spring-security-web-7.0.6.jar:7.0.6]
	at org.springframework.security.web.savedrequest.RequestCacheAwareFilter.doFilter(RequestCacheAwareFilter.java:63) ~[spring-security-web-7.0.6.jar:7.0.6]
	at org.springframework.security.web.FilterChainProxy$VirtualFilterChain.doFilter(FilterChainProxy.java:385) ~[spring-security-web-7.0.6.jar:7.0.6]
	at com.uce.Tutomatch.security.JwtAuthenticationFilter.doFilterInternal(JwtAuthenticationFilter.java:61) ~[classes/:na]
	at org.springframework.web.filter.OncePerRequestFilter.doFilter(OncePerRequestFilter.java:116) ~[spring-web-7.0.8.jar:7.0.8]
	at org.springframework.security.web.FilterChainProxy$VirtualFilterChain.doFilter(FilterChainProxy.java:385) ~[spring-security-web-7.0.6.jar:7.0.6]
	at org.springframework.security.web.authentication.logout.LogoutFilter.doFilter(LogoutFilter.java:110) ~[spring-security-web-7.0.6.jar:7.0.6]
	at org.springframework.security.web.authentication.logout.LogoutFilter.doFilter(LogoutFilter.java:96) ~[spring-security-web-7.0.6.jar:7.0.6]
	at org.springframework.security.web.FilterChainProxy$VirtualFilterChain.doFilter(FilterChainProxy.java:385) ~[spring-security-web-7.0.6.jar:7.0.6]
	at org.springframework.security.web.header.HeaderWriterFilter.doHeadersAfter(HeaderWriterFilter.java:90) ~[spring-security-web-7.0.6.jar:7.0.6]
	at org.springframework.security.web.header.HeaderWriterFilter.doFilterInternal(HeaderWriterFilter.java:75) ~[spring-security-web-7.0.6.jar:7.0.6]
	at org.springframework.web.filter.OncePerRequestFilter.doFilter(OncePerRequestFilter.java:116) ~[spring-web-7.0.8.jar:7.0.8]
	at org.springframework.security.web.FilterChainProxy$VirtualFilterChain.doFilter(FilterChainProxy.java:385) ~[spring-security-web-7.0.6.jar:7.0.6]
	at org.springframework.security.web.context.SecurityContextHolderFilter.doFilter(SecurityContextHolderFilter.java:82) ~[spring-security-web-7.0.6.jar:7.0.6]
	at org.springframework.security.web.context.SecurityContextHolderFilter.doFilter(SecurityContextHolderFilter.java:69) ~[spring-security-web-7.0.6.jar:7.0.6]
	at org.springframework.security.web.FilterChainProxy$VirtualFilterChain.doFilter(FilterChainProxy.java:385) ~[spring-security-web-7.0.6.jar:7.0.6]
	at org.springframework.security.web.context.request.async.WebAsyncManagerIntegrationFilter.doFilterInternal(WebAsyncManagerIntegrationFilter.java:62) ~[spring-security-web-7.0.6.jar:7.0.6]
	at org.springframework.web.filter.OncePerRequestFilter.doFilter(OncePerRequestFilter.java:116) ~[spring-web-7.0.8.jar:7.0.8]
	at org.springframework.security.web.FilterChainProxy$VirtualFilterChain.doFilter(FilterChainProxy.java:385) ~[spring-security-web-7.0.6.jar:7.0.6]
	at org.springframework.security.web.session.DisableEncodeUrlFilter.doFilterInternal(DisableEncodeUrlFilter.java:42) ~[spring-security-web-7.0.6.jar:7.0.6]
	at org.springframework.web.filter.OncePerRequestFilter.doFilter(OncePerRequestFilter.java:116) ~[spring-web-7.0.8.jar:7.0.8]
	at org.springframework.security.web.FilterChainProxy$VirtualFilterChain.doFilter(FilterChainProxy.java:385) ~[spring-security-web-7.0.6.jar:7.0.6]
	at org.springframework.security.web.FilterChainProxy.doFilterInternal(FilterChainProxy.java:237) ~[spring-security-web-7.0.6.jar:7.0.6]
	at org.springframework.security.web.FilterChainProxy.doFilter(FilterChainProxy.java:195) ~[spring-security-web-7.0.6.jar:7.0.6]
	at org.springframework.web.filter.CompositeFilter$VirtualFilterChain.doFilter(CompositeFilter.java:113) ~[spring-web-7.0.8.jar:7.0.8]
	at org.springframework.web.filter.ServletRequestPathFilter.doFilter(ServletRequestPathFilter.java:52) ~[spring-web-7.0.8.jar:7.0.8]
	at org.springframework.web.filter.CompositeFilter$VirtualFilterChain.doFilter(CompositeFilter.java:113) ~[spring-web-7.0.8.jar:7.0.8]
	at org.springframework.web.filter.CompositeFilter.doFilter(CompositeFilter.java:74) ~[spring-web-7.0.8.jar:7.0.8]
	at org.springframework.security.config.annotation.web.configuration.WebSecurityConfiguration$CompositeFilterChainProxy.doFilter(WebSecurityConfiguration.java:317) ~[spring-security-config-7.0.6.jar:7.0.6]
	at org.springframework.web.filter.DelegatingFilterProxy.invokeDelegate(DelegatingFilterProxy.java:355) ~[spring-web-7.0.8.jar:7.0.8]
	at org.springframework.web.filter.DelegatingFilterProxy.doFilter(DelegatingFilterProxy.java:272) ~[spring-web-7.0.8.jar:7.0.8]
	at org.apache.catalina.core.ApplicationFilterChain.doFilter(ApplicationFilterChain.java:107) ~[tomcat-embed-core-11.0.22.jar:11.0.22]
	at org.springframework.web.filter.RequestContextFilter.doFilterInternal(RequestContextFilter.java:100) ~[spring-web-7.0.8.jar:7.0.8]
	at org.springframework.web.filter.OncePerRequestFilter.doFilter(OncePerRequestFilter.java:116) ~[spring-web-7.0.8.jar:7.0.8]
	at org.apache.catalina.core.ApplicationFilterChain.doFilter(ApplicationFilterChain.java:107) ~[tomcat-embed-core-11.0.22.jar:11.0.22]
	at org.springframework.web.filter.FormContentFilter.doFilterInternal(FormContentFilter.java:93) ~[spring-web-7.0.8.jar:7.0.8]
	at org.springframework.web.filter.OncePerRequestFilter.doFilter(OncePerRequestFilter.java:116) ~[spring-web-7.0.8.jar:7.0.8]
	at org.apache.catalina.core.ApplicationFilterChain.doFilter(ApplicationFilterChain.java:107) ~[tomcat-embed-core-11.0.22.jar:11.0.22]
	at org.springframework.web.filter.CharacterEncodingFilter.doFilterInternal(CharacterEncodingFilter.java:199) ~[spring-web-7.0.8.jar:7.0.8]
	at org.springframework.web.filter.OncePerRequestFilter.doFilter(OncePerRequestFilter.java:116) ~[spring-web-7.0.8.jar:7.0.8]
	at org.apache.catalina.core.ApplicationFilterChain.doFilter(ApplicationFilterChain.java:107) ~[tomcat-embed-core-11.0.22.jar:11.0.22]
	at org.apache.catalina.core.StandardWrapperValve.invoke(StandardWrapperValve.java:165) ~[tomcat-embed-core-11.0.22.jar:11.0.22]
	at org.apache.catalina.core.StandardContextValve.invoke(StandardContextValve.java:77) ~[tomcat-embed-core-11.0.22.jar:11.0.22]
	at org.apache.catalina.authenticator.AuthenticatorBase.invoke(AuthenticatorBase.java:492) ~[tomcat-embed-core-11.0.22.jar:11.0.22]
	at org.apache.catalina.core.StandardHostValve.invoke(StandardHostValve.java:113) ~[tomcat-embed-core-11.0.22.jar:11.0.22]
	at org.apache.catalina.valves.ErrorReportValve.invoke(ErrorReportValve.java:83) ~[tomcat-embed-core-11.0.22.jar:11.0.22]
	at org.apache.catalina.core.StandardEngineValve.invoke(StandardEngineValve.java:72) ~[tomcat-embed-core-11.0.22.jar:11.0.22]
	at org.apache.catalina.connector.CoyoteAdapter.service(CoyoteAdapter.java:341) ~[tomcat-embed-core-11.0.22.jar:11.0.22]
	at org.apache.coyote.http11.Http11Processor.service(Http11Processor.java:397) ~[tomcat-embed-core-11.0.22.jar:11.0.22]
	at org.apache.coyote.AbstractProcessorLight.process(AbstractProcessorLight.java:63) ~[tomcat-embed-core-11.0.22.jar:11.0.22]
	at org.apache.coyote.AbstractProtocol$ConnectionHandler.process(AbstractProtocol.java:1272) ~[tomcat-embed-core-11.0.22.jar:11.0.22]
	at org.apache.tomcat.util.net.NioEndpoint$SocketProcessor.doRun(NioEndpoint.java:1801) ~[tomcat-embed-core-11.0.22.jar:11.0.22]
	at org.apache.tomcat.util.net.SocketProcessorBase.run(SocketProcessorBase.java:52) ~[tomcat-embed-core-11.0.22.jar:11.0.22]
	at org.apache.tomcat.util.threads.ThreadPoolExecutor.runWorker(ThreadPoolExecutor.java:946) ~[tomcat-embed-core-11.0.22.jar:11.0.22]
	at org.apache.tomcat.util.threads.ThreadPoolExecutor$Worker.run(ThreadPoolExecutor.java:480) ~[tomcat-embed-core-11.0.22.jar:11.0.22]
	at org.apache.tomcat.util.threads.TaskThread$WrappingRunnable.run(TaskThread.java:57) ~[tomcat-embed-core-11.0.22.jar:11.0.22]
	at java.base/java.lang.Thread.run(Thread.java:1575) ~[na:na]

Hibernate: select u1_0.id,u1_0.correo_institucional,u1_0.fecha_creacion,u1_0.nombre_completo,u1_0.password_hash,u1_0.rol_admin,u1_0.rol_solicitante,u1_0.rol_tutor from usuarios u1_0 where u1_0.correo_institucional=?
Hibernate: select pt1_0.id,pt1_0.calificacion_promedio,pt1_0.descripcion,pt1_0.deuda_pendiente,pt1_0.semestre,pt1_0.usuario_id,pt1_0.verificado,pt1_0.visible from perfiles_tutor pt1_0 where pt1_0.usuario_id=?
Hibernate: select u1_0.id,u1_0.correo_institucional,u1_0.fecha_creacion,u1_0.nombre_completo,u1_0.password_hash,u1_0.rol_admin,u1_0.rol_solicitante,u1_0.rol_tutor from usuarios u1_0 where u1_0.correo_institucional=?
Hibernate: select pt1_0.id,pt1_0.calificacion_promedio,pt1_0.descripcion,pt1_0.deuda_pendiente,pt1_0.semestre,pt1_0.usuario_id,pt1_0.verificado,pt1_0.visible from perfiles_tutor pt1_0 where pt1_0.usuario_id=?
Hibernate: select u1_0.id,u1_0.correo_institucional,u1_0.fecha_creacion,u1_0.nombre_completo,u1_0.password_hash,u1_0.rol_admin,u1_0.rol_solicitante,u1_0.rol_tutor from usuarios u1_0 where u1_0.correo_institucional=?
Hibernate: select pt1_0.id,pt1_0.calificacion_promedio,pt1_0.descripcion,pt1_0.deuda_pendiente,pt1_0.semestre,pt1_0.usuario_id,pt1_0.verificado,pt1_0.visible from perfiles_tutor pt1_0 where pt1_0.usuario_id=?
Hibernate: select u1_0.id,u1_0.correo_institucional,u1_0.fecha_creacion,u1_0.nombre_completo,u1_0.password_hash,u1_0.rol_admin,u1_0.rol_solicitante,u1_0.rol_tutor from usuarios u1_0 where u1_0.correo_institucional=?
Hibernate: select pt1_0.id,pt1_0.calificacion_promedio,pt1_0.descripcion,pt1_0.deuda_pendiente,pt1_0.semestre,pt1_0.usuario_id,pt1_0.verificado,pt1_0.visible from perfiles_tutor pt1_0 where pt1_0.usuario_id=?
Hibernate: select u1_0.id,u1_0.correo_institucional,u1_0.fecha_creacion,u1_0.nombre_completo,u1_0.password_hash,u1_0.rol_admin,u1_0.rol_solicitante,u1_0.rol_tutor from usuarios u1_0 where u1_0.correo_institucional=?
Hibernate: select pt1_0.id,pt1_0.calificacion_promedio,pt1_0.descripcion,pt1_0.deuda_pendiente,pt1_0.semestre,pt1_0.usuario_id,pt1_0.verificado,pt1_0.visible from perfiles_tutor pt1_0 where pt1_0.usuario_id=?
Hibernate: select m1_0.id,m1_0.categoria,m1_0.nombre,m1_0.semestre_referencial,m1_0.tarifa_hora from materias m1_0 order by m1_0.categoria,m1_0.nombre
Hibernate: select pt1_0.id,pt1_0.calificacion_promedio,pt1_0.descripcion,pt1_0.deuda_pendiente,pt1_0.semestre,pt1_0.usuario_id,pt1_0.verificado,pt1_0.visible from perfiles_tutor pt1_0 where pt1_0.verificado=true and pt1_0.visible=true order by pt1_0.calificacion_promedio desc fetch first ? rows only
2026-06-14T22:22:51.298-05:00 ERROR 29908 --- [Tutomatch] [nio-8080-exec-2] org.thymeleaf.TemplateEngine             : [THYMELEAF][http-nio-8080-exec-2] Exception processing template "home": An error happened during template parsing (template: "class path resource [templates/home.html]")

org.thymeleaf.exceptions.TemplateInputException: An error happened during template parsing (template: "class path resource [templates/home.html]")
	at org.thymeleaf.templateparser.markup.AbstractMarkupTemplateParser.parse(AbstractMarkupTemplateParser.java:241) ~[thymeleaf-3.1.5.RELEASE.jar:3.1.5.RELEASE]
	at org.thymeleaf.templateparser.markup.AbstractMarkupTemplateParser.parseStandalone(AbstractMarkupTemplateParser.java:100) ~[thymeleaf-3.1.5.RELEASE.jar:3.1.5.RELEASE]
	at org.thymeleaf.engine.TemplateManager.parseAndProcess(TemplateManager.java:666) ~[thymeleaf-3.1.5.RELEASE.jar:3.1.5.RELEASE]
	at org.thymeleaf.TemplateEngine.process(TemplateEngine.java:1103) ~[thymeleaf-3.1.5.RELEASE.jar:3.1.5.RELEASE]
	at org.thymeleaf.TemplateEngine.process(TemplateEngine.java:1077) ~[thymeleaf-3.1.5.RELEASE.jar:3.1.5.RELEASE]
	at org.thymeleaf.spring6.view.ThymeleafView.renderFragment(ThymeleafView.java:374) ~[thymeleaf-spring6-3.1.5.RELEASE.jar:3.1.5.RELEASE]
	at org.thymeleaf.spring6.view.ThymeleafView.render(ThymeleafView.java:193) ~[thymeleaf-spring6-3.1.5.RELEASE.jar:3.1.5.RELEASE]
	at org.springframework.web.servlet.DispatcherServlet.render(DispatcherServlet.java:1305) ~[spring-webmvc-7.0.8.jar:7.0.8]
	at org.springframework.web.servlet.DispatcherServlet.processDispatchResult(DispatcherServlet.java:1042) ~[spring-webmvc-7.0.8.jar:7.0.8]
	at org.springframework.web.servlet.DispatcherServlet.doDispatch(DispatcherServlet.java:980) ~[spring-webmvc-7.0.8.jar:7.0.8]
	at org.springframework.web.servlet.DispatcherServlet.doService(DispatcherServlet.java:866) ~[spring-webmvc-7.0.8.jar:7.0.8]
	at org.springframework.web.servlet.FrameworkServlet.processRequest(FrameworkServlet.java:1000) ~[spring-webmvc-7.0.8.jar:7.0.8]
	at org.springframework.web.servlet.FrameworkServlet.doGet(FrameworkServlet.java:892) ~[spring-webmvc-7.0.8.jar:7.0.8]
	at jakarta.servlet.http.HttpServlet.service(HttpServlet.java:622) ~[tomcat-embed-core-11.0.22.jar:6.1]
	at org.springframework.web.servlet.FrameworkServlet.service(FrameworkServlet.java:874) ~[spring-webmvc-7.0.8.jar:7.0.8]
	at jakarta.servlet.http.HttpServlet.service(HttpServlet.java:710) ~[tomcat-embed-core-11.0.22.jar:6.1]
	at org.apache.catalina.core.ApplicationFilterChain.doFilter(ApplicationFilterChain.java:128) ~[tomcat-embed-core-11.0.22.jar:11.0.22]
	at org.apache.tomcat.websocket.server.WsFilter.doFilter(WsFilter.java:53) ~[tomcat-embed-websocket-11.0.22.jar:11.0.22]
	at org.apache.catalina.core.ApplicationFilterChain.doFilter(ApplicationFilterChain.java:107) ~[tomcat-embed-core-11.0.22.jar:11.0.22]
	at org.springframework.web.filter.OncePerRequestFilter.doFilter(OncePerRequestFilter.java:110) ~[spring-web-7.0.8.jar:7.0.8]
	at org.apache.catalina.core.ApplicationFilterChain.doFilter(ApplicationFilterChain.java:107) ~[tomcat-embed-core-11.0.22.jar:11.0.22]
	at org.springframework.web.filter.CompositeFilter$VirtualFilterChain.doFilter(CompositeFilter.java:108) ~[spring-web-7.0.8.jar:7.0.8]
	at org.springframework.security.web.FilterChainProxy.lambda$doFilterInternal$3(FilterChainProxy.java:235) ~[spring-security-web-7.0.6.jar:7.0.6]
	at org.springframework.security.web.FilterChainProxy$VirtualFilterChain.doFilter(FilterChainProxy.java:376) ~[spring-security-web-7.0.6.jar:7.0.6]
	at org.springframework.security.web.access.intercept.AuthorizationFilter.doFilter(AuthorizationFilter.java:101) ~[spring-security-web-7.0.6.jar:7.0.6]
	at org.springframework.security.web.FilterChainProxy$VirtualFilterChain.doFilter(FilterChainProxy.java:385) ~[spring-security-web-7.0.6.jar:7.0.6]
	at org.springframework.security.web.access.ExceptionTranslationFilter.doFilter(ExceptionTranslationFilter.java:126) ~[spring-security-web-7.0.6.jar:7.0.6]
	at org.springframework.security.web.access.ExceptionTranslationFilter.doFilter(ExceptionTranslationFilter.java:120) ~[spring-security-web-7.0.6.jar:7.0.6]
	at org.springframework.security.web.FilterChainProxy$VirtualFilterChain.doFilter(FilterChainProxy.java:385) ~[spring-security-web-7.0.6.jar:7.0.6]
	at org.springframework.security.web.session.SessionManagementFilter.doFilter(SessionManagementFilter.java:132) ~[spring-security-web-7.0.6.jar:7.0.6]
	at org.springframework.security.web.session.SessionManagementFilter.doFilter(SessionManagementFilter.java:86) ~[spring-security-web-7.0.6.jar:7.0.6]
	at org.springframework.security.web.FilterChainProxy$VirtualFilterChain.doFilter(FilterChainProxy.java:385) ~[spring-security-web-7.0.6.jar:7.0.6]
	at org.springframework.security.web.authentication.AnonymousAuthenticationFilter.doFilter(AnonymousAuthenticationFilter.java:100) ~[spring-security-web-7.0.6.jar:7.0.6]
	at org.springframework.security.web.FilterChainProxy$VirtualFilterChain.doFilter(FilterChainProxy.java:385) ~[spring-security-web-7.0.6.jar:7.0.6]
	at org.springframework.security.web.servletapi.SecurityContextHolderAwareRequestFilter.doFilter(SecurityContextHolderAwareRequestFilter.java:181) ~[spring-security-web-7.0.6.jar:7.0.6]
	at org.springframework.security.web.FilterChainProxy$VirtualFilterChain.doFilter(FilterChainProxy.java:385) ~[spring-security-web-7.0.6.jar:7.0.6]
	at org.springframework.security.web.savedrequest.RequestCacheAwareFilter.doFilter(RequestCacheAwareFilter.java:63) ~[spring-security-web-7.0.6.jar:7.0.6]
	at org.springframework.security.web.FilterChainProxy$VirtualFilterChain.doFilter(FilterChainProxy.java:385) ~[spring-security-web-7.0.6.jar:7.0.6]
	at com.uce.Tutomatch.security.JwtAuthenticationFilter.doFilterInternal(JwtAuthenticationFilter.java:61) ~[classes/:na]
	at org.springframework.web.filter.OncePerRequestFilter.doFilter(OncePerRequestFilter.java:116) ~[spring-web-7.0.8.jar:7.0.8]
	at org.springframework.security.web.FilterChainProxy$VirtualFilterChain.doFilter(FilterChainProxy.java:385) ~[spring-security-web-7.0.6.jar:7.0.6]
	at org.springframework.security.web.authentication.logout.LogoutFilter.doFilter(LogoutFilter.java:110) ~[spring-security-web-7.0.6.jar:7.0.6]
	at org.springframework.security.web.authentication.logout.LogoutFilter.doFilter(LogoutFilter.java:96) ~[spring-security-web-7.0.6.jar:7.0.6]
	at org.springframework.security.web.FilterChainProxy$VirtualFilterChain.doFilter(FilterChainProxy.java:385) ~[spring-security-web-7.0.6.jar:7.0.6]
	at org.springframework.security.web.header.HeaderWriterFilter.doHeadersAfter(HeaderWriterFilter.java:90) ~[spring-security-web-7.0.6.jar:7.0.6]
	at org.springframework.security.web.header.HeaderWriterFilter.doFilterInternal(HeaderWriterFilter.java:75) ~[spring-security-web-7.0.6.jar:7.0.6]
	at org.springframework.web.filter.OncePerRequestFilter.doFilter(OncePerRequestFilter.java:116) ~[spring-web-7.0.8.jar:7.0.8]
	at org.springframework.security.web.FilterChainProxy$VirtualFilterChain.doFilter(FilterChainProxy.java:385) ~[spring-security-web-7.0.6.jar:7.0.6]
	at org.springframework.security.web.context.SecurityContextHolderFilter.doFilter(SecurityContextHolderFilter.java:82) ~[spring-security-web-7.0.6.jar:7.0.6]
	at org.springframework.security.web.context.SecurityContextHolderFilter.doFilter(SecurityContextHolderFilter.java:69) ~[spring-security-web-7.0.6.jar:7.0.6]
	at org.springframework.security.web.FilterChainProxy$VirtualFilterChain.doFilter(FilterChainProxy.java:385) ~[spring-security-web-7.0.6.jar:7.0.6]
	at org.springframework.security.web.context.request.async.WebAsyncManagerIntegrationFilter.doFilterInternal(WebAsyncManagerIntegrationFilter.java:62) ~[spring-security-web-7.0.6.jar:7.0.6]
	at org.springframework.web.filter.OncePerRequestFilter.doFilter(OncePerRequestFilter.java:116) ~[spring-web-7.0.8.jar:7.0.8]
	at org.springframework.security.web.FilterChainProxy$VirtualFilterChain.doFilter(FilterChainProxy.java:385) ~[spring-security-web-7.0.6.jar:7.0.6]
	at org.springframework.security.web.session.DisableEncodeUrlFilter.doFilterInternal(DisableEncodeUrlFilter.java:42) ~[spring-security-web-7.0.6.jar:7.0.6]
	at org.springframework.web.filter.OncePerRequestFilter.doFilter(OncePerRequestFilter.java:116) ~[spring-web-7.0.8.jar:7.0.8]
	at org.springframework.security.web.FilterChainProxy$VirtualFilterChain.doFilter(FilterChainProxy.java:385) ~[spring-security-web-7.0.6.jar:7.0.6]
	at org.springframework.security.web.FilterChainProxy.doFilterInternal(FilterChainProxy.java:237) ~[spring-security-web-7.0.6.jar:7.0.6]
	at org.springframework.security.web.FilterChainProxy.doFilter(FilterChainProxy.java:195) ~[spring-security-web-7.0.6.jar:7.0.6]
	at org.springframework.web.filter.CompositeFilter$VirtualFilterChain.doFilter(CompositeFilter.java:113) ~[spring-web-7.0.8.jar:7.0.8]
	at org.springframework.web.filter.ServletRequestPathFilter.doFilter(ServletRequestPathFilter.java:52) ~[spring-web-7.0.8.jar:7.0.8]
	at org.springframework.web.filter.CompositeFilter$VirtualFilterChain.doFilter(CompositeFilter.java:113) ~[spring-web-7.0.8.jar:7.0.8]
	at org.springframework.web.filter.CompositeFilter.doFilter(CompositeFilter.java:74) ~[spring-web-7.0.8.jar:7.0.8]
	at org.springframework.security.config.annotation.web.configuration.WebSecurityConfiguration$CompositeFilterChainProxy.doFilter(WebSecurityConfiguration.java:317) ~[spring-security-config-7.0.6.jar:7.0.6]
	at org.springframework.web.filter.DelegatingFilterProxy.invokeDelegate(DelegatingFilterProxy.java:355) ~[spring-web-7.0.8.jar:7.0.8]
	at org.springframework.web.filter.DelegatingFilterProxy.doFilter(DelegatingFilterProxy.java:272) ~[spring-web-7.0.8.jar:7.0.8]
	at org.apache.catalina.core.ApplicationFilterChain.doFilter(ApplicationFilterChain.java:107) ~[tomcat-embed-core-11.0.22.jar:11.0.22]
	at org.springframework.web.filter.RequestContextFilter.doFilterInternal(RequestContextFilter.java:100) ~[spring-web-7.0.8.jar:7.0.8]
	at org.springframework.web.filter.OncePerRequestFilter.doFilter(OncePerRequestFilter.java:116) ~[spring-web-7.0.8.jar:7.0.8]
	at org.apache.catalina.core.ApplicationFilterChain.doFilter(ApplicationFilterChain.java:107) ~[tomcat-embed-core-11.0.22.jar:11.0.22]
	at org.springframework.web.filter.FormContentFilter.doFilterInternal(FormContentFilter.java:93) ~[spring-web-7.0.8.jar:7.0.8]
	at org.springframework.web.filter.OncePerRequestFilter.doFilter(OncePerRequestFilter.java:116) ~[spring-web-7.0.8.jar:7.0.8]
	at org.apache.catalina.core.ApplicationFilterChain.doFilter(ApplicationFilterChain.java:107) ~[tomcat-embed-core-11.0.22.jar:11.0.22]
	at org.springframework.web.filter.CharacterEncodingFilter.doFilterInternal(CharacterEncodingFilter.java:199) ~[spring-web-7.0.8.jar:7.0.8]
	at org.springframework.web.filter.OncePerRequestFilter.doFilter(OncePerRequestFilter.java:116) ~[spring-web-7.0.8.jar:7.0.8]
	at org.apache.catalina.core.ApplicationFilterChain.doFilter(ApplicationFilterChain.java:107) ~[tomcat-embed-core-11.0.22.jar:11.0.22]
	at org.apache.catalina.core.StandardWrapperValve.invoke(StandardWrapperValve.java:165) ~[tomcat-embed-core-11.0.22.jar:11.0.22]
	at org.apache.catalina.core.StandardContextValve.invoke(StandardContextValve.java:77) ~[tomcat-embed-core-11.0.22.jar:11.0.22]
	at org.apache.catalina.authenticator.AuthenticatorBase.invoke(AuthenticatorBase.java:492) ~[tomcat-embed-core-11.0.22.jar:11.0.22]
	at org.apache.catalina.core.StandardHostValve.invoke(StandardHostValve.java:113) ~[tomcat-embed-core-11.0.22.jar:11.0.22]
	at org.apache.catalina.valves.ErrorReportValve.invoke(ErrorReportValve.java:83) ~[tomcat-embed-core-11.0.22.jar:11.0.22]
	at org.apache.catalina.core.StandardEngineValve.invoke(StandardEngineValve.java:72) ~[tomcat-embed-core-11.0.22.jar:11.0.22]
	at org.apache.catalina.connector.CoyoteAdapter.service(CoyoteAdapter.java:341) ~[tomcat-embed-core-11.0.22.jar:11.0.22]
	at org.apache.coyote.http11.Http11Processor.service(Http11Processor.java:397) ~[tomcat-embed-core-11.0.22.jar:11.0.22]
	at org.apache.coyote.AbstractProcessorLight.process(AbstractProcessorLight.java:63) ~[tomcat-embed-core-11.0.22.jar:11.0.22]
	at org.apache.coyote.AbstractProtocol$ConnectionHandler.process(AbstractProtocol.java:1272) ~[tomcat-embed-core-11.0.22.jar:11.0.22]
	at org.apache.tomcat.util.net.NioEndpoint$SocketProcessor.doRun(NioEndpoint.java:1801) ~[tomcat-embed-core-11.0.22.jar:11.0.22]
	at org.apache.tomcat.util.net.SocketProcessorBase.run(SocketProcessorBase.java:52) ~[tomcat-embed-core-11.0.22.jar:11.0.22]
	at org.apache.tomcat.util.threads.ThreadPoolExecutor.runWorker(ThreadPoolExecutor.java:946) ~[tomcat-embed-core-11.0.22.jar:11.0.22]
	at org.apache.tomcat.util.threads.ThreadPoolExecutor$Worker.run(ThreadPoolExecutor.java:480) ~[tomcat-embed-core-11.0.22.jar:11.0.22]
	at org.apache.tomcat.util.threads.TaskThread$WrappingRunnable.run(TaskThread.java:57) ~[tomcat-embed-core-11.0.22.jar:11.0.22]
	at java.base/java.lang.Thread.run(Thread.java:1575) ~[na:na]
Caused by: org.attoparser.ParseException: Fragment '~{fragments/head :: head(${pageTitle})}' specifies synthetic (unnamed) parameters, but the resolved fragment does not match a fragment signature (th:fragment,data-th-fragment) which could apply names to the specified parameters. (template: "layout" - line 6, col 15)
	at org.attoparser.MarkupParser.parseDocument(MarkupParser.java:393) ~[attoparser-2.0.7.RELEASE.jar:2.0.7.RELEASE]
	at org.attoparser.MarkupParser.parse(MarkupParser.java:257) ~[attoparser-2.0.7.RELEASE.jar:2.0.7.RELEASE]
	at org.thymeleaf.templateparser.markup.AbstractMarkupTemplateParser.parse(AbstractMarkupTemplateParser.java:230) ~[thymeleaf-3.1.5.RELEASE.jar:3.1.5.RELEASE]
	... 91 common frames omitted
Caused by: org.thymeleaf.exceptions.TemplateProcessingException: Fragment '~{fragments/head :: head(${pageTitle})}' specifies synthetic (unnamed) parameters, but the resolved fragment does not match a fragment signature (th:fragment,data-th-fragment) which could apply names to the specified parameters. (template: "layout" - line 6, col 15)
	at org.thymeleaf.standard.processor.AbstractStandardFragmentInsertionTagProcessor.doProcess(AbstractStandardFragmentInsertionTagProcessor.java:208) ~[thymeleaf-3.1.5.RELEASE.jar:3.1.5.RELEASE]
	at org.thymeleaf.processor.element.AbstractAttributeTagProcessor.doProcess(AbstractAttributeTagProcessor.java:74) ~[thymeleaf-3.1.5.RELEASE.jar:3.1.5.RELEASE]
	at org.thymeleaf.processor.element.AbstractElementTagProcessor.process(AbstractElementTagProcessor.java:95) ~[thymeleaf-3.1.5.RELEASE.jar:3.1.5.RELEASE]
	at org.thymeleaf.util.ProcessorConfigurationUtils$ElementTagProcessorWrapper.process(ProcessorConfigurationUtils.java:633) ~[thymeleaf-3.1.5.RELEASE.jar:3.1.5.RELEASE]
	at org.thymeleaf.engine.ProcessorTemplateHandler.handleStandaloneElement(ProcessorTemplateHandler.java:918) ~[thymeleaf-3.1.5.RELEASE.jar:3.1.5.RELEASE]
	at org.thymeleaf.engine.StandaloneElementTag.beHandled(StandaloneElementTag.java:228) ~[thymeleaf-3.1.5.RELEASE.jar:3.1.5.RELEASE]
	at org.thymeleaf.engine.Model.process(Model.java:282) ~[thymeleaf-3.1.5.RELEASE.jar:3.1.5.RELEASE]
	at org.thymeleaf.engine.ProcessorTemplateHandler.handleOpenElement(ProcessorTemplateHandler.java:1587) ~[thymeleaf-3.1.5.RELEASE.jar:3.1.5.RELEASE]
	at org.thymeleaf.engine.OpenElementTag.beHandled(OpenElementTag.java:205) ~[thymeleaf-3.1.5.RELEASE.jar:3.1.5.RELEASE]
	at org.thymeleaf.engine.Model.process(Model.java:282) ~[thymeleaf-3.1.5.RELEASE.jar:3.1.5.RELEASE]
	at org.thymeleaf.engine.Model.process(Model.java:290) ~[thymeleaf-3.1.5.RELEASE.jar:3.1.5.RELEASE]
	at org.thymeleaf.engine.GatheringModelProcessable.process(GatheringModelProcessable.java:78) ~[thymeleaf-3.1.5.RELEASE.jar:3.1.5.RELEASE]
	at org.thymeleaf.engine.ProcessorTemplateHandler.handleCloseElement(ProcessorTemplateHandler.java:1640) ~[thymeleaf-3.1.5.RELEASE.jar:3.1.5.RELEASE]
	at org.thymeleaf.engine.TemplateHandlerAdapterMarkupHandler.handleCloseElementEnd(TemplateHandlerAdapterMarkupHandler.java:388) ~[thymeleaf-3.1.5.RELEASE.jar:3.1.5.RELEASE]
	at org.thymeleaf.templateparser.markup.InlinedOutputExpressionMarkupHandler$InlineMarkupAdapterPreProcessorHandler.handleCloseElementEnd(InlinedOutputExpressionMarkupHandler.java:322) ~[thymeleaf-3.1.5.RELEASE.jar:3.1.5.RELEASE]
	at org.thymeleaf.standard.inline.OutputExpressionInlinePreProcessorHandler.handleCloseElementEnd(OutputExpressionInlinePreProcessorHandler.java:220) ~[thymeleaf-3.1.5.RELEASE.jar:3.1.5.RELEASE]
	at org.thymeleaf.templateparser.markup.InlinedOutputExpressionMarkupHandler.handleCloseElementEnd(InlinedOutputExpressionMarkupHandler.java:164) ~[thymeleaf-3.1.5.RELEASE.jar:3.1.5.RELEASE]
	at org.attoparser.HtmlElement.handleCloseElementEnd(HtmlElement.java:169) ~[attoparser-2.0.7.RELEASE.jar:2.0.7.RELEASE]
	at org.attoparser.HtmlMarkupHandler.handleCloseElementEnd(HtmlMarkupHandler.java:412) ~[attoparser-2.0.7.RELEASE.jar:2.0.7.RELEASE]
	at org.attoparser.MarkupEventProcessorHandler.handleCloseElementEnd(MarkupEventProcessorHandler.java:473) ~[attoparser-2.0.7.RELEASE.jar:2.0.7.RELEASE]
	at org.attoparser.ParsingElementMarkupUtil.parseCloseElement(ParsingElementMarkupUtil.java:201) ~[attoparser-2.0.7.RELEASE.jar:2.0.7.RELEASE]
	at org.attoparser.MarkupParser.parseBuffer(MarkupParser.java:725) ~[attoparser-2.0.7.RELEASE.jar:2.0.7.RELEASE]
	at org.attoparser.MarkupParser.parseDocument(MarkupParser.java:301) ~[attoparser-2.0.7.RELEASE.jar:2.0.7.RELEASE]
	... 93 common frames omitted

2026-06-14T22:22:51.306-05:00 ERROR 29908 --- [Tutomatch] [nio-8080-exec-2] o.a.c.c.C.[.[.[/].[dispatcherServlet]    : Servlet.service() for servlet [dispatcherServlet] in context with path [] threw exception [Request processing failed: org.thymeleaf.exceptions.TemplateInputException: An error happened during template parsing (template: "class path resource [templates/home.html]")] with root cause

org.thymeleaf.exceptions.TemplateProcessingException: Fragment '~{fragments/head :: head(${pageTitle})}' specifies synthetic (unnamed) parameters, but the resolved fragment does not match a fragment signature (th:fragment,data-th-fragment) which could apply names to the specified parameters. (template: "layout" - line 6, col 15)
	at org.thymeleaf.standard.processor.AbstractStandardFragmentInsertionTagProcessor.doProcess(AbstractStandardFragmentInsertionTagProcessor.java:208) ~[thymeleaf-3.1.5.RELEASE.jar:3.1.5.RELEASE]
	at org.thymeleaf.processor.element.AbstractAttributeTagProcessor.doProcess(AbstractAttributeTagProcessor.java:74) ~[thymeleaf-3.1.5.RELEASE.jar:3.1.5.RELEASE]
	at org.thymeleaf.processor.element.AbstractElementTagProcessor.process(AbstractElementTagProcessor.java:95) ~[thymeleaf-3.1.5.RELEASE.jar:3.1.5.RELEASE]
	at org.thymeleaf.util.ProcessorConfigurationUtils$ElementTagProcessorWrapper.process(ProcessorConfigurationUtils.java:633) ~[thymeleaf-3.1.5.RELEASE.jar:3.1.5.RELEASE]
	at org.thymeleaf.engine.ProcessorTemplateHandler.handleStandaloneElement(ProcessorTemplateHandler.java:918) ~[thymeleaf-3.1.5.RELEASE.jar:3.1.5.RELEASE]
	at org.thymeleaf.engine.StandaloneElementTag.beHandled(StandaloneElementTag.java:228) ~[thymeleaf-3.1.5.RELEASE.jar:3.1.5.RELEASE]
	at org.thymeleaf.engine.Model.process(Model.java:282) ~[thymeleaf-3.1.5.RELEASE.jar:3.1.5.RELEASE]
	at org.thymeleaf.engine.ProcessorTemplateHandler.handleOpenElement(ProcessorTemplateHandler.java:1587) ~[thymeleaf-3.1.5.RELEASE.jar:3.1.5.RELEASE]
	at org.thymeleaf.engine.OpenElementTag.beHandled(OpenElementTag.java:205) ~[thymeleaf-3.1.5.RELEASE.jar:3.1.5.RELEASE]
	at org.thymeleaf.engine.Model.process(Model.java:282) ~[thymeleaf-3.1.5.RELEASE.jar:3.1.5.RELEASE]
	at org.thymeleaf.engine.Model.process(Model.java:290) ~[thymeleaf-3.1.5.RELEASE.jar:3.1.5.RELEASE]
	at org.thymeleaf.engine.GatheringModelProcessable.process(GatheringModelProcessable.java:78) ~[thymeleaf-3.1.5.RELEASE.jar:3.1.5.RELEASE]
	at org.thymeleaf.engine.ProcessorTemplateHandler.handleCloseElement(ProcessorTemplateHandler.java:1640) ~[thymeleaf-3.1.5.RELEASE.jar:3.1.5.RELEASE]
	at org.thymeleaf.engine.TemplateHandlerAdapterMarkupHandler.handleCloseElementEnd(TemplateHandlerAdapterMarkupHandler.java:388) ~[thymeleaf-3.1.5.RELEASE.jar:3.1.5.RELEASE]
	at org.thymeleaf.templateparser.markup.InlinedOutputExpressionMarkupHandler$InlineMarkupAdapterPreProcessorHandler.handleCloseElementEnd(InlinedOutputExpressionMarkupHandler.java:322) ~[thymeleaf-3.1.5.RELEASE.jar:3.1.5.RELEASE]
	at org.thymeleaf.standard.inline.OutputExpressionInlinePreProcessorHandler.handleCloseElementEnd(OutputExpressionInlinePreProcessorHandler.java:220) ~[thymeleaf-3.1.5.RELEASE.jar:3.1.5.RELEASE]
	at org.thymeleaf.templateparser.markup.InlinedOutputExpressionMarkupHandler.handleCloseElementEnd(InlinedOutputExpressionMarkupHandler.java:164) ~[thymeleaf-3.1.5.RELEASE.jar:3.1.5.RELEASE]
	at org.attoparser.HtmlElement.handleCloseElementEnd(HtmlElement.java:169) ~[attoparser-2.0.7.RELEASE.jar:2.0.7.RELEASE]
	at org.attoparser.HtmlMarkupHandler.handleCloseElementEnd(HtmlMarkupHandler.java:412) ~[attoparser-2.0.7.RELEASE.jar:2.0.7.RELEASE]
	at org.attoparser.MarkupEventProcessorHandler.handleCloseElementEnd(MarkupEventProcessorHandler.java:473) ~[attoparser-2.0.7.RELEASE.jar:2.0.7.RELEASE]
	at org.attoparser.ParsingElementMarkupUtil.parseCloseElement(ParsingElementMarkupUtil.java:201) ~[attoparser-2.0.7.RELEASE.jar:2.0.7.RELEASE]
	at org.attoparser.MarkupParser.parseBuffer(MarkupParser.java:725) ~[attoparser-2.0.7.RELEASE.jar:2.0.7.RELEASE]
	at org.attoparser.MarkupParser.parseDocument(MarkupParser.java:301) ~[attoparser-2.0.7.RELEASE.jar:2.0.7.RELEASE]
	at org.attoparser.MarkupParser.parse(MarkupParser.java:257) ~[attoparser-2.0.7.RELEASE.jar:2.0.7.RELEASE]
	at org.thymeleaf.templateparser.markup.AbstractMarkupTemplateParser.parse(AbstractMarkupTemplateParser.java:230) ~[thymeleaf-3.1.5.RELEASE.jar:3.1.5.RELEASE]
	at org.thymeleaf.templateparser.markup.AbstractMarkupTemplateParser.parseStandalone(AbstractMarkupTemplateParser.java:100) ~[thymeleaf-3.1.5.RELEASE.jar:3.1.5.RELEASE]
	at org.thymeleaf.engine.TemplateManager.parseAndProcess(TemplateManager.java:666) ~[thymeleaf-3.1.5.RELEASE.jar:3.1.5.RELEASE]
	at org.thymeleaf.TemplateEngine.process(TemplateEngine.java:1103) ~[thymeleaf-3.1.5.RELEASE.jar:3.1.5.RELEASE]
	at org.thymeleaf.TemplateEngine.process(TemplateEngine.java:1077) ~[thymeleaf-3.1.5.RELEASE.jar:3.1.5.RELEASE]
	at org.thymeleaf.spring6.view.ThymeleafView.renderFragment(ThymeleafView.java:374) ~[thymeleaf-spring6-3.1.5.RELEASE.jar:3.1.5.RELEASE]
	at org.thymeleaf.spring6.view.ThymeleafView.render(ThymeleafView.java:193) ~[thymeleaf-spring6-3.1.5.RELEASE.jar:3.1.5.RELEASE]
	at org.springframework.web.servlet.DispatcherServlet.render(DispatcherServlet.java:1305) ~[spring-webmvc-7.0.8.jar:7.0.8]
	at org.springframework.web.servlet.DispatcherServlet.processDispatchResult(DispatcherServlet.java:1042) ~[spring-webmvc-7.0.8.jar:7.0.8]
	at org.springframework.web.servlet.DispatcherServlet.doDispatch(DispatcherServlet.java:980) ~[spring-webmvc-7.0.8.jar:7.0.8]
	at org.springframework.web.servlet.DispatcherServlet.doService(DispatcherServlet.java:866) ~[spring-webmvc-7.0.8.jar:7.0.8]
	at org.springframework.web.servlet.FrameworkServlet.processRequest(FrameworkServlet.java:1000) ~[spring-webmvc-7.0.8.jar:7.0.8]
	at org.springframework.web.servlet.FrameworkServlet.doGet(FrameworkServlet.java:892) ~[spring-webmvc-7.0.8.jar:7.0.8]
	at jakarta.servlet.http.HttpServlet.service(HttpServlet.java:622) ~[tomcat-embed-core-11.0.22.jar:6.1]
	at org.springframework.web.servlet.FrameworkServlet.service(FrameworkServlet.java:874) ~[spring-webmvc-7.0.8.jar:7.0.8]
	at jakarta.servlet.http.HttpServlet.service(HttpServlet.java:710) ~[tomcat-embed-core-11.0.22.jar:6.1]
	at org.apache.catalina.core.ApplicationFilterChain.doFilter(ApplicationFilterChain.java:128) ~[tomcat-embed-core-11.0.22.jar:11.0.22]
	at org.apache.tomcat.websocket.server.WsFilter.doFilter(WsFilter.java:53) ~[tomcat-embed-websocket-11.0.22.jar:11.0.22]
	at org.apache.catalina.core.ApplicationFilterChain.doFilter(ApplicationFilterChain.java:107) ~[tomcat-embed-core-11.0.22.jar:11.0.22]
	at org.springframework.web.filter.OncePerRequestFilter.doFilter(OncePerRequestFilter.java:110) ~[spring-web-7.0.8.jar:7.0.8]
	at org.apache.catalina.core.ApplicationFilterChain.doFilter(ApplicationFilterChain.java:107) ~[tomcat-embed-core-11.0.22.jar:11.0.22]
	at org.springframework.web.filter.CompositeFilter$VirtualFilterChain.doFilter(CompositeFilter.java:108) ~[spring-web-7.0.8.jar:7.0.8]
	at org.springframework.security.web.FilterChainProxy.lambda$doFilterInternal$3(FilterChainProxy.java:235) ~[spring-security-web-7.0.6.jar:7.0.6]
	at org.springframework.security.web.FilterChainProxy$VirtualFilterChain.doFilter(FilterChainProxy.java:376) ~[spring-security-web-7.0.6.jar:7.0.6]
	at org.springframework.security.web.access.intercept.AuthorizationFilter.doFilter(AuthorizationFilter.java:101) ~[spring-security-web-7.0.6.jar:7.0.6]
	at org.springframework.security.web.FilterChainProxy$VirtualFilterChain.doFilter(FilterChainProxy.java:385) ~[spring-security-web-7.0.6.jar:7.0.6]
	at org.springframework.security.web.access.ExceptionTranslationFilter.doFilter(ExceptionTranslationFilter.java:126) ~[spring-security-web-7.0.6.jar:7.0.6]
	at org.springframework.security.web.access.ExceptionTranslationFilter.doFilter(ExceptionTranslationFilter.java:120) ~[spring-security-web-7.0.6.jar:7.0.6]
	at org.springframework.security.web.FilterChainProxy$VirtualFilterChain.doFilter(FilterChainProxy.java:385) ~[spring-security-web-7.0.6.jar:7.0.6]
	at org.springframework.security.web.session.SessionManagementFilter.doFilter(SessionManagementFilter.java:132) ~[spring-security-web-7.0.6.jar:7.0.6]
	at org.springframework.security.web.session.SessionManagementFilter.doFilter(SessionManagementFilter.java:86) ~[spring-security-web-7.0.6.jar:7.0.6]
	at org.springframework.security.web.FilterChainProxy$VirtualFilterChain.doFilter(FilterChainProxy.java:385) ~[spring-security-web-7.0.6.jar:7.0.6]
	at org.springframework.security.web.authentication.AnonymousAuthenticationFilter.doFilter(AnonymousAuthenticationFilter.java:100) ~[spring-security-web-7.0.6.jar:7.0.6]
	at org.springframework.security.web.FilterChainProxy$VirtualFilterChain.doFilter(FilterChainProxy.java:385) ~[spring-security-web-7.0.6.jar:7.0.6]
	at org.springframework.security.web.servletapi.SecurityContextHolderAwareRequestFilter.doFilter(SecurityContextHolderAwareRequestFilter.java:181) ~[spring-security-web-7.0.6.jar:7.0.6]
	at org.springframework.security.web.FilterChainProxy$VirtualFilterChain.doFilter(FilterChainProxy.java:385) ~[spring-security-web-7.0.6.jar:7.0.6]
	at org.springframework.security.web.savedrequest.RequestCacheAwareFilter.doFilter(RequestCacheAwareFilter.java:63) ~[spring-security-web-7.0.6.jar:7.0.6]
	at org.springframework.security.web.FilterChainProxy$VirtualFilterChain.doFilter(FilterChainProxy.java:385) ~[spring-security-web-7.0.6.jar:7.0.6]
	at com.uce.Tutomatch.security.JwtAuthenticationFilter.doFilterInternal(JwtAuthenticationFilter.java:61) ~[classes/:na]
	at org.springframework.web.filter.OncePerRequestFilter.doFilter(OncePerRequestFilter.java:116) ~[spring-web-7.0.8.jar:7.0.8]
	at org.springframework.security.web.FilterChainProxy$VirtualFilterChain.doFilter(FilterChainProxy.java:385) ~[spring-security-web-7.0.6.jar:7.0.6]
	at org.springframework.security.web.authentication.logout.LogoutFilter.doFilter(LogoutFilter.java:110) ~[spring-security-web-7.0.6.jar:7.0.6]
	at org.springframework.security.web.authentication.logout.LogoutFilter.doFilter(LogoutFilter.java:96) ~[spring-security-web-7.0.6.jar:7.0.6]
	at org.springframework.security.web.FilterChainProxy$VirtualFilterChain.doFilter(FilterChainProxy.java:385) ~[spring-security-web-7.0.6.jar:7.0.6]
	at org.springframework.security.web.header.HeaderWriterFilter.doHeadersAfter(HeaderWriterFilter.java:90) ~[spring-security-web-7.0.6.jar:7.0.6]
	at org.springframework.security.web.header.HeaderWriterFilter.doFilterInternal(HeaderWriterFilter.java:75) ~[spring-security-web-7.0.6.jar:7.0.6]
	at org.springframework.web.filter.OncePerRequestFilter.doFilter(OncePerRequestFilter.java:116) ~[spring-web-7.0.8.jar:7.0.8]
	at org.springframework.security.web.FilterChainProxy$VirtualFilterChain.doFilter(FilterChainProxy.java:385) ~[spring-security-web-7.0.6.jar:7.0.6]
	at org.springframework.security.web.context.SecurityContextHolderFilter.doFilter(SecurityContextHolderFilter.java:82) ~[spring-security-web-7.0.6.jar:7.0.6]
	at org.springframework.security.web.context.SecurityContextHolderFilter.doFilter(SecurityContextHolderFilter.java:69) ~[spring-security-web-7.0.6.jar:7.0.6]
	at org.springframework.security.web.FilterChainProxy$VirtualFilterChain.doFilter(FilterChainProxy.java:385) ~[spring-security-web-7.0.6.jar:7.0.6]
	at org.springframework.security.web.context.request.async.WebAsyncManagerIntegrationFilter.doFilterInternal(WebAsyncManagerIntegrationFilter.java:62) ~[spring-security-web-7.0.6.jar:7.0.6]
	at org.springframework.web.filter.OncePerRequestFilter.doFilter(OncePerRequestFilter.java:116) ~[spring-web-7.0.8.jar:7.0.8]
	at org.springframework.security.web.FilterChainProxy$VirtualFilterChain.doFilter(FilterChainProxy.java:385) ~[spring-security-web-7.0.6.jar:7.0.6]
	at org.springframework.security.web.session.DisableEncodeUrlFilter.doFilterInternal(DisableEncodeUrlFilter.java:42) ~[spring-security-web-7.0.6.jar:7.0.6]
	at org.springframework.web.filter.OncePerRequestFilter.doFilter(OncePerRequestFilter.java:116) ~[spring-web-7.0.8.jar:7.0.8]
	at org.springframework.security.web.FilterChainProxy$VirtualFilterChain.doFilter(FilterChainProxy.java:385) ~[spring-security-web-7.0.6.jar:7.0.6]
	at org.springframework.security.web.FilterChainProxy.doFilterInternal(FilterChainProxy.java:237) ~[spring-security-web-7.0.6.jar:7.0.6]
	at org.springframework.security.web.FilterChainProxy.doFilter(FilterChainProxy.java:195) ~[spring-security-web-7.0.6.jar:7.0.6]
	at org.springframework.web.filter.CompositeFilter$VirtualFilterChain.doFilter(CompositeFilter.java:113) ~[spring-web-7.0.8.jar:7.0.8]
	at org.springframework.web.filter.ServletRequestPathFilter.doFilter(ServletRequestPathFilter.java:52) ~[spring-web-7.0.8.jar:7.0.8]
	at org.springframework.web.filter.CompositeFilter$VirtualFilterChain.doFilter(CompositeFilter.java:113) ~[spring-web-7.0.8.jar:7.0.8]
	at org.springframework.web.filter.CompositeFilter.doFilter(CompositeFilter.java:74) ~[spring-web-7.0.8.jar:7.0.8]
	at org.springframework.security.config.annotation.web.configuration.WebSecurityConfiguration$CompositeFilterChainProxy.doFilter(WebSecurityConfiguration.java:317) ~[spring-security-config-7.0.6.jar:7.0.6]
	at org.springframework.web.filter.DelegatingFilterProxy.invokeDelegate(DelegatingFilterProxy.java:355) ~[spring-web-7.0.8.jar:7.0.8]
	at org.springframework.web.filter.DelegatingFilterProxy.doFilter(DelegatingFilterProxy.java:272) ~[spring-web-7.0.8.jar:7.0.8]
	at org.apache.catalina.core.ApplicationFilterChain.doFilter(ApplicationFilterChain.java:107) ~[tomcat-embed-core-11.0.22.jar:11.0.22]
	at org.springframework.web.filter.RequestContextFilter.doFilterInternal(RequestContextFilter.java:100) ~[spring-web-7.0.8.jar:7.0.8]
	at org.springframework.web.filter.OncePerRequestFilter.doFilter(OncePerRequestFilter.java:116) ~[spring-web-7.0.8.jar:7.0.8]
	at org.apache.catalina.core.ApplicationFilterChain.doFilter(ApplicationFilterChain.java:107) ~[tomcat-embed-core-11.0.22.jar:11.0.22]
	at org.springframework.web.filter.FormContentFilter.doFilterInternal(FormContentFilter.java:93) ~[spring-web-7.0.8.jar:7.0.8]
	at org.springframework.web.filter.OncePerRequestFilter.doFilter(OncePerRequestFilter.java:116) ~[spring-web-7.0.8.jar:7.0.8]
	at org.apache.catalina.core.ApplicationFilterChain.doFilter(ApplicationFilterChain.java:107) ~[tomcat-embed-core-11.0.22.jar:11.0.22]
	at org.springframework.web.filter.CharacterEncodingFilter.doFilterInternal(CharacterEncodingFilter.java:199) ~[spring-web-7.0.8.jar:7.0.8]
	at org.springframework.web.filter.OncePerRequestFilter.doFilter(OncePerRequestFilter.java:116) ~[spring-web-7.0.8.jar:7.0.8]
	at org.apache.catalina.core.ApplicationFilterChain.doFilter(ApplicationFilterChain.java:107) ~[tomcat-embed-core-11.0.22.jar:11.0.22]
	at org.apache.catalina.core.StandardWrapperValve.invoke(StandardWrapperValve.java:165) ~[tomcat-embed-core-11.0.22.jar:11.0.22]
	at org.apache.catalina.core.StandardContextValve.invoke(StandardContextValve.java:77) ~[tomcat-embed-core-11.0.22.jar:11.0.22]
	at org.apache.catalina.authenticator.AuthenticatorBase.invoke(AuthenticatorBase.java:492) ~[tomcat-embed-core-11.0.22.jar:11.0.22]
	at org.apache.catalina.core.StandardHostValve.invoke(StandardHostValve.java:113) ~[tomcat-embed-core-11.0.22.jar:11.0.22]
	at org.apache.catalina.valves.ErrorReportValve.invoke(ErrorReportValve.java:83) ~[tomcat-embed-core-11.0.22.jar:11.0.22]
	at org.apache.catalina.core.StandardEngineValve.invoke(StandardEngineValve.java:72) ~[tomcat-embed-core-11.0.22.jar:11.0.22]
	at org.apache.catalina.connector.CoyoteAdapter.service(CoyoteAdapter.java:341) ~[tomcat-embed-core-11.0.22.jar:11.0.22]
	at org.apache.coyote.http11.Http11Processor.service(Http11Processor.java:397) ~[tomcat-embed-core-11.0.22.jar:11.0.22]
	at org.apache.coyote.AbstractProcessorLight.process(AbstractProcessorLight.java:63) ~[tomcat-embed-core-11.0.22.jar:11.0.22]
	at org.apache.coyote.AbstractProtocol$ConnectionHandler.process(AbstractProtocol.java:1272) ~[tomcat-embed-core-11.0.22.jar:11.0.22]
	at org.apache.tomcat.util.net.NioEndpoint$SocketProcessor.doRun(NioEndpoint.java:1801) ~[tomcat-embed-core-11.0.22.jar:11.0.22]
	at org.apache.tomcat.util.net.SocketProcessorBase.run(SocketProcessorBase.java:52) ~[tomcat-embed-core-11.0.22.jar:11.0.22]
	at org.apache.tomcat.util.threads.ThreadPoolExecutor.runWorker(ThreadPoolExecutor.java:946) ~[tomcat-embed-core-11.0.22.jar:11.0.22]
	at org.apache.tomcat.util.threads.ThreadPoolExecutor$Worker.run(ThreadPoolExecutor.java:480) ~[tomcat-embed-core-11.0.22.jar:11.0.22]
	at org.apache.tomcat.util.threads.TaskThread$WrappingRunnable.run(TaskThread.java:57) ~[tomcat-embed-core-11.0.22.jar:11.0.22]
	at java.base/java.lang.Thread.run(Thread.java:1575) ~[na:na]

Hibernate: select u1_0.id,u1_0.correo_institucional,u1_0.fecha_creacion,u1_0.nombre_completo,u1_0.password_hash,u1_0.rol_admin,u1_0.rol_solicitante,u1_0.rol_tutor from usuarios u1_0 where u1_0.correo_institucional=?
Hibernate: select pt1_0.id,pt1_0.calificacion_promedio,pt1_0.descripcion,pt1_0.deuda_pendiente,pt1_0.semestre,pt1_0.usuario_id,pt1_0.verificado,pt1_0.visible from perfiles_tutor pt1_0 where pt1_0.usuario_id=?
Hibernate: select u1_0.id,u1_0.correo_institucional,u1_0.fecha_creacion,u1_0.nombre_completo,u1_0.password_hash,u1_0.rol_admin,u1_0.rol_solicitante,u1_0.rol_tutor from usuarios u1_0 where u1_0.correo_institucional=?
Hibernate: select pt1_0.id,pt1_0.calificacion_promedio,pt1_0.descripcion,pt1_0.deuda_pendiente,pt1_0.semestre,pt1_0.usuario_id,pt1_0.verificado,pt1_0.visible from perfiles_tutor pt1_0 where pt1_0.usuario_id=?
Hibernate: select u1_0.id,u1_0.correo_institucional,u1_0.fecha_creacion,u1_0.nombre_completo,u1_0.password_hash,u1_0.rol_admin,u1_0.rol_solicitante,u1_0.rol_tutor from usuarios u1_0 where u1_0.correo_institucional=?
Hibernate: select pt1_0.id,pt1_0.calificacion_promedio,pt1_0.descripcion,pt1_0.deuda_pendiente,pt1_0.semestre,pt1_0.usuario_id,pt1_0.verificado,pt1_0.visible from perfiles_tutor pt1_0 where pt1_0.usuario_id=?
Hibernate: select u1_0.id,u1_0.correo_institucional,u1_0.fecha_creacion,u1_0.nombre_completo,u1_0.password_hash,u1_0.rol_admin,u1_0.rol_solicitante,u1_0.rol_tutor from usuarios u1_0 where u1_0.correo_institucional=?
Hibernate: select pt1_0.id,pt1_0.calificacion_promedio,pt1_0.descripcion,pt1_0.deuda_pendiente,pt1_0.semestre,pt1_0.usuario_id,pt1_0.verificado,pt1_0.visible from perfiles_tutor pt1_0 where pt1_0.usuario_id=?
Hibernate: select u1_0.id,u1_0.correo_institucional,u1_0.fecha_creacion,u1_0.nombre_completo,u1_0.password_hash,u1_0.rol_admin,u1_0.rol_solicitante,u1_0.rol_tutor from usuarios u1_0 where u1_0.correo_institucional=?
Hibernate: select pt1_0.id,pt1_0.calificacion_promedio,pt1_0.descripcion,pt1_0.deuda_pendiente,pt1_0.semestre,pt1_0.usuario_id,pt1_0.verificado,pt1_0.visible from perfiles_tutor pt1_0 where pt1_0.usuario_id=?
Hibernate: select u1_0.id,u1_0.correo_institucional,u1_0.fecha_creacion,u1_0.nombre_completo,u1_0.password_hash,u1_0.rol_admin,u1_0.rol_solicitante,u1_0.rol_tutor from usuarios u1_0 where u1_0.correo_institucional=?
Hibernate: select pt1_0.id,pt1_0.calificacion_promedio,pt1_0.descripcion,pt1_0.deuda_pendiente,pt1_0.semestre,pt1_0.usuario_id,pt1_0.verificado,pt1_0.visible from perfiles_tutor pt1_0 where pt1_0.usuario_id=?
Hibernate: select u1_0.id,u1_0.correo_institucional,u1_0.fecha_creacion,u1_0.nombre_completo,u1_0.password_hash,u1_0.rol_admin,u1_0.rol_solicitante,u1_0.rol_tutor from usuarios u1_0 where u1_0.correo_institucional=?
Hibernate: select pt1_0.id,pt1_0.calificacion_promedio,pt1_0.descripcion,pt1_0.deuda_pendiente,pt1_0.semestre,pt1_0.usuario_id,pt1_0.verificado,pt1_0.visible from perfiles_tutor pt1_0 where pt1_0.usuario_id=?
Hibernate: select m1_0.id,m1_0.categoria,m1_0.nombre,m1_0.semestre_referencial,m1_0.tarifa_hora from materias m1_0 order by m1_0.categoria,m1_0.nombre
Hibernate: select pt1_0.id,pt1_0.calificacion_promedio,pt1_0.descripcion,pt1_0.deuda_pendiente,pt1_0.semestre,pt1_0.usuario_id,pt1_0.verificado,pt1_0.visible from perfiles_tutor pt1_0 where pt1_0.verificado=true and pt1_0.visible=true order by pt1_0.calificacion_promedio desc fetch first ? rows only
2026-06-14T22:23:45.126-05:00 ERROR 29908 --- [Tutomatch] [nio-8080-exec-9] org.thymeleaf.TemplateEngine             : [THYMELEAF][http-nio-8080-exec-9] Exception processing template "home": An error happened during template parsing (template: "class path resource [templates/home.html]")

org.thymeleaf.exceptions.TemplateInputException: An error happened during template parsing (template: "class path resource [templates/home.html]")
	at org.thymeleaf.templateparser.markup.AbstractMarkupTemplateParser.parse(AbstractMarkupTemplateParser.java:241) ~[thymeleaf-3.1.5.RELEASE.jar:3.1.5.RELEASE]
	at org.thymeleaf.templateparser.markup.AbstractMarkupTemplateParser.parseStandalone(AbstractMarkupTemplateParser.java:100) ~[thymeleaf-3.1.5.RELEASE.jar:3.1.5.RELEASE]
	at org.thymeleaf.engine.TemplateManager.parseAndProcess(TemplateManager.java:666) ~[thymeleaf-3.1.5.RELEASE.jar:3.1.5.RELEASE]
	at org.thymeleaf.TemplateEngine.process(TemplateEngine.java:1103) ~[thymeleaf-3.1.5.RELEASE.jar:3.1.5.RELEASE]
	at org.thymeleaf.TemplateEngine.process(TemplateEngine.java:1077) ~[thymeleaf-3.1.5.RELEASE.jar:3.1.5.RELEASE]
	at org.thymeleaf.spring6.view.ThymeleafView.renderFragment(ThymeleafView.java:374) ~[thymeleaf-spring6-3.1.5.RELEASE.jar:3.1.5.RELEASE]
	at org.thymeleaf.spring6.view.ThymeleafView.render(ThymeleafView.java:193) ~[thymeleaf-spring6-3.1.5.RELEASE.jar:3.1.5.RELEASE]
	at org.springframework.web.servlet.DispatcherServlet.render(DispatcherServlet.java:1305) ~[spring-webmvc-7.0.8.jar:7.0.8]
	at org.springframework.web.servlet.DispatcherServlet.processDispatchResult(DispatcherServlet.java:1042) ~[spring-webmvc-7.0.8.jar:7.0.8]
	at org.springframework.web.servlet.DispatcherServlet.doDispatch(DispatcherServlet.java:980) ~[spring-webmvc-7.0.8.jar:7.0.8]
	at org.springframework.web.servlet.DispatcherServlet.doService(DispatcherServlet.java:866) ~[spring-webmvc-7.0.8.jar:7.0.8]
	at org.springframework.web.servlet.FrameworkServlet.processRequest(FrameworkServlet.java:1000) ~[spring-webmvc-7.0.8.jar:7.0.8]
	at org.springframework.web.servlet.FrameworkServlet.doGet(FrameworkServlet.java:892) ~[spring-webmvc-7.0.8.jar:7.0.8]
	at jakarta.servlet.http.HttpServlet.service(HttpServlet.java:622) ~[tomcat-embed-core-11.0.22.jar:6.1]
	at org.springframework.web.servlet.FrameworkServlet.service(FrameworkServlet.java:874) ~[spring-webmvc-7.0.8.jar:7.0.8]
	at jakarta.servlet.http.HttpServlet.service(HttpServlet.java:710) ~[tomcat-embed-core-11.0.22.jar:6.1]
	at org.apache.catalina.core.ApplicationFilterChain.doFilter(ApplicationFilterChain.java:128) ~[tomcat-embed-core-11.0.22.jar:11.0.22]
	at org.apache.tomcat.websocket.server.WsFilter.doFilter(WsFilter.java:53) ~[tomcat-embed-websocket-11.0.22.jar:11.0.22]
	at org.apache.catalina.core.ApplicationFilterChain.doFilter(ApplicationFilterChain.java:107) ~[tomcat-embed-core-11.0.22.jar:11.0.22]
	at org.springframework.web.filter.OncePerRequestFilter.doFilter(OncePerRequestFilter.java:110) ~[spring-web-7.0.8.jar:7.0.8]
	at org.apache.catalina.core.ApplicationFilterChain.doFilter(ApplicationFilterChain.java:107) ~[tomcat-embed-core-11.0.22.jar:11.0.22]
	at org.springframework.web.filter.CompositeFilter$VirtualFilterChain.doFilter(CompositeFilter.java:108) ~[spring-web-7.0.8.jar:7.0.8]
	at org.springframework.security.web.FilterChainProxy.lambda$doFilterInternal$3(FilterChainProxy.java:235) ~[spring-security-web-7.0.6.jar:7.0.6]
	at org.springframework.security.web.FilterChainProxy$VirtualFilterChain.doFilter(FilterChainProxy.java:376) ~[spring-security-web-7.0.6.jar:7.0.6]
	at org.springframework.security.web.access.intercept.AuthorizationFilter.doFilter(AuthorizationFilter.java:101) ~[spring-security-web-7.0.6.jar:7.0.6]
	at org.springframework.security.web.FilterChainProxy$VirtualFilterChain.doFilter(FilterChainProxy.java:385) ~[spring-security-web-7.0.6.jar:7.0.6]
	at org.springframework.security.web.access.ExceptionTranslationFilter.doFilter(ExceptionTranslationFilter.java:126) ~[spring-security-web-7.0.6.jar:7.0.6]
	at org.springframework.security.web.access.ExceptionTranslationFilter.doFilter(ExceptionTranslationFilter.java:120) ~[spring-security-web-7.0.6.jar:7.0.6]
	at org.springframework.security.web.FilterChainProxy$VirtualFilterChain.doFilter(FilterChainProxy.java:385) ~[spring-security-web-7.0.6.jar:7.0.6]
	at org.springframework.security.web.session.SessionManagementFilter.doFilter(SessionManagementFilter.java:132) ~[spring-security-web-7.0.6.jar:7.0.6]
	at org.springframework.security.web.session.SessionManagementFilter.doFilter(SessionManagementFilter.java:86) ~[spring-security-web-7.0.6.jar:7.0.6]
	at org.springframework.security.web.FilterChainProxy$VirtualFilterChain.doFilter(FilterChainProxy.java:385) ~[spring-security-web-7.0.6.jar:7.0.6]
	at org.springframework.security.web.authentication.AnonymousAuthenticationFilter.doFilter(AnonymousAuthenticationFilter.java:100) ~[spring-security-web-7.0.6.jar:7.0.6]
	at org.springframework.security.web.FilterChainProxy$VirtualFilterChain.doFilter(FilterChainProxy.java:385) ~[spring-security-web-7.0.6.jar:7.0.6]
	at org.springframework.security.web.servletapi.SecurityContextHolderAwareRequestFilter.doFilter(SecurityContextHolderAwareRequestFilter.java:181) ~[spring-security-web-7.0.6.jar:7.0.6]
	at org.springframework.security.web.FilterChainProxy$VirtualFilterChain.doFilter(FilterChainProxy.java:385) ~[spring-security-web-7.0.6.jar:7.0.6]
	at org.springframework.security.web.savedrequest.RequestCacheAwareFilter.doFilter(RequestCacheAwareFilter.java:63) ~[spring-security-web-7.0.6.jar:7.0.6]
	at org.springframework.security.web.FilterChainProxy$VirtualFilterChain.doFilter(FilterChainProxy.java:385) ~[spring-security-web-7.0.6.jar:7.0.6]
	at com.uce.Tutomatch.security.JwtAuthenticationFilter.doFilterInternal(JwtAuthenticationFilter.java:61) ~[classes/:na]
	at org.springframework.web.filter.OncePerRequestFilter.doFilter(OncePerRequestFilter.java:116) ~[spring-web-7.0.8.jar:7.0.8]
	at org.springframework.security.web.FilterChainProxy$VirtualFilterChain.doFilter(FilterChainProxy.java:385) ~[spring-security-web-7.0.6.jar:7.0.6]
	at org.springframework.security.web.authentication.logout.LogoutFilter.doFilter(LogoutFilter.java:110) ~[spring-security-web-7.0.6.jar:7.0.6]
	at org.springframework.security.web.authentication.logout.LogoutFilter.doFilter(LogoutFilter.java:96) ~[spring-security-web-7.0.6.jar:7.0.6]
	at org.springframework.security.web.FilterChainProxy$VirtualFilterChain.doFilter(FilterChainProxy.java:385) ~[spring-security-web-7.0.6.jar:7.0.6]
	at org.springframework.security.web.header.HeaderWriterFilter.doHeadersAfter(HeaderWriterFilter.java:90) ~[spring-security-web-7.0.6.jar:7.0.6]
	at org.springframework.security.web.header.HeaderWriterFilter.doFilterInternal(HeaderWriterFilter.java:75) ~[spring-security-web-7.0.6.jar:7.0.6]
	at org.springframework.web.filter.OncePerRequestFilter.doFilter(OncePerRequestFilter.java:116) ~[spring-web-7.0.8.jar:7.0.8]
	at org.springframework.security.web.FilterChainProxy$VirtualFilterChain.doFilter(FilterChainProxy.java:385) ~[spring-security-web-7.0.6.jar:7.0.6]
	at org.springframework.security.web.context.SecurityContextHolderFilter.doFilter(SecurityContextHolderFilter.java:82) ~[spring-security-web-7.0.6.jar:7.0.6]
	at org.springframework.security.web.context.SecurityContextHolderFilter.doFilter(SecurityContextHolderFilter.java:69) ~[spring-security-web-7.0.6.jar:7.0.6]
	at org.springframework.security.web.FilterChainProxy$VirtualFilterChain.doFilter(FilterChainProxy.java:385) ~[spring-security-web-7.0.6.jar:7.0.6]
	at org.springframework.security.web.context.request.async.WebAsyncManagerIntegrationFilter.doFilterInternal(WebAsyncManagerIntegrationFilter.java:62) ~[spring-security-web-7.0.6.jar:7.0.6]
	at org.springframework.web.filter.OncePerRequestFilter.doFilter(OncePerRequestFilter.java:116) ~[spring-web-7.0.8.jar:7.0.8]
	at org.springframework.security.web.FilterChainProxy$VirtualFilterChain.doFilter(FilterChainProxy.java:385) ~[spring-security-web-7.0.6.jar:7.0.6]
	at org.springframework.security.web.session.DisableEncodeUrlFilter.doFilterInternal(DisableEncodeUrlFilter.java:42) ~[spring-security-web-7.0.6.jar:7.0.6]
	at org.springframework.web.filter.OncePerRequestFilter.doFilter(OncePerRequestFilter.java:116) ~[spring-web-7.0.8.jar:7.0.8]
	at org.springframework.security.web.FilterChainProxy$VirtualFilterChain.doFilter(FilterChainProxy.java:385) ~[spring-security-web-7.0.6.jar:7.0.6]
	at org.springframework.security.web.FilterChainProxy.doFilterInternal(FilterChainProxy.java:237) ~[spring-security-web-7.0.6.jar:7.0.6]
	at org.springframework.security.web.FilterChainProxy.doFilter(FilterChainProxy.java:195) ~[spring-security-web-7.0.6.jar:7.0.6]
	at org.springframework.web.filter.CompositeFilter$VirtualFilterChain.doFilter(CompositeFilter.java:113) ~[spring-web-7.0.8.jar:7.0.8]
	at org.springframework.web.filter.ServletRequestPathFilter.doFilter(ServletRequestPathFilter.java:52) ~[spring-web-7.0.8.jar:7.0.8]
	at org.springframework.web.filter.CompositeFilter$VirtualFilterChain.doFilter(CompositeFilter.java:113) ~[spring-web-7.0.8.jar:7.0.8]
	at org.springframework.web.filter.CompositeFilter.doFilter(CompositeFilter.java:74) ~[spring-web-7.0.8.jar:7.0.8]
	at org.springframework.security.config.annotation.web.configuration.WebSecurityConfiguration$CompositeFilterChainProxy.doFilter(WebSecurityConfiguration.java:317) ~[spring-security-config-7.0.6.jar:7.0.6]
	at org.springframework.web.filter.DelegatingFilterProxy.invokeDelegate(DelegatingFilterProxy.java:355) ~[spring-web-7.0.8.jar:7.0.8]
	at org.springframework.web.filter.DelegatingFilterProxy.doFilter(DelegatingFilterProxy.java:272) ~[spring-web-7.0.8.jar:7.0.8]
	at org.apache.catalina.core.ApplicationFilterChain.doFilter(ApplicationFilterChain.java:107) ~[tomcat-embed-core-11.0.22.jar:11.0.22]
	at org.springframework.web.filter.RequestContextFilter.doFilterInternal(RequestContextFilter.java:100) ~[spring-web-7.0.8.jar:7.0.8]
	at org.springframework.web.filter.OncePerRequestFilter.doFilter(OncePerRequestFilter.java:116) ~[spring-web-7.0.8.jar:7.0.8]
	at org.apache.catalina.core.ApplicationFilterChain.doFilter(ApplicationFilterChain.java:107) ~[tomcat-embed-core-11.0.22.jar:11.0.22]
	at org.springframework.web.filter.FormContentFilter.doFilterInternal(FormContentFilter.java:93) ~[spring-web-7.0.8.jar:7.0.8]
	at org.springframework.web.filter.OncePerRequestFilter.doFilter(OncePerRequestFilter.java:116) ~[spring-web-7.0.8.jar:7.0.8]
	at org.apache.catalina.core.ApplicationFilterChain.doFilter(ApplicationFilterChain.java:107) ~[tomcat-embed-core-11.0.22.jar:11.0.22]
	at org.springframework.web.filter.CharacterEncodingFilter.doFilterInternal(CharacterEncodingFilter.java:199) ~[spring-web-7.0.8.jar:7.0.8]
	at org.springframework.web.filter.OncePerRequestFilter.doFilter(OncePerRequestFilter.java:116) ~[spring-web-7.0.8.jar:7.0.8]
	at org.apache.catalina.core.ApplicationFilterChain.doFilter(ApplicationFilterChain.java:107) ~[tomcat-embed-core-11.0.22.jar:11.0.22]
	at org.apache.catalina.core.StandardWrapperValve.invoke(StandardWrapperValve.java:165) ~[tomcat-embed-core-11.0.22.jar:11.0.22]
	at org.apache.catalina.core.StandardContextValve.invoke(StandardContextValve.java:77) ~[tomcat-embed-core-11.0.22.jar:11.0.22]
	at org.apache.catalina.authenticator.AuthenticatorBase.invoke(AuthenticatorBase.java:492) ~[tomcat-embed-core-11.0.22.jar:11.0.22]
	at org.apache.catalina.core.StandardHostValve.invoke(StandardHostValve.java:113) ~[tomcat-embed-core-11.0.22.jar:11.0.22]
	at org.apache.catalina.valves.ErrorReportValve.invoke(ErrorReportValve.java:83) ~[tomcat-embed-core-11.0.22.jar:11.0.22]
	at org.apache.catalina.core.StandardEngineValve.invoke(StandardEngineValve.java:72) ~[tomcat-embed-core-11.0.22.jar:11.0.22]
	at org.apache.catalina.connector.CoyoteAdapter.service(CoyoteAdapter.java:341) ~[tomcat-embed-core-11.0.22.jar:11.0.22]
	at org.apache.coyote.http11.Http11Processor.service(Http11Processor.java:397) ~[tomcat-embed-core-11.0.22.jar:11.0.22]
	at org.apache.coyote.AbstractProcessorLight.process(AbstractProcessorLight.java:63) ~[tomcat-embed-core-11.0.22.jar:11.0.22]
	at org.apache.coyote.AbstractProtocol$ConnectionHandler.process(AbstractProtocol.java:1272) ~[tomcat-embed-core-11.0.22.jar:11.0.22]
	at org.apache.tomcat.util.net.NioEndpoint$SocketProcessor.doRun(NioEndpoint.java:1801) ~[tomcat-embed-core-11.0.22.jar:11.0.22]
	at org.apache.tomcat.util.net.SocketProcessorBase.run(SocketProcessorBase.java:52) ~[tomcat-embed-core-11.0.22.jar:11.0.22]
	at org.apache.tomcat.util.threads.ThreadPoolExecutor.runWorker(ThreadPoolExecutor.java:946) ~[tomcat-embed-core-11.0.22.jar:11.0.22]
	at org.apache.tomcat.util.threads.ThreadPoolExecutor$Worker.run(ThreadPoolExecutor.java:480) ~[tomcat-embed-core-11.0.22.jar:11.0.22]
	at org.apache.tomcat.util.threads.TaskThread$WrappingRunnable.run(TaskThread.java:57) ~[tomcat-embed-core-11.0.22.jar:11.0.22]
	at java.base/java.lang.Thread.run(Thread.java:1575) ~[na:na]
Caused by: org.attoparser.ParseException: Fragment '~{fragments/head :: head(${pageTitle})}' specifies synthetic (unnamed) parameters, but the resolved fragment does not match a fragment signature (th:fragment,data-th-fragment) which could apply names to the specified parameters. (template: "layout" - line 6, col 15)
	at org.attoparser.MarkupParser.parseDocument(MarkupParser.java:393) ~[attoparser-2.0.7.RELEASE.jar:2.0.7.RELEASE]
	at org.attoparser.MarkupParser.parse(MarkupParser.java:257) ~[attoparser-2.0.7.RELEASE.jar:2.0.7.RELEASE]
	at org.thymeleaf.templateparser.markup.AbstractMarkupTemplateParser.parse(AbstractMarkupTemplateParser.java:230) ~[thymeleaf-3.1.5.RELEASE.jar:3.1.5.RELEASE]
	... 91 common frames omitted
Caused by: org.thymeleaf.exceptions.TemplateProcessingException: Fragment '~{fragments/head :: head(${pageTitle})}' specifies synthetic (unnamed) parameters, but the resolved fragment does not match a fragment signature (th:fragment,data-th-fragment) which could apply names to the specified parameters. (template: "layout" - line 6, col 15)
	at org.thymeleaf.standard.processor.AbstractStandardFragmentInsertionTagProcessor.doProcess(AbstractStandardFragmentInsertionTagProcessor.java:208) ~[thymeleaf-3.1.5.RELEASE.jar:3.1.5.RELEASE]
	at org.thymeleaf.processor.element.AbstractAttributeTagProcessor.doProcess(AbstractAttributeTagProcessor.java:74) ~[thymeleaf-3.1.5.RELEASE.jar:3.1.5.RELEASE]
	at org.thymeleaf.processor.element.AbstractElementTagProcessor.process(AbstractElementTagProcessor.java:95) ~[thymeleaf-3.1.5.RELEASE.jar:3.1.5.RELEASE]
	at org.thymeleaf.util.ProcessorConfigurationUtils$ElementTagProcessorWrapper.process(ProcessorConfigurationUtils.java:633) ~[thymeleaf-3.1.5.RELEASE.jar:3.1.5.RELEASE]
	at org.thymeleaf.engine.ProcessorTemplateHandler.handleStandaloneElement(ProcessorTemplateHandler.java:918) ~[thymeleaf-3.1.5.RELEASE.jar:3.1.5.RELEASE]
	at org.thymeleaf.engine.StandaloneElementTag.beHandled(StandaloneElementTag.java:228) ~[thymeleaf-3.1.5.RELEASE.jar:3.1.5.RELEASE]
	at org.thymeleaf.engine.Model.process(Model.java:282) ~[thymeleaf-3.1.5.RELEASE.jar:3.1.5.RELEASE]
	at org.thymeleaf.engine.ProcessorTemplateHandler.handleOpenElement(ProcessorTemplateHandler.java:1587) ~[thymeleaf-3.1.5.RELEASE.jar:3.1.5.RELEASE]
	at org.thymeleaf.engine.OpenElementTag.beHandled(OpenElementTag.java:205) ~[thymeleaf-3.1.5.RELEASE.jar:3.1.5.RELEASE]
	at org.thymeleaf.engine.Model.process(Model.java:282) ~[thymeleaf-3.1.5.RELEASE.jar:3.1.5.RELEASE]
	at org.thymeleaf.engine.Model.process(Model.java:290) ~[thymeleaf-3.1.5.RELEASE.jar:3.1.5.RELEASE]
	at org.thymeleaf.engine.GatheringModelProcessable.process(GatheringModelProcessable.java:78) ~[thymeleaf-3.1.5.RELEASE.jar:3.1.5.RELEASE]
	at org.thymeleaf.engine.ProcessorTemplateHandler.handleCloseElement(ProcessorTemplateHandler.java:1640) ~[thymeleaf-3.1.5.RELEASE.jar:3.1.5.RELEASE]
	at org.thymeleaf.engine.TemplateHandlerAdapterMarkupHandler.handleCloseElementEnd(TemplateHandlerAdapterMarkupHandler.java:388) ~[thymeleaf-3.1.5.RELEASE.jar:3.1.5.RELEASE]
	at org.thymeleaf.templateparser.markup.InlinedOutputExpressionMarkupHandler$InlineMarkupAdapterPreProcessorHandler.handleCloseElementEnd(InlinedOutputExpressionMarkupHandler.java:322) ~[thymeleaf-3.1.5.RELEASE.jar:3.1.5.RELEASE]
	at org.thymeleaf.standard.inline.OutputExpressionInlinePreProcessorHandler.handleCloseElementEnd(OutputExpressionInlinePreProcessorHandler.java:220) ~[thymeleaf-3.1.5.RELEASE.jar:3.1.5.RELEASE]
	at org.thymeleaf.templateparser.markup.InlinedOutputExpressionMarkupHandler.handleCloseElementEnd(InlinedOutputExpressionMarkupHandler.java:164) ~[thymeleaf-3.1.5.RELEASE.jar:3.1.5.RELEASE]
	at org.attoparser.HtmlElement.handleCloseElementEnd(HtmlElement.java:169) ~[attoparser-2.0.7.RELEASE.jar:2.0.7.RELEASE]
	at org.attoparser.HtmlMarkupHandler.handleCloseElementEnd(HtmlMarkupHandler.java:412) ~[attoparser-2.0.7.RELEASE.jar:2.0.7.RELEASE]
	at org.attoparser.MarkupEventProcessorHandler.handleCloseElementEnd(MarkupEventProcessorHandler.java:473) ~[attoparser-2.0.7.RELEASE.jar:2.0.7.RELEASE]
	at org.attoparser.ParsingElementMarkupUtil.parseCloseElement(ParsingElementMarkupUtil.java:201) ~[attoparser-2.0.7.RELEASE.jar:2.0.7.RELEASE]
	at org.attoparser.MarkupParser.parseBuffer(MarkupParser.java:725) ~[attoparser-2.0.7.RELEASE.jar:2.0.7.RELEASE]
	at org.attoparser.MarkupParser.parseDocument(MarkupParser.java:301) ~[attoparser-2.0.7.RELEASE.jar:2.0.7.RELEASE]
	... 93 common frames omitted

2026-06-14T22:23:45.130-05:00 ERROR 29908 --- [Tutomatch] [nio-8080-exec-9] o.a.c.c.C.[.[.[/].[dispatcherServlet]    : Servlet.service() for servlet [dispatcherServlet] in context with path [] threw exception [Request processing failed: org.thymeleaf.exceptions.TemplateInputException: An error happened during template parsing (template: "class path resource [templates/home.html]")] with root cause

org.thymeleaf.exceptions.TemplateProcessingException: Fragment '~{fragments/head :: head(${pageTitle})}' specifies synthetic (unnamed) parameters, but the resolved fragment does not match a fragment signature (th:fragment,data-th-fragment) which could apply names to the specified parameters. (template: "layout" - line 6, col 15)
	at org.thymeleaf.standard.processor.AbstractStandardFragmentInsertionTagProcessor.doProcess(AbstractStandardFragmentInsertionTagProcessor.java:208) ~[thymeleaf-3.1.5.RELEASE.jar:3.1.5.RELEASE]
	at org.thymeleaf.processor.element.AbstractAttributeTagProcessor.doProcess(AbstractAttributeTagProcessor.java:74) ~[thymeleaf-3.1.5.RELEASE.jar:3.1.5.RELEASE]
	at org.thymeleaf.processor.element.AbstractElementTagProcessor.process(AbstractElementTagProcessor.java:95) ~[thymeleaf-3.1.5.RELEASE.jar:3.1.5.RELEASE]
	at org.thymeleaf.util.ProcessorConfigurationUtils$ElementTagProcessorWrapper.process(ProcessorConfigurationUtils.java:633) ~[thymeleaf-3.1.5.RELEASE.jar:3.1.5.RELEASE]
	at org.thymeleaf.engine.ProcessorTemplateHandler.handleStandaloneElement(ProcessorTemplateHandler.java:918) ~[thymeleaf-3.1.5.RELEASE.jar:3.1.5.RELEASE]
	at org.thymeleaf.engine.StandaloneElementTag.beHandled(StandaloneElementTag.java:228) ~[thymeleaf-3.1.5.RELEASE.jar:3.1.5.RELEASE]
	at org.thymeleaf.engine.Model.process(Model.java:282) ~[thymeleaf-3.1.5.RELEASE.jar:3.1.5.RELEASE]
	at org.thymeleaf.engine.ProcessorTemplateHandler.handleOpenElement(ProcessorTemplateHandler.java:1587) ~[thymeleaf-3.1.5.RELEASE.jar:3.1.5.RELEASE]
	at org.thymeleaf.engine.OpenElementTag.beHandled(OpenElementTag.java:205) ~[thymeleaf-3.1.5.RELEASE.jar:3.1.5.RELEASE]
	at org.thymeleaf.engine.Model.process(Model.java:282) ~[thymeleaf-3.1.5.RELEASE.jar:3.1.5.RELEASE]
	at org.thymeleaf.engine.Model.process(Model.java:290) ~[thymeleaf-3.1.5.RELEASE.jar:3.1.5.RELEASE]
	at org.thymeleaf.engine.GatheringModelProcessable.process(GatheringModelProcessable.java:78) ~[thymeleaf-3.1.5.RELEASE.jar:3.1.5.RELEASE]
	at org.thymeleaf.engine.ProcessorTemplateHandler.handleCloseElement(ProcessorTemplateHandler.java:1640) ~[thymeleaf-3.1.5.RELEASE.jar:3.1.5.RELEASE]
	at org.thymeleaf.engine.TemplateHandlerAdapterMarkupHandler.handleCloseElementEnd(TemplateHandlerAdapterMarkupHandler.java:388) ~[thymeleaf-3.1.5.RELEASE.jar:3.1.5.RELEASE]
	at org.thymeleaf.templateparser.markup.InlinedOutputExpressionMarkupHandler$InlineMarkupAdapterPreProcessorHandler.handleCloseElementEnd(InlinedOutputExpressionMarkupHandler.java:322) ~[thymeleaf-3.1.5.RELEASE.jar:3.1.5.RELEASE]
	at org.thymeleaf.standard.inline.OutputExpressionInlinePreProcessorHandler.handleCloseElementEnd(OutputExpressionInlinePreProcessorHandler.java:220) ~[thymeleaf-3.1.5.RELEASE.jar:3.1.5.RELEASE]
	at org.thymeleaf.templateparser.markup.InlinedOutputExpressionMarkupHandler.handleCloseElementEnd(InlinedOutputExpressionMarkupHandler.java:164) ~[thymeleaf-3.1.5.RELEASE.jar:3.1.5.RELEASE]
	at org.attoparser.HtmlElement.handleCloseElementEnd(HtmlElement.java:169) ~[attoparser-2.0.7.RELEASE.jar:2.0.7.RELEASE]
	at org.attoparser.HtmlMarkupHandler.handleCloseElementEnd(HtmlMarkupHandler.java:412) ~[attoparser-2.0.7.RELEASE.jar:2.0.7.RELEASE]
	at org.attoparser.MarkupEventProcessorHandler.handleCloseElementEnd(MarkupEventProcessorHandler.java:473) ~[attoparser-2.0.7.RELEASE.jar:2.0.7.RELEASE]
	at org.attoparser.ParsingElementMarkupUtil.parseCloseElement(ParsingElementMarkupUtil.java:201) ~[attoparser-2.0.7.RELEASE.jar:2.0.7.RELEASE]
	at org.attoparser.MarkupParser.parseBuffer(MarkupParser.java:725) ~[attoparser-2.0.7.RELEASE.jar:2.0.7.RELEASE]
	at org.attoparser.MarkupParser.parseDocument(MarkupParser.java:301) ~[attoparser-2.0.7.RELEASE.jar:2.0.7.RELEASE]
	at org.attoparser.MarkupParser.parse(MarkupParser.java:257) ~[attoparser-2.0.7.RELEASE.jar:2.0.7.RELEASE]
	at org.thymeleaf.templateparser.markup.AbstractMarkupTemplateParser.parse(AbstractMarkupTemplateParser.java:230) ~[thymeleaf-3.1.5.RELEASE.jar:3.1.5.RELEASE]
	at org.thymeleaf.templateparser.markup.AbstractMarkupTemplateParser.parseStandalone(AbstractMarkupTemplateParser.java:100) ~[thymeleaf-3.1.5.RELEASE.jar:3.1.5.RELEASE]
	at org.thymeleaf.engine.TemplateManager.parseAndProcess(TemplateManager.java:666) ~[thymeleaf-3.1.5.RELEASE.jar:3.1.5.RELEASE]
	at org.thymeleaf.TemplateEngine.process(TemplateEngine.java:1103) ~[thymeleaf-3.1.5.RELEASE.jar:3.1.5.RELEASE]
	at org.thymeleaf.TemplateEngine.process(TemplateEngine.java:1077) ~[thymeleaf-3.1.5.RELEASE.jar:3.1.5.RELEASE]
	at org.thymeleaf.spring6.view.ThymeleafView.renderFragment(ThymeleafView.java:374) ~[thymeleaf-spring6-3.1.5.RELEASE.jar:3.1.5.RELEASE]
	at org.thymeleaf.spring6.view.ThymeleafView.render(ThymeleafView.java:193) ~[thymeleaf-spring6-3.1.5.RELEASE.jar:3.1.5.RELEASE]
	at org.springframework.web.servlet.DispatcherServlet.render(DispatcherServlet.java:1305) ~[spring-webmvc-7.0.8.jar:7.0.8]
	at org.springframework.web.servlet.DispatcherServlet.processDispatchResult(DispatcherServlet.java:1042) ~[spring-webmvc-7.0.8.jar:7.0.8]
	at org.springframework.web.servlet.DispatcherServlet.doDispatch(DispatcherServlet.java:980) ~[spring-webmvc-7.0.8.jar:7.0.8]
	at org.springframework.web.servlet.DispatcherServlet.doService(DispatcherServlet.java:866) ~[spring-webmvc-7.0.8.jar:7.0.8]
	at org.springframework.web.servlet.FrameworkServlet.processRequest(FrameworkServlet.java:1000) ~[spring-webmvc-7.0.8.jar:7.0.8]
	at org.springframework.web.servlet.FrameworkServlet.doGet(FrameworkServlet.java:892) ~[spring-webmvc-7.0.8.jar:7.0.8]
	at jakarta.servlet.http.HttpServlet.service(HttpServlet.java:622) ~[tomcat-embed-core-11.0.22.jar:6.1]
	at org.springframework.web.servlet.FrameworkServlet.service(FrameworkServlet.java:874) ~[spring-webmvc-7.0.8.jar:7.0.8]
	at jakarta.servlet.http.HttpServlet.service(HttpServlet.java:710) ~[tomcat-embed-core-11.0.22.jar:6.1]
	at org.apache.catalina.core.ApplicationFilterChain.doFilter(ApplicationFilterChain.java:128) ~[tomcat-embed-core-11.0.22.jar:11.0.22]
	at org.apache.tomcat.websocket.server.WsFilter.doFilter(WsFilter.java:53) ~[tomcat-embed-websocket-11.0.22.jar:11.0.22]
	at org.apache.catalina.core.ApplicationFilterChain.doFilter(ApplicationFilterChain.java:107) ~[tomcat-embed-core-11.0.22.jar:11.0.22]
	at org.springframework.web.filter.OncePerRequestFilter.doFilter(OncePerRequestFilter.java:110) ~[spring-web-7.0.8.jar:7.0.8]
	at org.apache.catalina.core.ApplicationFilterChain.doFilter(ApplicationFilterChain.java:107) ~[tomcat-embed-core-11.0.22.jar:11.0.22]
	at org.springframework.web.filter.CompositeFilter$VirtualFilterChain.doFilter(CompositeFilter.java:108) ~[spring-web-7.0.8.jar:7.0.8]
	at org.springframework.security.web.FilterChainProxy.lambda$doFilterInternal$3(FilterChainProxy.java:235) ~[spring-security-web-7.0.6.jar:7.0.6]
	at org.springframework.security.web.FilterChainProxy$VirtualFilterChain.doFilter(FilterChainProxy.java:376) ~[spring-security-web-7.0.6.jar:7.0.6]
	at org.springframework.security.web.access.intercept.AuthorizationFilter.doFilter(AuthorizationFilter.java:101) ~[spring-security-web-7.0.6.jar:7.0.6]
	at org.springframework.security.web.FilterChainProxy$VirtualFilterChain.doFilter(FilterChainProxy.java:385) ~[spring-security-web-7.0.6.jar:7.0.6]
	at org.springframework.security.web.access.ExceptionTranslationFilter.doFilter(ExceptionTranslationFilter.java:126) ~[spring-security-web-7.0.6.jar:7.0.6]
	at org.springframework.security.web.access.ExceptionTranslationFilter.doFilter(ExceptionTranslationFilter.java:120) ~[spring-security-web-7.0.6.jar:7.0.6]
	at org.springframework.security.web.FilterChainProxy$VirtualFilterChain.doFilter(FilterChainProxy.java:385) ~[spring-security-web-7.0.6.jar:7.0.6]
	at org.springframework.security.web.session.SessionManagementFilter.doFilter(SessionManagementFilter.java:132) ~[spring-security-web-7.0.6.jar:7.0.6]
	at org.springframework.security.web.session.SessionManagementFilter.doFilter(SessionManagementFilter.java:86) ~[spring-security-web-7.0.6.jar:7.0.6]
	at org.springframework.security.web.FilterChainProxy$VirtualFilterChain.doFilter(FilterChainProxy.java:385) ~[spring-security-web-7.0.6.jar:7.0.6]
	at org.springframework.security.web.authentication.AnonymousAuthenticationFilter.doFilter(AnonymousAuthenticationFilter.java:100) ~[spring-security-web-7.0.6.jar:7.0.6]
	at org.springframework.security.web.FilterChainProxy$VirtualFilterChain.doFilter(FilterChainProxy.java:385) ~[spring-security-web-7.0.6.jar:7.0.6]
	at org.springframework.security.web.servletapi.SecurityContextHolderAwareRequestFilter.doFilter(SecurityContextHolderAwareRequestFilter.java:181) ~[spring-security-web-7.0.6.jar:7.0.6]
	at org.springframework.security.web.FilterChainProxy$VirtualFilterChain.doFilter(FilterChainProxy.java:385) ~[spring-security-web-7.0.6.jar:7.0.6]
	at org.springframework.security.web.savedrequest.RequestCacheAwareFilter.doFilter(RequestCacheAwareFilter.java:63) ~[spring-security-web-7.0.6.jar:7.0.6]
	at org.springframework.security.web.FilterChainProxy$VirtualFilterChain.doFilter(FilterChainProxy.java:385) ~[spring-security-web-7.0.6.jar:7.0.6]
	at com.uce.Tutomatch.security.JwtAuthenticationFilter.doFilterInternal(JwtAuthenticationFilter.java:61) ~[classes/:na]
	at org.springframework.web.filter.OncePerRequestFilter.doFilter(OncePerRequestFilter.java:116) ~[spring-web-7.0.8.jar:7.0.8]
	at org.springframework.security.web.FilterChainProxy$VirtualFilterChain.doFilter(FilterChainProxy.java:385) ~[spring-security-web-7.0.6.jar:7.0.6]
	at org.springframework.security.web.authentication.logout.LogoutFilter.doFilter(LogoutFilter.java:110) ~[spring-security-web-7.0.6.jar:7.0.6]
	at org.springframework.security.web.authentication.logout.LogoutFilter.doFilter(LogoutFilter.java:96) ~[spring-security-web-7.0.6.jar:7.0.6]
	at org.springframework.security.web.FilterChainProxy$VirtualFilterChain.doFilter(FilterChainProxy.java:385) ~[spring-security-web-7.0.6.jar:7.0.6]
	at org.springframework.security.web.header.HeaderWriterFilter.doHeadersAfter(HeaderWriterFilter.java:90) ~[spring-security-web-7.0.6.jar:7.0.6]
	at org.springframework.security.web.header.HeaderWriterFilter.doFilterInternal(HeaderWriterFilter.java:75) ~[spring-security-web-7.0.6.jar:7.0.6]
	at org.springframework.web.filter.OncePerRequestFilter.doFilter(OncePerRequestFilter.java:116) ~[spring-web-7.0.8.jar:7.0.8]
	at org.springframework.security.web.FilterChainProxy$VirtualFilterChain.doFilter(FilterChainProxy.java:385) ~[spring-security-web-7.0.6.jar:7.0.6]
	at org.springframework.security.web.context.SecurityContextHolderFilter.doFilter(SecurityContextHolderFilter.java:82) ~[spring-security-web-7.0.6.jar:7.0.6]
	at org.springframework.security.web.context.SecurityContextHolderFilter.doFilter(SecurityContextHolderFilter.java:69) ~[spring-security-web-7.0.6.jar:7.0.6]
	at org.springframework.security.web.FilterChainProxy$VirtualFilterChain.doFilter(FilterChainProxy.java:385) ~[spring-security-web-7.0.6.jar:7.0.6]
	at org.springframework.security.web.context.request.async.WebAsyncManagerIntegrationFilter.doFilterInternal(WebAsyncManagerIntegrationFilter.java:62) ~[spring-security-web-7.0.6.jar:7.0.6]
	at org.springframework.web.filter.OncePerRequestFilter.doFilter(OncePerRequestFilter.java:116) ~[spring-web-7.0.8.jar:7.0.8]
	at org.springframework.security.web.FilterChainProxy$VirtualFilterChain.doFilter(FilterChainProxy.java:385) ~[spring-security-web-7.0.6.jar:7.0.6]
	at org.springframework.security.web.session.DisableEncodeUrlFilter.doFilterInternal(DisableEncodeUrlFilter.java:42) ~[spring-security-web-7.0.6.jar:7.0.6]
	at org.springframework.web.filter.OncePerRequestFilter.doFilter(OncePerRequestFilter.java:116) ~[spring-web-7.0.8.jar:7.0.8]
	at org.springframework.security.web.FilterChainProxy$VirtualFilterChain.doFilter(FilterChainProxy.java:385) ~[spring-security-web-7.0.6.jar:7.0.6]
	at org.springframework.security.web.FilterChainProxy.doFilterInternal(FilterChainProxy.java:237) ~[spring-security-web-7.0.6.jar:7.0.6]
	at org.springframework.security.web.FilterChainProxy.doFilter(FilterChainProxy.java:195) ~[spring-security-web-7.0.6.jar:7.0.6]
	at org.springframework.web.filter.CompositeFilter$VirtualFilterChain.doFilter(CompositeFilter.java:113) ~[spring-web-7.0.8.jar:7.0.8]
	at org.springframework.web.filter.ServletRequestPathFilter.doFilter(ServletRequestPathFilter.java:52) ~[spring-web-7.0.8.jar:7.0.8]
	at org.springframework.web.filter.CompositeFilter$VirtualFilterChain.doFilter(CompositeFilter.java:113) ~[spring-web-7.0.8.jar:7.0.8]
	at org.springframework.web.filter.CompositeFilter.doFilter(CompositeFilter.java:74) ~[spring-web-7.0.8.jar:7.0.8]
	at org.springframework.security.config.annotation.web.configuration.WebSecurityConfiguration$CompositeFilterChainProxy.doFilter(WebSecurityConfiguration.java:317) ~[spring-security-config-7.0.6.jar:7.0.6]
	at org.springframework.web.filter.DelegatingFilterProxy.invokeDelegate(DelegatingFilterProxy.java:355) ~[spring-web-7.0.8.jar:7.0.8]
	at org.springframework.web.filter.DelegatingFilterProxy.doFilter(DelegatingFilterProxy.java:272) ~[spring-web-7.0.8.jar:7.0.8]
	at org.apache.catalina.core.ApplicationFilterChain.doFilter(ApplicationFilterChain.java:107) ~[tomcat-embed-core-11.0.22.jar:11.0.22]
	at org.springframework.web.filter.RequestContextFilter.doFilterInternal(RequestContextFilter.java:100) ~[spring-web-7.0.8.jar:7.0.8]
	at org.springframework.web.filter.OncePerRequestFilter.doFilter(OncePerRequestFilter.java:116) ~[spring-web-7.0.8.jar:7.0.8]
	at org.apache.catalina.core.ApplicationFilterChain.doFilter(ApplicationFilterChain.java:107) ~[tomcat-embed-core-11.0.22.jar:11.0.22]
	at org.springframework.web.filter.FormContentFilter.doFilterInternal(FormContentFilter.java:93) ~[spring-web-7.0.8.jar:7.0.8]
	at org.springframework.web.filter.OncePerRequestFilter.doFilter(OncePerRequestFilter.java:116) ~[spring-web-7.0.8.jar:7.0.8]
	at org.apache.catalina.core.ApplicationFilterChain.doFilter(ApplicationFilterChain.java:107) ~[tomcat-embed-core-11.0.22.jar:11.0.22]
	at org.springframework.web.filter.CharacterEncodingFilter.doFilterInternal(CharacterEncodingFilter.java:199) ~[spring-web-7.0.8.jar:7.0.8]
	at org.springframework.web.filter.OncePerRequestFilter.doFilter(OncePerRequestFilter.java:116) ~[spring-web-7.0.8.jar:7.0.8]
	at org.apache.catalina.core.ApplicationFilterChain.doFilter(ApplicationFilterChain.java:107) ~[tomcat-embed-core-11.0.22.jar:11.0.22]
	at org.apache.catalina.core.StandardWrapperValve.invoke(StandardWrapperValve.java:165) ~[tomcat-embed-core-11.0.22.jar:11.0.22]
	at org.apache.catalina.core.StandardContextValve.invoke(StandardContextValve.java:77) ~[tomcat-embed-core-11.0.22.jar:11.0.22]
	at org.apache.catalina.authenticator.AuthenticatorBase.invoke(AuthenticatorBase.java:492) ~[tomcat-embed-core-11.0.22.jar:11.0.22]
	at org.apache.catalina.core.StandardHostValve.invoke(StandardHostValve.java:113) ~[tomcat-embed-core-11.0.22.jar:11.0.22]
	at org.apache.catalina.valves.ErrorReportValve.invoke(ErrorReportValve.java:83) ~[tomcat-embed-core-11.0.22.jar:11.0.22]
	at org.apache.catalina.core.StandardEngineValve.invoke(StandardEngineValve.java:72) ~[tomcat-embed-core-11.0.22.jar:11.0.22]
	at org.apache.catalina.connector.CoyoteAdapter.service(CoyoteAdapter.java:341) ~[tomcat-embed-core-11.0.22.jar:11.0.22]
	at org.apache.coyote.http11.Http11Processor.service(Http11Processor.java:397) ~[tomcat-embed-core-11.0.22.jar:11.0.22]
	at org.apache.coyote.AbstractProcessorLight.process(AbstractProcessorLight.java:63) ~[tomcat-embed-core-11.0.22.jar:11.0.22]
	at org.apache.coyote.AbstractProtocol$ConnectionHandler.process(AbstractProtocol.java:1272) ~[tomcat-embed-core-11.0.22.jar:11.0.22]
	at org.apache.tomcat.util.net.NioEndpoint$SocketProcessor.doRun(NioEndpoint.java:1801) ~[tomcat-embed-core-11.0.22.jar:11.0.22]
	at org.apache.tomcat.util.net.SocketProcessorBase.run(SocketProcessorBase.java:52) ~[tomcat-embed-core-11.0.22.jar:11.0.22]
	at org.apache.tomcat.util.threads.ThreadPoolExecutor.runWorker(ThreadPoolExecutor.java:946) ~[tomcat-embed-core-11.0.22.jar:11.0.22]
	at org.apache.tomcat.util.threads.ThreadPoolExecutor$Worker.run(ThreadPoolExecutor.java:480) ~[tomcat-embed-core-11.0.22.jar:11.0.22]
	at org.apache.tomcat.util.threads.TaskThread$WrappingRunnable.run(TaskThread.java:57) ~[tomcat-embed-core-11.0.22.jar:11.0.22]
	at java.base/java.lang.Thread.run(Thread.java:1575) ~[na:na]

Hibernate: select u1_0.id,u1_0.correo_institucional,u1_0.fecha_creacion,u1_0.nombre_completo,u1_0.password_hash,u1_0.rol_admin,u1_0.rol_solicitante,u1_0.rol_tutor from usuarios u1_0 where u1_0.correo_institucional=?
Hibernate: select pt1_0.id,pt1_0.calificacion_promedio,pt1_0.descripcion,pt1_0.deuda_pendiente,pt1_0.semestre,pt1_0.usuario_id,pt1_0.verificado,pt1_0.visible from perfiles_tutor pt1_0 where pt1_0.usuario_id=?
Hibernate: select u1_0.id,u1_0.correo_institucional,u1_0.fecha_creacion,u1_0.nombre_completo,u1_0.password_hash,u1_0.rol_admin,u1_0.rol_solicitante,u1_0.rol_tutor from usuarios u1_0 where u1_0.correo_institucional=?
Hibernate: select pt1_0.id,pt1_0.calificacion_promedio,pt1_0.descripcion,pt1_0.deuda_pendiente,pt1_0.semestre,pt1_0.usuario_id,pt1_0.verificado,pt1_0.visible from perfiles_tutor pt1_0 where pt1_0.usuario_id=?
Hibernate: select u1_0.id,u1_0.correo_institucional,u1_0.fecha_creacion,u1_0.nombre_completo,u1_0.password_hash,u1_0.rol_admin,u1_0.rol_solicitante,u1_0.rol_tutor from usuarios u1_0 where u1_0.correo_institucional=?
Hibernate: select pt1_0.id,pt1_0.calificacion_promedio,pt1_0.descripcion,pt1_0.deuda_pendiente,pt1_0.semestre,pt1_0.usuario_id,pt1_0.verificado,pt1_0.visible from perfiles_tutor pt1_0 where pt1_0.usuario_id=?
Hibernate: select u1_0.id,u1_0.correo_institucional,u1_0.fecha_creacion,u1_0.nombre_completo,u1_0.password_hash,u1_0.rol_admin,u1_0.rol_solicitante,u1_0.rol_tutor from usuarios u1_0 where u1_0.correo_institucional=?
Hibernate: select pt1_0.id,pt1_0.calificacion_promedio,pt1_0.descripcion,pt1_0.deuda_pendiente,pt1_0.semestre,pt1_0.usuario_id,pt1_0.verificado,pt1_0.visible from perfiles_tutor pt1_0 where pt1_0.usuario_id=?
Hibernate: select u1_0.id,u1_0.correo_institucional,u1_0.fecha_creacion,u1_0.nombre_completo,u1_0.password_hash,u1_0.rol_admin,u1_0.rol_solicitante,u1_0.rol_tutor from usuarios u1_0 where u1_0.correo_institucional=?
Hibernate: select pt1_0.id,pt1_0.calificacion_promedio,pt1_0.descripcion,pt1_0.deuda_pendiente,pt1_0.semestre,pt1_0.usuario_id,pt1_0.verificado,pt1_0.visible from perfiles_tutor pt1_0 where pt1_0.usuario_id=?
Hibernate: select m1_0.id,m1_0.categoria,m1_0.nombre,m1_0.semestre_referencial,m1_0.tarifa_hora from materias m1_0 order by m1_0.categoria,m1_0.nombre
Hibernate: select pt1_0.id,pt1_0.calificacion_promedio,pt1_0.descripcion,pt1_0.deuda_pendiente,pt1_0.semestre,pt1_0.usuario_id,pt1_0.verificado,pt1_0.visible from perfiles_tutor pt1_0 where pt1_0.verificado=true and pt1_0.visible=true order by pt1_0.calificacion_promedio desc fetch first ? rows only
2026-06-14T22:23:47.261-05:00 ERROR 29908 --- [Tutomatch] [nio-8080-exec-3] org.thymeleaf.TemplateEngine             : [THYMELEAF][http-nio-8080-exec-3] Exception processing template "home": An error happened during template parsing (template: "class path resource [templates/home.html]")

org.thymeleaf.exceptions.TemplateInputException: An error happened during template parsing (template: "class path resource [templates/home.html]")
	at org.thymeleaf.templateparser.markup.AbstractMarkupTemplateParser.parse(AbstractMarkupTemplateParser.java:241) ~[thymeleaf-3.1.5.RELEASE.jar:3.1.5.RELEASE]
	at org.thymeleaf.templateparser.markup.AbstractMarkupTemplateParser.parseStandalone(AbstractMarkupTemplateParser.java:100) ~[thymeleaf-3.1.5.RELEASE.jar:3.1.5.RELEASE]
	at org.thymeleaf.engine.TemplateManager.parseAndProcess(TemplateManager.java:666) ~[thymeleaf-3.1.5.RELEASE.jar:3.1.5.RELEASE]
	at org.thymeleaf.TemplateEngine.process(TemplateEngine.java:1103) ~[thymeleaf-3.1.5.RELEASE.jar:3.1.5.RELEASE]
	at org.thymeleaf.TemplateEngine.process(TemplateEngine.java:1077) ~[thymeleaf-3.1.5.RELEASE.jar:3.1.5.RELEASE]
	at org.thymeleaf.spring6.view.ThymeleafView.renderFragment(ThymeleafView.java:374) ~[thymeleaf-spring6-3.1.5.RELEASE.jar:3.1.5.RELEASE]
	at org.thymeleaf.spring6.view.ThymeleafView.render(ThymeleafView.java:193) ~[thymeleaf-spring6-3.1.5.RELEASE.jar:3.1.5.RELEASE]
	at org.springframework.web.servlet.DispatcherServlet.render(DispatcherServlet.java:1305) ~[spring-webmvc-7.0.8.jar:7.0.8]
	at org.springframework.web.servlet.DispatcherServlet.processDispatchResult(DispatcherServlet.java:1042) ~[spring-webmvc-7.0.8.jar:7.0.8]
	at org.springframework.web.servlet.DispatcherServlet.doDispatch(DispatcherServlet.java:980) ~[spring-webmvc-7.0.8.jar:7.0.8]
	at org.springframework.web.servlet.DispatcherServlet.doService(DispatcherServlet.java:866) ~[spring-webmvc-7.0.8.jar:7.0.8]
	at org.springframework.web.servlet.FrameworkServlet.processRequest(FrameworkServlet.java:1000) ~[spring-webmvc-7.0.8.jar:7.0.8]
	at org.springframework.web.servlet.FrameworkServlet.doGet(FrameworkServlet.java:892) ~[spring-webmvc-7.0.8.jar:7.0.8]
	at jakarta.servlet.http.HttpServlet.service(HttpServlet.java:622) ~[tomcat-embed-core-11.0.22.jar:6.1]
	at org.springframework.web.servlet.FrameworkServlet.service(FrameworkServlet.java:874) ~[spring-webmvc-7.0.8.jar:7.0.8]
	at jakarta.servlet.http.HttpServlet.service(HttpServlet.java:710) ~[tomcat-embed-core-11.0.22.jar:6.1]
	at org.apache.catalina.core.ApplicationFilterChain.doFilter(ApplicationFilterChain.java:128) ~[tomcat-embed-core-11.0.22.jar:11.0.22]
	at org.apache.tomcat.websocket.server.WsFilter.doFilter(WsFilter.java:53) ~[tomcat-embed-websocket-11.0.22.jar:11.0.22]
	at org.apache.catalina.core.ApplicationFilterChain.doFilter(ApplicationFilterChain.java:107) ~[tomcat-embed-core-11.0.22.jar:11.0.22]
	at org.springframework.web.filter.OncePerRequestFilter.doFilter(OncePerRequestFilter.java:110) ~[spring-web-7.0.8.jar:7.0.8]
	at org.apache.catalina.core.ApplicationFilterChain.doFilter(ApplicationFilterChain.java:107) ~[tomcat-embed-core-11.0.22.jar:11.0.22]
	at org.springframework.web.filter.CompositeFilter$VirtualFilterChain.doFilter(CompositeFilter.java:108) ~[spring-web-7.0.8.jar:7.0.8]
	at org.springframework.security.web.FilterChainProxy.lambda$doFilterInternal$3(FilterChainProxy.java:235) ~[spring-security-web-7.0.6.jar:7.0.6]
	at org.springframework.security.web.FilterChainProxy$VirtualFilterChain.doFilter(FilterChainProxy.java:376) ~[spring-security-web-7.0.6.jar:7.0.6]
	at org.springframework.security.web.access.intercept.AuthorizationFilter.doFilter(AuthorizationFilter.java:101) ~[spring-security-web-7.0.6.jar:7.0.6]
	at org.springframework.security.web.FilterChainProxy$VirtualFilterChain.doFilter(FilterChainProxy.java:385) ~[spring-security-web-7.0.6.jar:7.0.6]
	at org.springframework.security.web.access.ExceptionTranslationFilter.doFilter(ExceptionTranslationFilter.java:126) ~[spring-security-web-7.0.6.jar:7.0.6]
	at org.springframework.security.web.access.ExceptionTranslationFilter.doFilter(ExceptionTranslationFilter.java:120) ~[spring-security-web-7.0.6.jar:7.0.6]
	at org.springframework.security.web.FilterChainProxy$VirtualFilterChain.doFilter(FilterChainProxy.java:385) ~[spring-security-web-7.0.6.jar:7.0.6]
	at org.springframework.security.web.session.SessionManagementFilter.doFilter(SessionManagementFilter.java:132) ~[spring-security-web-7.0.6.jar:7.0.6]
	at org.springframework.security.web.session.SessionManagementFilter.doFilter(SessionManagementFilter.java:86) ~[spring-security-web-7.0.6.jar:7.0.6]
	at org.springframework.security.web.FilterChainProxy$VirtualFilterChain.doFilter(FilterChainProxy.java:385) ~[spring-security-web-7.0.6.jar:7.0.6]
	at org.springframework.security.web.authentication.AnonymousAuthenticationFilter.doFilter(AnonymousAuthenticationFilter.java:100) ~[spring-security-web-7.0.6.jar:7.0.6]
	at org.springframework.security.web.FilterChainProxy$VirtualFilterChain.doFilter(FilterChainProxy.java:385) ~[spring-security-web-7.0.6.jar:7.0.6]
	at org.springframework.security.web.servletapi.SecurityContextHolderAwareRequestFilter.doFilter(SecurityContextHolderAwareRequestFilter.java:181) ~[spring-security-web-7.0.6.jar:7.0.6]
	at org.springframework.security.web.FilterChainProxy$VirtualFilterChain.doFilter(FilterChainProxy.java:385) ~[spring-security-web-7.0.6.jar:7.0.6]
	at org.springframework.security.web.savedrequest.RequestCacheAwareFilter.doFilter(RequestCacheAwareFilter.java:63) ~[spring-security-web-7.0.6.jar:7.0.6]
	at org.springframework.security.web.FilterChainProxy$VirtualFilterChain.doFilter(FilterChainProxy.java:385) ~[spring-security-web-7.0.6.jar:7.0.6]
	at com.uce.Tutomatch.security.JwtAuthenticationFilter.doFilterInternal(JwtAuthenticationFilter.java:61) ~[classes/:na]
	at org.springframework.web.filter.OncePerRequestFilter.doFilter(OncePerRequestFilter.java:116) ~[spring-web-7.0.8.jar:7.0.8]
	at org.springframework.security.web.FilterChainProxy$VirtualFilterChain.doFilter(FilterChainProxy.java:385) ~[spring-security-web-7.0.6.jar:7.0.6]
	at org.springframework.security.web.authentication.logout.LogoutFilter.doFilter(LogoutFilter.java:110) ~[spring-security-web-7.0.6.jar:7.0.6]
	at org.springframework.security.web.authentication.logout.LogoutFilter.doFilter(LogoutFilter.java:96) ~[spring-security-web-7.0.6.jar:7.0.6]
	at org.springframework.security.web.FilterChainProxy$VirtualFilterChain.doFilter(FilterChainProxy.java:385) ~[spring-security-web-7.0.6.jar:7.0.6]
	at org.springframework.security.web.header.HeaderWriterFilter.doHeadersAfter(HeaderWriterFilter.java:90) ~[spring-security-web-7.0.6.jar:7.0.6]
	at org.springframework.security.web.header.HeaderWriterFilter.doFilterInternal(HeaderWriterFilter.java:75) ~[spring-security-web-7.0.6.jar:7.0.6]
	at org.springframework.web.filter.OncePerRequestFilter.doFilter(OncePerRequestFilter.java:116) ~[spring-web-7.0.8.jar:7.0.8]
	at org.springframework.security.web.FilterChainProxy$VirtualFilterChain.doFilter(FilterChainProxy.java:385) ~[spring-security-web-7.0.6.jar:7.0.6]
	at org.springframework.security.web.context.SecurityContextHolderFilter.doFilter(SecurityContextHolderFilter.java:82) ~[spring-security-web-7.0.6.jar:7.0.6]
	at org.springframework.security.web.context.SecurityContextHolderFilter.doFilter(SecurityContextHolderFilter.java:69) ~[spring-security-web-7.0.6.jar:7.0.6]
	at org.springframework.security.web.FilterChainProxy$VirtualFilterChain.doFilter(FilterChainProxy.java:385) ~[spring-security-web-7.0.6.jar:7.0.6]
	at org.springframework.security.web.context.request.async.WebAsyncManagerIntegrationFilter.doFilterInternal(WebAsyncManagerIntegrationFilter.java:62) ~[spring-security-web-7.0.6.jar:7.0.6]
	at org.springframework.web.filter.OncePerRequestFilter.doFilter(OncePerRequestFilter.java:116) ~[spring-web-7.0.8.jar:7.0.8]
	at org.springframework.security.web.FilterChainProxy$VirtualFilterChain.doFilter(FilterChainProxy.java:385) ~[spring-security-web-7.0.6.jar:7.0.6]
	at org.springframework.security.web.session.DisableEncodeUrlFilter.doFilterInternal(DisableEncodeUrlFilter.java:42) ~[spring-security-web-7.0.6.jar:7.0.6]
	at org.springframework.web.filter.OncePerRequestFilter.doFilter(OncePerRequestFilter.java:116) ~[spring-web-7.0.8.jar:7.0.8]
	at org.springframework.security.web.FilterChainProxy$VirtualFilterChain.doFilter(FilterChainProxy.java:385) ~[spring-security-web-7.0.6.jar:7.0.6]
	at org.springframework.security.web.FilterChainProxy.doFilterInternal(FilterChainProxy.java:237) ~[spring-security-web-7.0.6.jar:7.0.6]
	at org.springframework.security.web.FilterChainProxy.doFilter(FilterChainProxy.java:195) ~[spring-security-web-7.0.6.jar:7.0.6]
	at org.springframework.web.filter.CompositeFilter$VirtualFilterChain.doFilter(CompositeFilter.java:113) ~[spring-web-7.0.8.jar:7.0.8]
	at org.springframework.web.filter.ServletRequestPathFilter.doFilter(ServletRequestPathFilter.java:52) ~[spring-web-7.0.8.jar:7.0.8]
	at org.springframework.web.filter.CompositeFilter$VirtualFilterChain.doFilter(CompositeFilter.java:113) ~[spring-web-7.0.8.jar:7.0.8]
	at org.springframework.web.filter.CompositeFilter.doFilter(CompositeFilter.java:74) ~[spring-web-7.0.8.jar:7.0.8]
	at org.springframework.security.config.annotation.web.configuration.WebSecurityConfiguration$CompositeFilterChainProxy.doFilter(WebSecurityConfiguration.java:317) ~[spring-security-config-7.0.6.jar:7.0.6]
	at org.springframework.web.filter.DelegatingFilterProxy.invokeDelegate(DelegatingFilterProxy.java:355) ~[spring-web-7.0.8.jar:7.0.8]
	at org.springframework.web.filter.DelegatingFilterProxy.doFilter(DelegatingFilterProxy.java:272) ~[spring-web-7.0.8.jar:7.0.8]
	at org.apache.catalina.core.ApplicationFilterChain.doFilter(ApplicationFilterChain.java:107) ~[tomcat-embed-core-11.0.22.jar:11.0.22]
	at org.springframework.web.filter.RequestContextFilter.doFilterInternal(RequestContextFilter.java:100) ~[spring-web-7.0.8.jar:7.0.8]
	at org.springframework.web.filter.OncePerRequestFilter.doFilter(OncePerRequestFilter.java:116) ~[spring-web-7.0.8.jar:7.0.8]
	at org.apache.catalina.core.ApplicationFilterChain.doFilter(ApplicationFilterChain.java:107) ~[tomcat-embed-core-11.0.22.jar:11.0.22]
	at org.springframework.web.filter.FormContentFilter.doFilterInternal(FormContentFilter.java:93) ~[spring-web-7.0.8.jar:7.0.8]
	at org.springframework.web.filter.OncePerRequestFilter.doFilter(OncePerRequestFilter.java:116) ~[spring-web-7.0.8.jar:7.0.8]
	at org.apache.catalina.core.ApplicationFilterChain.doFilter(ApplicationFilterChain.java:107) ~[tomcat-embed-core-11.0.22.jar:11.0.22]
	at org.springframework.web.filter.CharacterEncodingFilter.doFilterInternal(CharacterEncodingFilter.java:199) ~[spring-web-7.0.8.jar:7.0.8]
	at org.springframework.web.filter.OncePerRequestFilter.doFilter(OncePerRequestFilter.java:116) ~[spring-web-7.0.8.jar:7.0.8]
	at org.apache.catalina.core.ApplicationFilterChain.doFilter(ApplicationFilterChain.java:107) ~[tomcat-embed-core-11.0.22.jar:11.0.22]
	at org.apache.catalina.core.StandardWrapperValve.invoke(StandardWrapperValve.java:165) ~[tomcat-embed-core-11.0.22.jar:11.0.22]
	at org.apache.catalina.core.StandardContextValve.invoke(StandardContextValve.java:77) ~[tomcat-embed-core-11.0.22.jar:11.0.22]
	at org.apache.catalina.authenticator.AuthenticatorBase.invoke(AuthenticatorBase.java:492) ~[tomcat-embed-core-11.0.22.jar:11.0.22]
	at org.apache.catalina.core.StandardHostValve.invoke(StandardHostValve.java:113) ~[tomcat-embed-core-11.0.22.jar:11.0.22]
	at org.apache.catalina.valves.ErrorReportValve.invoke(ErrorReportValve.java:83) ~[tomcat-embed-core-11.0.22.jar:11.0.22]
	at org.apache.catalina.core.StandardEngineValve.invoke(StandardEngineValve.java:72) ~[tomcat-embed-core-11.0.22.jar:11.0.22]
	at org.apache.catalina.connector.CoyoteAdapter.service(CoyoteAdapter.java:341) ~[tomcat-embed-core-11.0.22.jar:11.0.22]
	at org.apache.coyote.http11.Http11Processor.service(Http11Processor.java:397) ~[tomcat-embed-core-11.0.22.jar:11.0.22]
	at org.apache.coyote.AbstractProcessorLight.process(AbstractProcessorLight.java:63) ~[tomcat-embed-core-11.0.22.jar:11.0.22]
	at org.apache.coyote.AbstractProtocol$ConnectionHandler.process(AbstractProtocol.java:1272) ~[tomcat-embed-core-11.0.22.jar:11.0.22]
	at org.apache.tomcat.util.net.NioEndpoint$SocketProcessor.doRun(NioEndpoint.java:1801) ~[tomcat-embed-core-11.0.22.jar:11.0.22]
	at org.apache.tomcat.util.net.SocketProcessorBase.run(SocketProcessorBase.java:52) ~[tomcat-embed-core-11.0.22.jar:11.0.22]
	at org.apache.tomcat.util.threads.ThreadPoolExecutor.runWorker(ThreadPoolExecutor.java:946) ~[tomcat-embed-core-11.0.22.jar:11.0.22]
	at org.apache.tomcat.util.threads.ThreadPoolExecutor$Worker.run(ThreadPoolExecutor.java:480) ~[tomcat-embed-core-11.0.22.jar:11.0.22]
	at org.apache.tomcat.util.threads.TaskThread$WrappingRunnable.run(TaskThread.java:57) ~[tomcat-embed-core-11.0.22.jar:11.0.22]
	at java.base/java.lang.Thread.run(Thread.java:1575) ~[na:na]
Caused by: org.attoparser.ParseException: Fragment '~{fragments/head :: head(${pageTitle})}' specifies synthetic (unnamed) parameters, but the resolved fragment does not match a fragment signature (th:fragment,data-th-fragment) which could apply names to the specified parameters. (template: "layout" - line 6, col 15)
	at org.attoparser.MarkupParser.parseDocument(MarkupParser.java:393) ~[attoparser-2.0.7.RELEASE.jar:2.0.7.RELEASE]
	at org.attoparser.MarkupParser.parse(MarkupParser.java:257) ~[attoparser-2.0.7.RELEASE.jar:2.0.7.RELEASE]
	at org.thymeleaf.templateparser.markup.AbstractMarkupTemplateParser.parse(AbstractMarkupTemplateParser.java:230) ~[thymeleaf-3.1.5.RELEASE.jar:3.1.5.RELEASE]
	... 91 common frames omitted
Caused by: org.thymeleaf.exceptions.TemplateProcessingException: Fragment '~{fragments/head :: head(${pageTitle})}' specifies synthetic (unnamed) parameters, but the resolved fragment does not match a fragment signature (th:fragment,data-th-fragment) which could apply names to the specified parameters. (template: "layout" - line 6, col 15)
	at org.thymeleaf.standard.processor.AbstractStandardFragmentInsertionTagProcessor.doProcess(AbstractStandardFragmentInsertionTagProcessor.java:208) ~[thymeleaf-3.1.5.RELEASE.jar:3.1.5.RELEASE]
	at org.thymeleaf.processor.element.AbstractAttributeTagProcessor.doProcess(AbstractAttributeTagProcessor.java:74) ~[thymeleaf-3.1.5.RELEASE.jar:3.1.5.RELEASE]
	at org.thymeleaf.processor.element.AbstractElementTagProcessor.process(AbstractElementTagProcessor.java:95) ~[thymeleaf-3.1.5.RELEASE.jar:3.1.5.RELEASE]
	at org.thymeleaf.util.ProcessorConfigurationUtils$ElementTagProcessorWrapper.process(ProcessorConfigurationUtils.java:633) ~[thymeleaf-3.1.5.RELEASE.jar:3.1.5.RELEASE]
	at org.thymeleaf.engine.ProcessorTemplateHandler.handleStandaloneElement(ProcessorTemplateHandler.java:918) ~[thymeleaf-3.1.5.RELEASE.jar:3.1.5.RELEASE]
	at org.thymeleaf.engine.StandaloneElementTag.beHandled(StandaloneElementTag.java:228) ~[thymeleaf-3.1.5.RELEASE.jar:3.1.5.RELEASE]
	at org.thymeleaf.engine.Model.process(Model.java:282) ~[thymeleaf-3.1.5.RELEASE.jar:3.1.5.RELEASE]
	at org.thymeleaf.engine.ProcessorTemplateHandler.handleOpenElement(ProcessorTemplateHandler.java:1587) ~[thymeleaf-3.1.5.RELEASE.jar:3.1.5.RELEASE]
	at org.thymeleaf.engine.OpenElementTag.beHandled(OpenElementTag.java:205) ~[thymeleaf-3.1.5.RELEASE.jar:3.1.5.RELEASE]
	at org.thymeleaf.engine.Model.process(Model.java:282) ~[thymeleaf-3.1.5.RELEASE.jar:3.1.5.RELEASE]
	at org.thymeleaf.engine.Model.process(Model.java:290) ~[thymeleaf-3.1.5.RELEASE.jar:3.1.5.RELEASE]
	at org.thymeleaf.engine.GatheringModelProcessable.process(GatheringModelProcessable.java:78) ~[thymeleaf-3.1.5.RELEASE.jar:3.1.5.RELEASE]
	at org.thymeleaf.engine.ProcessorTemplateHandler.handleCloseElement(ProcessorTemplateHandler.java:1640) ~[thymeleaf-3.1.5.RELEASE.jar:3.1.5.RELEASE]
	at org.thymeleaf.engine.TemplateHandlerAdapterMarkupHandler.handleCloseElementEnd(TemplateHandlerAdapterMarkupHandler.java:388) ~[thymeleaf-3.1.5.RELEASE.jar:3.1.5.RELEASE]
	at org.thymeleaf.templateparser.markup.InlinedOutputExpressionMarkupHandler$InlineMarkupAdapterPreProcessorHandler.handleCloseElementEnd(InlinedOutputExpressionMarkupHandler.java:322) ~[thymeleaf-3.1.5.RELEASE.jar:3.1.5.RELEASE]
	at org.thymeleaf.standard.inline.OutputExpressionInlinePreProcessorHandler.handleCloseElementEnd(OutputExpressionInlinePreProcessorHandler.java:220) ~[thymeleaf-3.1.5.RELEASE.jar:3.1.5.RELEASE]
	at org.thymeleaf.templateparser.markup.InlinedOutputExpressionMarkupHandler.handleCloseElementEnd(InlinedOutputExpressionMarkupHandler.java:164) ~[thymeleaf-3.1.5.RELEASE.jar:3.1.5.RELEASE]
	at org.attoparser.HtmlElement.handleCloseElementEnd(HtmlElement.java:169) ~[attoparser-2.0.7.RELEASE.jar:2.0.7.RELEASE]
	at org.attoparser.HtmlMarkupHandler.handleCloseElementEnd(HtmlMarkupHandler.java:412) ~[attoparser-2.0.7.RELEASE.jar:2.0.7.RELEASE]
	at org.attoparser.MarkupEventProcessorHandler.handleCloseElementEnd(MarkupEventProcessorHandler.java:473) ~[attoparser-2.0.7.RELEASE.jar:2.0.7.RELEASE]
	at org.attoparser.ParsingElementMarkupUtil.parseCloseElement(ParsingElementMarkupUtil.java:201) ~[attoparser-2.0.7.RELEASE.jar:2.0.7.RELEASE]
	at org.attoparser.MarkupParser.parseBuffer(MarkupParser.java:725) ~[attoparser-2.0.7.RELEASE.jar:2.0.7.RELEASE]
	at org.attoparser.MarkupParser.parseDocument(MarkupParser.java:301) ~[attoparser-2.0.7.RELEASE.jar:2.0.7.RELEASE]
	... 93 common frames omitted

2026-06-14T22:23:47.266-05:00 ERROR 29908 --- [Tutomatch] [nio-8080-exec-3] o.a.c.c.C.[.[.[/].[dispatcherServlet]    : Servlet.service() for servlet [dispatcherServlet] in context with path [] threw exception [Request processing failed: org.thymeleaf.exceptions.TemplateInputException: An error happened during template parsing (template: "class path resource [templates/home.html]")] with root cause

org.thymeleaf.exceptions.TemplateProcessingException: Fragment '~{fragments/head :: head(${pageTitle})}' specifies synthetic (unnamed) parameters, but the resolved fragment does not match a fragment signature (th:fragment,data-th-fragment) which could apply names to the specified parameters. (template: "layout" - line 6, col 15)
	at org.thymeleaf.standard.processor.AbstractStandardFragmentInsertionTagProcessor.doProcess(AbstractStandardFragmentInsertionTagProcessor.java:208) ~[thymeleaf-3.1.5.RELEASE.jar:3.1.5.RELEASE]
	at org.thymeleaf.processor.element.AbstractAttributeTagProcessor.doProcess(AbstractAttributeTagProcessor.java:74) ~[thymeleaf-3.1.5.RELEASE.jar:3.1.5.RELEASE]
	at org.thymeleaf.processor.element.AbstractElementTagProcessor.process(AbstractElementTagProcessor.java:95) ~[thymeleaf-3.1.5.RELEASE.jar:3.1.5.RELEASE]
	at org.thymeleaf.util.ProcessorConfigurationUtils$ElementTagProcessorWrapper.process(ProcessorConfigurationUtils.java:633) ~[thymeleaf-3.1.5.RELEASE.jar:3.1.5.RELEASE]
	at org.thymeleaf.engine.ProcessorTemplateHandler.handleStandaloneElement(ProcessorTemplateHandler.java:918) ~[thymeleaf-3.1.5.RELEASE.jar:3.1.5.RELEASE]
	at org.thymeleaf.engine.StandaloneElementTag.beHandled(StandaloneElementTag.java:228) ~[thymeleaf-3.1.5.RELEASE.jar:3.1.5.RELEASE]
	at org.thymeleaf.engine.Model.process(Model.java:282) ~[thymeleaf-3.1.5.RELEASE.jar:3.1.5.RELEASE]
	at org.thymeleaf.engine.ProcessorTemplateHandler.handleOpenElement(ProcessorTemplateHandler.java:1587) ~[thymeleaf-3.1.5.RELEASE.jar:3.1.5.RELEASE]
	at org.thymeleaf.engine.OpenElementTag.beHandled(OpenElementTag.java:205) ~[thymeleaf-3.1.5.RELEASE.jar:3.1.5.RELEASE]
	at org.thymeleaf.engine.Model.process(Model.java:282) ~[thymeleaf-3.1.5.RELEASE.jar:3.1.5.RELEASE]
	at org.thymeleaf.engine.Model.process(Model.java:290) ~[thymeleaf-3.1.5.RELEASE.jar:3.1.5.RELEASE]
	at org.thymeleaf.engine.GatheringModelProcessable.process(GatheringModelProcessable.java:78) ~[thymeleaf-3.1.5.RELEASE.jar:3.1.5.RELEASE]
	at org.thymeleaf.engine.ProcessorTemplateHandler.handleCloseElement(ProcessorTemplateHandler.java:1640) ~[thymeleaf-3.1.5.RELEASE.jar:3.1.5.RELEASE]
	at org.thymeleaf.engine.TemplateHandlerAdapterMarkupHandler.handleCloseElementEnd(TemplateHandlerAdapterMarkupHandler.java:388) ~[thymeleaf-3.1.5.RELEASE.jar:3.1.5.RELEASE]
	at org.thymeleaf.templateparser.markup.InlinedOutputExpressionMarkupHandler$InlineMarkupAdapterPreProcessorHandler.handleCloseElementEnd(InlinedOutputExpressionMarkupHandler.java:322) ~[thymeleaf-3.1.5.RELEASE.jar:3.1.5.RELEASE]
	at org.thymeleaf.standard.inline.OutputExpressionInlinePreProcessorHandler.handleCloseElementEnd(OutputExpressionInlinePreProcessorHandler.java:220) ~[thymeleaf-3.1.5.RELEASE.jar:3.1.5.RELEASE]
	at org.thymeleaf.templateparser.markup.InlinedOutputExpressionMarkupHandler.handleCloseElementEnd(InlinedOutputExpressionMarkupHandler.java:164) ~[thymeleaf-3.1.5.RELEASE.jar:3.1.5.RELEASE]
	at org.attoparser.HtmlElement.handleCloseElementEnd(HtmlElement.java:169) ~[attoparser-2.0.7.RELEASE.jar:2.0.7.RELEASE]
	at org.attoparser.HtmlMarkupHandler.handleCloseElementEnd(HtmlMarkupHandler.java:412) ~[attoparser-2.0.7.RELEASE.jar:2.0.7.RELEASE]
	at org.attoparser.MarkupEventProcessorHandler.handleCloseElementEnd(MarkupEventProcessorHandler.java:473) ~[attoparser-2.0.7.RELEASE.jar:2.0.7.RELEASE]
	at org.attoparser.ParsingElementMarkupUtil.parseCloseElement(ParsingElementMarkupUtil.java:201) ~[attoparser-2.0.7.RELEASE.jar:2.0.7.RELEASE]
	at org.attoparser.MarkupParser.parseBuffer(MarkupParser.java:725) ~[attoparser-2.0.7.RELEASE.jar:2.0.7.RELEASE]
	at org.attoparser.MarkupParser.parseDocument(MarkupParser.java:301) ~[attoparser-2.0.7.RELEASE.jar:2.0.7.RELEASE]
	at org.attoparser.MarkupParser.parse(MarkupParser.java:257) ~[attoparser-2.0.7.RELEASE.jar:2.0.7.RELEASE]
	at org.thymeleaf.templateparser.markup.AbstractMarkupTemplateParser.parse(AbstractMarkupTemplateParser.java:230) ~[thymeleaf-3.1.5.RELEASE.jar:3.1.5.RELEASE]
	at org.thymeleaf.templateparser.markup.AbstractMarkupTemplateParser.parseStandalone(AbstractMarkupTemplateParser.java:100) ~[thymeleaf-3.1.5.RELEASE.jar:3.1.5.RELEASE]
	at org.thymeleaf.engine.TemplateManager.parseAndProcess(TemplateManager.java:666) ~[thymeleaf-3.1.5.RELEASE.jar:3.1.5.RELEASE]
	at org.thymeleaf.TemplateEngine.process(TemplateEngine.java:1103) ~[thymeleaf-3.1.5.RELEASE.jar:3.1.5.RELEASE]
	at org.thymeleaf.TemplateEngine.process(TemplateEngine.java:1077) ~[thymeleaf-3.1.5.RELEASE.jar:3.1.5.RELEASE]
	at org.thymeleaf.spring6.view.ThymeleafView.renderFragment(ThymeleafView.java:374) ~[thymeleaf-spring6-3.1.5.RELEASE.jar:3.1.5.RELEASE]
	at org.thymeleaf.spring6.view.ThymeleafView.render(ThymeleafView.java:193) ~[thymeleaf-spring6-3.1.5.RELEASE.jar:3.1.5.RELEASE]
	at org.springframework.web.servlet.DispatcherServlet.render(DispatcherServlet.java:1305) ~[spring-webmvc-7.0.8.jar:7.0.8]
	at org.springframework.web.servlet.DispatcherServlet.processDispatchResult(DispatcherServlet.java:1042) ~[spring-webmvc-7.0.8.jar:7.0.8]
	at org.springframework.web.servlet.DispatcherServlet.doDispatch(DispatcherServlet.java:980) ~[spring-webmvc-7.0.8.jar:7.0.8]
	at org.springframework.web.servlet.DispatcherServlet.doService(DispatcherServlet.java:866) ~[spring-webmvc-7.0.8.jar:7.0.8]
	at org.springframework.web.servlet.FrameworkServlet.processRequest(FrameworkServlet.java:1000) ~[spring-webmvc-7.0.8.jar:7.0.8]
	at org.springframework.web.servlet.FrameworkServlet.doGet(FrameworkServlet.java:892) ~[spring-webmvc-7.0.8.jar:7.0.8]
	at jakarta.servlet.http.HttpServlet.service(HttpServlet.java:622) ~[tomcat-embed-core-11.0.22.jar:6.1]
	at org.springframework.web.servlet.FrameworkServlet.service(FrameworkServlet.java:874) ~[spring-webmvc-7.0.8.jar:7.0.8]
	at jakarta.servlet.http.HttpServlet.service(HttpServlet.java:710) ~[tomcat-embed-core-11.0.22.jar:6.1]
	at org.apache.catalina.core.ApplicationFilterChain.doFilter(ApplicationFilterChain.java:128) ~[tomcat-embed-core-11.0.22.jar:11.0.22]
	at org.apache.tomcat.websocket.server.WsFilter.doFilter(WsFilter.java:53) ~[tomcat-embed-websocket-11.0.22.jar:11.0.22]
	at org.apache.catalina.core.ApplicationFilterChain.doFilter(ApplicationFilterChain.java:107) ~[tomcat-embed-core-11.0.22.jar:11.0.22]
	at org.springframework.web.filter.OncePerRequestFilter.doFilter(OncePerRequestFilter.java:110) ~[spring-web-7.0.8.jar:7.0.8]
	at org.apache.catalina.core.ApplicationFilterChain.doFilter(ApplicationFilterChain.java:107) ~[tomcat-embed-core-11.0.22.jar:11.0.22]
	at org.springframework.web.filter.CompositeFilter$VirtualFilterChain.doFilter(CompositeFilter.java:108) ~[spring-web-7.0.8.jar:7.0.8]
	at org.springframework.security.web.FilterChainProxy.lambda$doFilterInternal$3(FilterChainProxy.java:235) ~[spring-security-web-7.0.6.jar:7.0.6]
	at org.springframework.security.web.FilterChainProxy$VirtualFilterChain.doFilter(FilterChainProxy.java:376) ~[spring-security-web-7.0.6.jar:7.0.6]
	at org.springframework.security.web.access.intercept.AuthorizationFilter.doFilter(AuthorizationFilter.java:101) ~[spring-security-web-7.0.6.jar:7.0.6]
	at org.springframework.security.web.FilterChainProxy$VirtualFilterChain.doFilter(FilterChainProxy.java:385) ~[spring-security-web-7.0.6.jar:7.0.6]
	at org.springframework.security.web.access.ExceptionTranslationFilter.doFilter(ExceptionTranslationFilter.java:126) ~[spring-security-web-7.0.6.jar:7.0.6]
	at org.springframework.security.web.access.ExceptionTranslationFilter.doFilter(ExceptionTranslationFilter.java:120) ~[spring-security-web-7.0.6.jar:7.0.6]
	at org.springframework.security.web.FilterChainProxy$VirtualFilterChain.doFilter(FilterChainProxy.java:385) ~[spring-security-web-7.0.6.jar:7.0.6]
	at org.springframework.security.web.session.SessionManagementFilter.doFilter(SessionManagementFilter.java:132) ~[spring-security-web-7.0.6.jar:7.0.6]
	at org.springframework.security.web.session.SessionManagementFilter.doFilter(SessionManagementFilter.java:86) ~[spring-security-web-7.0.6.jar:7.0.6]
	at org.springframework.security.web.FilterChainProxy$VirtualFilterChain.doFilter(FilterChainProxy.java:385) ~[spring-security-web-7.0.6.jar:7.0.6]
	at org.springframework.security.web.authentication.AnonymousAuthenticationFilter.doFilter(AnonymousAuthenticationFilter.java:100) ~[spring-security-web-7.0.6.jar:7.0.6]
	at org.springframework.security.web.FilterChainProxy$VirtualFilterChain.doFilter(FilterChainProxy.java:385) ~[spring-security-web-7.0.6.jar:7.0.6]
	at org.springframework.security.web.servletapi.SecurityContextHolderAwareRequestFilter.doFilter(SecurityContextHolderAwareRequestFilter.java:181) ~[spring-security-web-7.0.6.jar:7.0.6]
	at org.springframework.security.web.FilterChainProxy$VirtualFilterChain.doFilter(FilterChainProxy.java:385) ~[spring-security-web-7.0.6.jar:7.0.6]
	at org.springframework.security.web.savedrequest.RequestCacheAwareFilter.doFilter(RequestCacheAwareFilter.java:63) ~[spring-security-web-7.0.6.jar:7.0.6]
	at org.springframework.security.web.FilterChainProxy$VirtualFilterChain.doFilter(FilterChainProxy.java:385) ~[spring-security-web-7.0.6.jar:7.0.6]
	at com.uce.Tutomatch.security.JwtAuthenticationFilter.doFilterInternal(JwtAuthenticationFilter.java:61) ~[classes/:na]
	at org.springframework.web.filter.OncePerRequestFilter.doFilter(OncePerRequestFilter.java:116) ~[spring-web-7.0.8.jar:7.0.8]
	at org.springframework.security.web.FilterChainProxy$VirtualFilterChain.doFilter(FilterChainProxy.java:385) ~[spring-security-web-7.0.6.jar:7.0.6]
	at org.springframework.security.web.authentication.logout.LogoutFilter.doFilter(LogoutFilter.java:110) ~[spring-security-web-7.0.6.jar:7.0.6]
	at org.springframework.security.web.authentication.logout.LogoutFilter.doFilter(LogoutFilter.java:96) ~[spring-security-web-7.0.6.jar:7.0.6]
	at org.springframework.security.web.FilterChainProxy$VirtualFilterChain.doFilter(FilterChainProxy.java:385) ~[spring-security-web-7.0.6.jar:7.0.6]
	at org.springframework.security.web.header.HeaderWriterFilter.doHeadersAfter(HeaderWriterFilter.java:90) ~[spring-security-web-7.0.6.jar:7.0.6]
	at org.springframework.security.web.header.HeaderWriterFilter.doFilterInternal(HeaderWriterFilter.java:75) ~[spring-security-web-7.0.6.jar:7.0.6]
	at org.springframework.web.filter.OncePerRequestFilter.doFilter(OncePerRequestFilter.java:116) ~[spring-web-7.0.8.jar:7.0.8]
	at org.springframework.security.web.FilterChainProxy$VirtualFilterChain.doFilter(FilterChainProxy.java:385) ~[spring-security-web-7.0.6.jar:7.0.6]
	at org.springframework.security.web.context.SecurityContextHolderFilter.doFilter(SecurityContextHolderFilter.java:82) ~[spring-security-web-7.0.6.jar:7.0.6]
	at org.springframework.security.web.context.SecurityContextHolderFilter.doFilter(SecurityContextHolderFilter.java:69) ~[spring-security-web-7.0.6.jar:7.0.6]
	at org.springframework.security.web.FilterChainProxy$VirtualFilterChain.doFilter(FilterChainProxy.java:385) ~[spring-security-web-7.0.6.jar:7.0.6]
	at org.springframework.security.web.context.request.async.WebAsyncManagerIntegrationFilter.doFilterInternal(WebAsyncManagerIntegrationFilter.java:62) ~[spring-security-web-7.0.6.jar:7.0.6]
	at org.springframework.web.filter.OncePerRequestFilter.doFilter(OncePerRequestFilter.java:116) ~[spring-web-7.0.8.jar:7.0.8]
	at org.springframework.security.web.FilterChainProxy$VirtualFilterChain.doFilter(FilterChainProxy.java:385) ~[spring-security-web-7.0.6.jar:7.0.6]
	at org.springframework.security.web.session.DisableEncodeUrlFilter.doFilterInternal(DisableEncodeUrlFilter.java:42) ~[spring-security-web-7.0.6.jar:7.0.6]
	at org.springframework.web.filter.OncePerRequestFilter.doFilter(OncePerRequestFilter.java:116) ~[spring-web-7.0.8.jar:7.0.8]
	at org.springframework.security.web.FilterChainProxy$VirtualFilterChain.doFilter(FilterChainProxy.java:385) ~[spring-security-web-7.0.6.jar:7.0.6]
	at org.springframework.security.web.FilterChainProxy.doFilterInternal(FilterChainProxy.java:237) ~[spring-security-web-7.0.6.jar:7.0.6]
	at org.springframework.security.web.FilterChainProxy.doFilter(FilterChainProxy.java:195) ~[spring-security-web-7.0.6.jar:7.0.6]
	at org.springframework.web.filter.CompositeFilter$VirtualFilterChain.doFilter(CompositeFilter.java:113) ~[spring-web-7.0.8.jar:7.0.8]
	at org.springframework.web.filter.ServletRequestPathFilter.doFilter(ServletRequestPathFilter.java:52) ~[spring-web-7.0.8.jar:7.0.8]
	at org.springframework.web.filter.CompositeFilter$VirtualFilterChain.doFilter(CompositeFilter.java:113) ~[spring-web-7.0.8.jar:7.0.8]
	at org.springframework.web.filter.CompositeFilter.doFilter(CompositeFilter.java:74) ~[spring-web-7.0.8.jar:7.0.8]
	at org.springframework.security.config.annotation.web.configuration.WebSecurityConfiguration$CompositeFilterChainProxy.doFilter(WebSecurityConfiguration.java:317) ~[spring-security-config-7.0.6.jar:7.0.6]
	at org.springframework.web.filter.DelegatingFilterProxy.invokeDelegate(DelegatingFilterProxy.java:355) ~[spring-web-7.0.8.jar:7.0.8]
	at org.springframework.web.filter.DelegatingFilterProxy.doFilter(DelegatingFilterProxy.java:272) ~[spring-web-7.0.8.jar:7.0.8]
	at org.apache.catalina.core.ApplicationFilterChain.doFilter(ApplicationFilterChain.java:107) ~[tomcat-embed-core-11.0.22.jar:11.0.22]
	at org.springframework.web.filter.RequestContextFilter.doFilterInternal(RequestContextFilter.java:100) ~[spring-web-7.0.8.jar:7.0.8]
	at org.springframework.web.filter.OncePerRequestFilter.doFilter(OncePerRequestFilter.java:116) ~[spring-web-7.0.8.jar:7.0.8]
	at org.apache.catalina.core.ApplicationFilterChain.doFilter(ApplicationFilterChain.java:107) ~[tomcat-embed-core-11.0.22.jar:11.0.22]
	at org.springframework.web.filter.FormContentFilter.doFilterInternal(FormContentFilter.java:93) ~[spring-web-7.0.8.jar:7.0.8]
	at org.springframework.web.filter.OncePerRequestFilter.doFilter(OncePerRequestFilter.java:116) ~[spring-web-7.0.8.jar:7.0.8]
	at org.apache.catalina.core.ApplicationFilterChain.doFilter(ApplicationFilterChain.java:107) ~[tomcat-embed-core-11.0.22.jar:11.0.22]
	at org.springframework.web.filter.CharacterEncodingFilter.doFilterInternal(CharacterEncodingFilter.java:199) ~[spring-web-7.0.8.jar:7.0.8]
	at org.springframework.web.filter.OncePerRequestFilter.doFilter(OncePerRequestFilter.java:116) ~[spring-web-7.0.8.jar:7.0.8]
	at org.apache.catalina.core.ApplicationFilterChain.doFilter(ApplicationFilterChain.java:107) ~[tomcat-embed-core-11.0.22.jar:11.0.22]
	at org.apache.catalina.core.StandardWrapperValve.invoke(StandardWrapperValve.java:165) ~[tomcat-embed-core-11.0.22.jar:11.0.22]
	at org.apache.catalina.core.StandardContextValve.invoke(StandardContextValve.java:77) ~[tomcat-embed-core-11.0.22.jar:11.0.22]
	at org.apache.catalina.authenticator.AuthenticatorBase.invoke(AuthenticatorBase.java:492) ~[tomcat-embed-core-11.0.22.jar:11.0.22]
	at org.apache.catalina.core.StandardHostValve.invoke(StandardHostValve.java:113) ~[tomcat-embed-core-11.0.22.jar:11.0.22]
	at org.apache.catalina.valves.ErrorReportValve.invoke(ErrorReportValve.java:83) ~[tomcat-embed-core-11.0.22.jar:11.0.22]
	at org.apache.catalina.core.StandardEngineValve.invoke(StandardEngineValve.java:72) ~[tomcat-embed-core-11.0.22.jar:11.0.22]
	at org.apache.catalina.connector.CoyoteAdapter.service(CoyoteAdapter.java:341) ~[tomcat-embed-core-11.0.22.jar:11.0.22]
	at org.apache.coyote.http11.Http11Processor.service(Http11Processor.java:397) ~[tomcat-embed-core-11.0.22.jar:11.0.22]
	at org.apache.coyote.AbstractProcessorLight.process(AbstractProcessorLight.java:63) ~[tomcat-embed-core-11.0.22.jar:11.0.22]
	at org.apache.coyote.AbstractProtocol$ConnectionHandler.process(AbstractProtocol.java:1272) ~[tomcat-embed-core-11.0.22.jar:11.0.22]
	at org.apache.tomcat.util.net.NioEndpoint$SocketProcessor.doRun(NioEndpoint.java:1801) ~[tomcat-embed-core-11.0.22.jar:11.0.22]
	at org.apache.tomcat.util.net.SocketProcessorBase.run(SocketProcessorBase.java:52) ~[tomcat-embed-core-11.0.22.jar:11.0.22]
	at org.apache.tomcat.util.threads.ThreadPoolExecutor.runWorker(ThreadPoolExecutor.java:946) ~[tomcat-embed-core-11.0.22.jar:11.0.22]
	at org.apache.tomcat.util.threads.ThreadPoolExecutor$Worker.run(ThreadPoolExecutor.java:480) ~[tomcat-embed-core-11.0.22.jar:11.0.22]
	at org.apache.tomcat.util.threads.TaskThread$WrappingRunnable.run(TaskThread.java:57) ~[tomcat-embed-core-11.0.22.jar:11.0.22]
	at java.base/java.lang.Thread.run(Thread.java:1575) ~[na:na]

Hibernate: select u1_0.id,u1_0.correo_institucional,u1_0.fecha_creacion,u1_0.nombre_completo,u1_0.password_hash,u1_0.rol_admin,u1_0.rol_solicitante,u1_0.rol_tutor from usuarios u1_0 where u1_0.correo_institucional=?
Hibernate: select pt1_0.id,pt1_0.calificacion_promedio,pt1_0.descripcion,pt1_0.deuda_pendiente,pt1_0.semestre,pt1_0.usuario_id,pt1_0.verificado,pt1_0.visible from perfiles_tutor pt1_0 where pt1_0.usuario_id=?
Hibernate: select u1_0.id,u1_0.correo_institucional,u1_0.fecha_creacion,u1_0.nombre_completo,u1_0.password_hash,u1_0.rol_admin,u1_0.rol_solicitante,u1_0.rol_tutor from usuarios u1_0 where u1_0.correo_institucional=?
Hibernate: select pt1_0.id,pt1_0.calificacion_promedio,pt1_0.descripcion,pt1_0.deuda_pendiente,pt1_0.semestre,pt1_0.usuario_id,pt1_0.verificado,pt1_0.visible from perfiles_tutor pt1_0 where pt1_0.usuario_id=?
Hibernate: select u1_0.id,u1_0.correo_institucional,u1_0.fecha_creacion,u1_0.nombre_completo,u1_0.password_hash,u1_0.rol_admin,u1_0.rol_solicitante,u1_0.rol_tutor from usuarios u1_0 where u1_0.correo_institucional=?
Hibernate: select pt1_0.id,pt1_0.calificacion_promedio,pt1_0.descripcion,pt1_0.deuda_pendiente,pt1_0.semestre,pt1_0.usuario_id,pt1_0.verificado,pt1_0.visible from perfiles_tutor pt1_0 where pt1_0.usuario_id=?
Hibernate: select u1_0.id,u1_0.correo_institucional,u1_0.fecha_creacion,u1_0.nombre_completo,u1_0.password_hash,u1_0.rol_admin,u1_0.rol_solicitante,u1_0.rol_tutor from usuarios u1_0 where u1_0.correo_institucional=?
Hibernate: select pt1_0.id,pt1_0.calificacion_promedio,pt1_0.descripcion,pt1_0.deuda_pendiente,pt1_0.semestre,pt1_0.usuario_id,pt1_0.verificado,pt1_0.visible from perfiles_tutor pt1_0 where pt1_0.usuario_id=?
Hibernate: select u1_0.id,u1_0.correo_institucional,u1_0.fecha_creacion,u1_0.nombre_completo,u1_0.password_hash,u1_0.rol_admin,u1_0.rol_solicitante,u1_0.rol_tutor from usuarios u1_0 where u1_0.correo_institucional=?
Hibernate: select pt1_0.id,pt1_0.calificacion_promedio,pt1_0.descripcion,pt1_0.deuda_pendiente,pt1_0.semestre,pt1_0.usuario_id,pt1_0.verificado,pt1_0.visible from perfiles_tutor pt1_0 where pt1_0.usuario_id=?
Hibernate: select m1_0.id,m1_0.categoria,m1_0.nombre,m1_0.semestre_referencial,m1_0.tarifa_hora from materias m1_0 order by m1_0.categoria,m1_0.nombre
Hibernate: select pt1_0.id,pt1_0.calificacion_promedio,pt1_0.descripcion,pt1_0.deuda_pendiente,pt1_0.semestre,pt1_0.usuario_id,pt1_0.verificado,pt1_0.visible from perfiles_tutor pt1_0 where pt1_0.verificado=true and pt1_0.visible=true order by pt1_0.calificacion_promedio desc fetch first ? rows only
2026-06-14T22:23:48.298-05:00 ERROR 29908 --- [Tutomatch] [nio-8080-exec-8] org.thymeleaf.TemplateEngine             : [THYMELEAF][http-nio-8080-exec-8] Exception processing template "home": An error happened during template parsing (template: "class path resource [templates/home.html]")

org.thymeleaf.exceptions.TemplateInputException: An error happened during template parsing (template: "class path resource [templates/home.html]")
	at org.thymeleaf.templateparser.markup.AbstractMarkupTemplateParser.parse(AbstractMarkupTemplateParser.java:241) ~[thymeleaf-3.1.5.RELEASE.jar:3.1.5.RELEASE]
	at org.thymeleaf.templateparser.markup.AbstractMarkupTemplateParser.parseStandalone(AbstractMarkupTemplateParser.java:100) ~[thymeleaf-3.1.5.RELEASE.jar:3.1.5.RELEASE]
	at org.thymeleaf.engine.TemplateManager.parseAndProcess(TemplateManager.java:666) ~[thymeleaf-3.1.5.RELEASE.jar:3.1.5.RELEASE]
	at org.thymeleaf.TemplateEngine.process(TemplateEngine.java:1103) ~[thymeleaf-3.1.5.RELEASE.jar:3.1.5.RELEASE]
	at org.thymeleaf.TemplateEngine.process(TemplateEngine.java:1077) ~[thymeleaf-3.1.5.RELEASE.jar:3.1.5.RELEASE]
	at org.thymeleaf.spring6.view.ThymeleafView.renderFragment(ThymeleafView.java:374) ~[thymeleaf-spring6-3.1.5.RELEASE.jar:3.1.5.RELEASE]
	at org.thymeleaf.spring6.view.ThymeleafView.render(ThymeleafView.java:193) ~[thymeleaf-spring6-3.1.5.RELEASE.jar:3.1.5.RELEASE]
	at org.springframework.web.servlet.DispatcherServlet.render(DispatcherServlet.java:1305) ~[spring-webmvc-7.0.8.jar:7.0.8]
	at org.springframework.web.servlet.DispatcherServlet.processDispatchResult(DispatcherServlet.java:1042) ~[spring-webmvc-7.0.8.jar:7.0.8]
	at org.springframework.web.servlet.DispatcherServlet.doDispatch(DispatcherServlet.java:980) ~[spring-webmvc-7.0.8.jar:7.0.8]
	at org.springframework.web.servlet.DispatcherServlet.doService(DispatcherServlet.java:866) ~[spring-webmvc-7.0.8.jar:7.0.8]
	at org.springframework.web.servlet.FrameworkServlet.processRequest(FrameworkServlet.java:1000) ~[spring-webmvc-7.0.8.jar:7.0.8]
	at org.springframework.web.servlet.FrameworkServlet.doGet(FrameworkServlet.java:892) ~[spring-webmvc-7.0.8.jar:7.0.8]
	at jakarta.servlet.http.HttpServlet.service(HttpServlet.java:622) ~[tomcat-embed-core-11.0.22.jar:6.1]
	at org.springframework.web.servlet.FrameworkServlet.service(FrameworkServlet.java:874) ~[spring-webmvc-7.0.8.jar:7.0.8]
	at jakarta.servlet.http.HttpServlet.service(HttpServlet.java:710) ~[tomcat-embed-core-11.0.22.jar:6.1]
	at org.apache.catalina.core.ApplicationFilterChain.doFilter(ApplicationFilterChain.java:128) ~[tomcat-embed-core-11.0.22.jar:11.0.22]
	at org.apache.tomcat.websocket.server.WsFilter.doFilter(WsFilter.java:53) ~[tomcat-embed-websocket-11.0.22.jar:11.0.22]
	at org.apache.catalina.core.ApplicationFilterChain.doFilter(ApplicationFilterChain.java:107) ~[tomcat-embed-core-11.0.22.jar:11.0.22]
	at org.springframework.web.filter.OncePerRequestFilter.doFilter(OncePerRequestFilter.java:110) ~[spring-web-7.0.8.jar:7.0.8]
	at org.apache.catalina.core.ApplicationFilterChain.doFilter(ApplicationFilterChain.java:107) ~[tomcat-embed-core-11.0.22.jar:11.0.22]
	at org.springframework.web.filter.CompositeFilter$VirtualFilterChain.doFilter(CompositeFilter.java:108) ~[spring-web-7.0.8.jar:7.0.8]
	at org.springframework.security.web.FilterChainProxy.lambda$doFilterInternal$3(FilterChainProxy.java:235) ~[spring-security-web-7.0.6.jar:7.0.6]
	at org.springframework.security.web.FilterChainProxy$VirtualFilterChain.doFilter(FilterChainProxy.java:376) ~[spring-security-web-7.0.6.jar:7.0.6]
	at org.springframework.security.web.access.intercept.AuthorizationFilter.doFilter(AuthorizationFilter.java:101) ~[spring-security-web-7.0.6.jar:7.0.6]
	at org.springframework.security.web.FilterChainProxy$VirtualFilterChain.doFilter(FilterChainProxy.java:385) ~[spring-security-web-7.0.6.jar:7.0.6]
	at org.springframework.security.web.access.ExceptionTranslationFilter.doFilter(ExceptionTranslationFilter.java:126) ~[spring-security-web-7.0.6.jar:7.0.6]
	at org.springframework.security.web.access.ExceptionTranslationFilter.doFilter(ExceptionTranslationFilter.java:120) ~[spring-security-web-7.0.6.jar:7.0.6]
	at org.springframework.security.web.FilterChainProxy$VirtualFilterChain.doFilter(FilterChainProxy.java:385) ~[spring-security-web-7.0.6.jar:7.0.6]
	at org.springframework.security.web.session.SessionManagementFilter.doFilter(SessionManagementFilter.java:132) ~[spring-security-web-7.0.6.jar:7.0.6]
	at org.springframework.security.web.session.SessionManagementFilter.doFilter(SessionManagementFilter.java:86) ~[spring-security-web-7.0.6.jar:7.0.6]
	at org.springframework.security.web.FilterChainProxy$VirtualFilterChain.doFilter(FilterChainProxy.java:385) ~[spring-security-web-7.0.6.jar:7.0.6]
	at org.springframework.security.web.authentication.AnonymousAuthenticationFilter.doFilter(AnonymousAuthenticationFilter.java:100) ~[spring-security-web-7.0.6.jar:7.0.6]
	at org.springframework.security.web.FilterChainProxy$VirtualFilterChain.doFilter(FilterChainProxy.java:385) ~[spring-security-web-7.0.6.jar:7.0.6]
	at org.springframework.security.web.servletapi.SecurityContextHolderAwareRequestFilter.doFilter(SecurityContextHolderAwareRequestFilter.java:181) ~[spring-security-web-7.0.6.jar:7.0.6]
	at org.springframework.security.web.FilterChainProxy$VirtualFilterChain.doFilter(FilterChainProxy.java:385) ~[spring-security-web-7.0.6.jar:7.0.6]
	at org.springframework.security.web.savedrequest.RequestCacheAwareFilter.doFilter(RequestCacheAwareFilter.java:63) ~[spring-security-web-7.0.6.jar:7.0.6]
	at org.springframework.security.web.FilterChainProxy$VirtualFilterChain.doFilter(FilterChainProxy.java:385) ~[spring-security-web-7.0.6.jar:7.0.6]
	at com.uce.Tutomatch.security.JwtAuthenticationFilter.doFilterInternal(JwtAuthenticationFilter.java:61) ~[classes/:na]
	at org.springframework.web.filter.OncePerRequestFilter.doFilter(OncePerRequestFilter.java:116) ~[spring-web-7.0.8.jar:7.0.8]
	at org.springframework.security.web.FilterChainProxy$VirtualFilterChain.doFilter(FilterChainProxy.java:385) ~[spring-security-web-7.0.6.jar:7.0.6]
	at org.springframework.security.web.authentication.logout.LogoutFilter.doFilter(LogoutFilter.java:110) ~[spring-security-web-7.0.6.jar:7.0.6]
	at org.springframework.security.web.authentication.logout.LogoutFilter.doFilter(LogoutFilter.java:96) ~[spring-security-web-7.0.6.jar:7.0.6]
	at org.springframework.security.web.FilterChainProxy$VirtualFilterChain.doFilter(FilterChainProxy.java:385) ~[spring-security-web-7.0.6.jar:7.0.6]
	at org.springframework.security.web.header.HeaderWriterFilter.doHeadersAfter(HeaderWriterFilter.java:90) ~[spring-security-web-7.0.6.jar:7.0.6]
	at org.springframework.security.web.header.HeaderWriterFilter.doFilterInternal(HeaderWriterFilter.java:75) ~[spring-security-web-7.0.6.jar:7.0.6]
	at org.springframework.web.filter.OncePerRequestFilter.doFilter(OncePerRequestFilter.java:116) ~[spring-web-7.0.8.jar:7.0.8]
	at org.springframework.security.web.FilterChainProxy$VirtualFilterChain.doFilter(FilterChainProxy.java:385) ~[spring-security-web-7.0.6.jar:7.0.6]
	at org.springframework.security.web.context.SecurityContextHolderFilter.doFilter(SecurityContextHolderFilter.java:82) ~[spring-security-web-7.0.6.jar:7.0.6]
	at org.springframework.security.web.context.SecurityContextHolderFilter.doFilter(SecurityContextHolderFilter.java:69) ~[spring-security-web-7.0.6.jar:7.0.6]
	at org.springframework.security.web.FilterChainProxy$VirtualFilterChain.doFilter(FilterChainProxy.java:385) ~[spring-security-web-7.0.6.jar:7.0.6]
	at org.springframework.security.web.context.request.async.WebAsyncManagerIntegrationFilter.doFilterInternal(WebAsyncManagerIntegrationFilter.java:62) ~[spring-security-web-7.0.6.jar:7.0.6]
	at org.springframework.web.filter.OncePerRequestFilter.doFilter(OncePerRequestFilter.java:116) ~[spring-web-7.0.8.jar:7.0.8]
	at org.springframework.security.web.FilterChainProxy$VirtualFilterChain.doFilter(FilterChainProxy.java:385) ~[spring-security-web-7.0.6.jar:7.0.6]
	at org.springframework.security.web.session.DisableEncodeUrlFilter.doFilterInternal(DisableEncodeUrlFilter.java:42) ~[spring-security-web-7.0.6.jar:7.0.6]
	at org.springframework.web.filter.OncePerRequestFilter.doFilter(OncePerRequestFilter.java:116) ~[spring-web-7.0.8.jar:7.0.8]
	at org.springframework.security.web.FilterChainProxy$VirtualFilterChain.doFilter(FilterChainProxy.java:385) ~[spring-security-web-7.0.6.jar:7.0.6]
	at org.springframework.security.web.FilterChainProxy.doFilterInternal(FilterChainProxy.java:237) ~[spring-security-web-7.0.6.jar:7.0.6]
	at org.springframework.security.web.FilterChainProxy.doFilter(FilterChainProxy.java:195) ~[spring-security-web-7.0.6.jar:7.0.6]
	at org.springframework.web.filter.CompositeFilter$VirtualFilterChain.doFilter(CompositeFilter.java:113) ~[spring-web-7.0.8.jar:7.0.8]
	at org.springframework.web.filter.ServletRequestPathFilter.doFilter(ServletRequestPathFilter.java:52) ~[spring-web-7.0.8.jar:7.0.8]
	at org.springframework.web.filter.CompositeFilter$VirtualFilterChain.doFilter(CompositeFilter.java:113) ~[spring-web-7.0.8.jar:7.0.8]
	at org.springframework.web.filter.CompositeFilter.doFilter(CompositeFilter.java:74) ~[spring-web-7.0.8.jar:7.0.8]
	at org.springframework.security.config.annotation.web.configuration.WebSecurityConfiguration$CompositeFilterChainProxy.doFilter(WebSecurityConfiguration.java:317) ~[spring-security-config-7.0.6.jar:7.0.6]
	at org.springframework.web.filter.DelegatingFilterProxy.invokeDelegate(DelegatingFilterProxy.java:355) ~[spring-web-7.0.8.jar:7.0.8]
	at org.springframework.web.filter.DelegatingFilterProxy.doFilter(DelegatingFilterProxy.java:272) ~[spring-web-7.0.8.jar:7.0.8]
	at org.apache.catalina.core.ApplicationFilterChain.doFilter(ApplicationFilterChain.java:107) ~[tomcat-embed-core-11.0.22.jar:11.0.22]
	at org.springframework.web.filter.RequestContextFilter.doFilterInternal(RequestContextFilter.java:100) ~[spring-web-7.0.8.jar:7.0.8]
	at org.springframework.web.filter.OncePerRequestFilter.doFilter(OncePerRequestFilter.java:116) ~[spring-web-7.0.8.jar:7.0.8]
	at org.apache.catalina.core.ApplicationFilterChain.doFilter(ApplicationFilterChain.java:107) ~[tomcat-embed-core-11.0.22.jar:11.0.22]
	at org.springframework.web.filter.FormContentFilter.doFilterInternal(FormContentFilter.java:93) ~[spring-web-7.0.8.jar:7.0.8]
	at org.springframework.web.filter.OncePerRequestFilter.doFilter(OncePerRequestFilter.java:116) ~[spring-web-7.0.8.jar:7.0.8]
	at org.apache.catalina.core.ApplicationFilterChain.doFilter(ApplicationFilterChain.java:107) ~[tomcat-embed-core-11.0.22.jar:11.0.22]
	at org.springframework.web.filter.CharacterEncodingFilter.doFilterInternal(CharacterEncodingFilter.java:199) ~[spring-web-7.0.8.jar:7.0.8]
	at org.springframework.web.filter.OncePerRequestFilter.doFilter(OncePerRequestFilter.java:116) ~[spring-web-7.0.8.jar:7.0.8]
	at org.apache.catalina.core.ApplicationFilterChain.doFilter(ApplicationFilterChain.java:107) ~[tomcat-embed-core-11.0.22.jar:11.0.22]
	at org.apache.catalina.core.StandardWrapperValve.invoke(StandardWrapperValve.java:165) ~[tomcat-embed-core-11.0.22.jar:11.0.22]
	at org.apache.catalina.core.StandardContextValve.invoke(StandardContextValve.java:77) ~[tomcat-embed-core-11.0.22.jar:11.0.22]
	at org.apache.catalina.authenticator.AuthenticatorBase.invoke(AuthenticatorBase.java:492) ~[tomcat-embed-core-11.0.22.jar:11.0.22]
	at org.apache.catalina.core.StandardHostValve.invoke(StandardHostValve.java:113) ~[tomcat-embed-core-11.0.22.jar:11.0.22]
	at org.apache.catalina.valves.ErrorReportValve.invoke(ErrorReportValve.java:83) ~[tomcat-embed-core-11.0.22.jar:11.0.22]
	at org.apache.catalina.core.StandardEngineValve.invoke(StandardEngineValve.java:72) ~[tomcat-embed-core-11.0.22.jar:11.0.22]
	at org.apache.catalina.connector.CoyoteAdapter.service(CoyoteAdapter.java:341) ~[tomcat-embed-core-11.0.22.jar:11.0.22]
	at org.apache.coyote.http11.Http11Processor.service(Http11Processor.java:397) ~[tomcat-embed-core-11.0.22.jar:11.0.22]
	at org.apache.coyote.AbstractProcessorLight.process(AbstractProcessorLight.java:63) ~[tomcat-embed-core-11.0.22.jar:11.0.22]
	at org.apache.coyote.AbstractProtocol$ConnectionHandler.process(AbstractProtocol.java:1272) ~[tomcat-embed-core-11.0.22.jar:11.0.22]
	at org.apache.tomcat.util.net.NioEndpoint$SocketProcessor.doRun(NioEndpoint.java:1801) ~[tomcat-embed-core-11.0.22.jar:11.0.22]
	at org.apache.tomcat.util.net.SocketProcessorBase.run(SocketProcessorBase.java:52) ~[tomcat-embed-core-11.0.22.jar:11.0.22]
	at org.apache.tomcat.util.threads.ThreadPoolExecutor.runWorker(ThreadPoolExecutor.java:946) ~[tomcat-embed-core-11.0.22.jar:11.0.22]
	at org.apache.tomcat.util.threads.ThreadPoolExecutor$Worker.run(ThreadPoolExecutor.java:480) ~[tomcat-embed-core-11.0.22.jar:11.0.22]
	at org.apache.tomcat.util.threads.TaskThread$WrappingRunnable.run(TaskThread.java:57) ~[tomcat-embed-core-11.0.22.jar:11.0.22]
	at java.base/java.lang.Thread.run(Thread.java:1575) ~[na:na]
Caused by: org.attoparser.ParseException: Fragment '~{fragments/head :: head(${pageTitle})}' specifies synthetic (unnamed) parameters, but the resolved fragment does not match a fragment signature (th:fragment,data-th-fragment) which could apply names to the specified parameters. (template: "layout" - line 6, col 15)
	at org.attoparser.MarkupParser.parseDocument(MarkupParser.java:393) ~[attoparser-2.0.7.RELEASE.jar:2.0.7.RELEASE]
	at org.attoparser.MarkupParser.parse(MarkupParser.java:257) ~[attoparser-2.0.7.RELEASE.jar:2.0.7.RELEASE]
	at org.thymeleaf.templateparser.markup.AbstractMarkupTemplateParser.parse(AbstractMarkupTemplateParser.java:230) ~[thymeleaf-3.1.5.RELEASE.jar:3.1.5.RELEASE]
	... 91 common frames omitted
Caused by: org.thymeleaf.exceptions.TemplateProcessingException: Fragment '~{fragments/head :: head(${pageTitle})}' specifies synthetic (unnamed) parameters, but the resolved fragment does not match a fragment signature (th:fragment,data-th-fragment) which could apply names to the specified parameters. (template: "layout" - line 6, col 15)
	at org.thymeleaf.standard.processor.AbstractStandardFragmentInsertionTagProcessor.doProcess(AbstractStandardFragmentInsertionTagProcessor.java:208) ~[thymeleaf-3.1.5.RELEASE.jar:3.1.5.RELEASE]
	at org.thymeleaf.processor.element.AbstractAttributeTagProcessor.doProcess(AbstractAttributeTagProcessor.java:74) ~[thymeleaf-3.1.5.RELEASE.jar:3.1.5.RELEASE]
	at org.thymeleaf.processor.element.AbstractElementTagProcessor.process(AbstractElementTagProcessor.java:95) ~[thymeleaf-3.1.5.RELEASE.jar:3.1.5.RELEASE]
	at org.thymeleaf.util.ProcessorConfigurationUtils$ElementTagProcessorWrapper.process(ProcessorConfigurationUtils.java:633) ~[thymeleaf-3.1.5.RELEASE.jar:3.1.5.RELEASE]
	at org.thymeleaf.engine.ProcessorTemplateHandler.handleStandaloneElement(ProcessorTemplateHandler.java:918) ~[thymeleaf-3.1.5.RELEASE.jar:3.1.5.RELEASE]
	at org.thymeleaf.engine.StandaloneElementTag.beHandled(StandaloneElementTag.java:228) ~[thymeleaf-3.1.5.RELEASE.jar:3.1.5.RELEASE]
	at org.thymeleaf.engine.Model.process(Model.java:282) ~[thymeleaf-3.1.5.RELEASE.jar:3.1.5.RELEASE]
	at org.thymeleaf.engine.ProcessorTemplateHandler.handleOpenElement(ProcessorTemplateHandler.java:1587) ~[thymeleaf-3.1.5.RELEASE.jar:3.1.5.RELEASE]
	at org.thymeleaf.engine.OpenElementTag.beHandled(OpenElementTag.java:205) ~[thymeleaf-3.1.5.RELEASE.jar:3.1.5.RELEASE]
	at org.thymeleaf.engine.Model.process(Model.java:282) ~[thymeleaf-3.1.5.RELEASE.jar:3.1.5.RELEASE]
	at org.thymeleaf.engine.Model.process(Model.java:290) ~[thymeleaf-3.1.5.RELEASE.jar:3.1.5.RELEASE]
	at org.thymeleaf.engine.GatheringModelProcessable.process(GatheringModelProcessable.java:78) ~[thymeleaf-3.1.5.RELEASE.jar:3.1.5.RELEASE]
	at org.thymeleaf.engine.ProcessorTemplateHandler.handleCloseElement(ProcessorTemplateHandler.java:1640) ~[thymeleaf-3.1.5.RELEASE.jar:3.1.5.RELEASE]
	at org.thymeleaf.engine.TemplateHandlerAdapterMarkupHandler.handleCloseElementEnd(TemplateHandlerAdapterMarkupHandler.java:388) ~[thymeleaf-3.1.5.RELEASE.jar:3.1.5.RELEASE]
	at org.thymeleaf.templateparser.markup.InlinedOutputExpressionMarkupHandler$InlineMarkupAdapterPreProcessorHandler.handleCloseElementEnd(InlinedOutputExpressionMarkupHandler.java:322) ~[thymeleaf-3.1.5.RELEASE.jar:3.1.5.RELEASE]
	at org.thymeleaf.standard.inline.OutputExpressionInlinePreProcessorHandler.handleCloseElementEnd(OutputExpressionInlinePreProcessorHandler.java:220) ~[thymeleaf-3.1.5.RELEASE.jar:3.1.5.RELEASE]
	at org.thymeleaf.templateparser.markup.InlinedOutputExpressionMarkupHandler.handleCloseElementEnd(InlinedOutputExpressionMarkupHandler.java:164) ~[thymeleaf-3.1.5.RELEASE.jar:3.1.5.RELEASE]
	at org.attoparser.HtmlElement.handleCloseElementEnd(HtmlElement.java:169) ~[attoparser-2.0.7.RELEASE.jar:2.0.7.RELEASE]
	at org.attoparser.HtmlMarkupHandler.handleCloseElementEnd(HtmlMarkupHandler.java:412) ~[attoparser-2.0.7.RELEASE.jar:2.0.7.RELEASE]
	at org.attoparser.MarkupEventProcessorHandler.handleCloseElementEnd(MarkupEventProcessorHandler.java:473) ~[attoparser-2.0.7.RELEASE.jar:2.0.7.RELEASE]
	at org.attoparser.ParsingElementMarkupUtil.parseCloseElement(ParsingElementMarkupUtil.java:201) ~[attoparser-2.0.7.RELEASE.jar:2.0.7.RELEASE]
	at org.attoparser.MarkupParser.parseBuffer(MarkupParser.java:725) ~[attoparser-2.0.7.RELEASE.jar:2.0.7.RELEASE]
	at org.attoparser.MarkupParser.parseDocument(MarkupParser.java:301) ~[attoparser-2.0.7.RELEASE.jar:2.0.7.RELEASE]
	... 93 common frames omitted

2026-06-14T22:23:48.300-05:00 ERROR 29908 --- [Tutomatch] [nio-8080-exec-8] o.a.c.c.C.[.[.[/].[dispatcherServlet]    : Servlet.service() for servlet [dispatcherServlet] in context with path [] threw exception [Request processing failed: org.thymeleaf.exceptions.TemplateInputException: An error happened during template parsing (template: "class path resource [templates/home.html]")] with root cause

org.thymeleaf.exceptions.TemplateProcessingException: Fragment '~{fragments/head :: head(${pageTitle})}' specifies synthetic (unnamed) parameters, but the resolved fragment does not match a fragment signature (th:fragment,data-th-fragment) which could apply names to the specified parameters. (template: "layout" - line 6, col 15)
	at org.thymeleaf.standard.processor.AbstractStandardFragmentInsertionTagProcessor.doProcess(AbstractStandardFragmentInsertionTagProcessor.java:208) ~[thymeleaf-3.1.5.RELEASE.jar:3.1.5.RELEASE]
	at org.thymeleaf.processor.element.AbstractAttributeTagProcessor.doProcess(AbstractAttributeTagProcessor.java:74) ~[thymeleaf-3.1.5.RELEASE.jar:3.1.5.RELEASE]
	at org.thymeleaf.processor.element.AbstractElementTagProcessor.process(AbstractElementTagProcessor.java:95) ~[thymeleaf-3.1.5.RELEASE.jar:3.1.5.RELEASE]
	at org.thymeleaf.util.ProcessorConfigurationUtils$ElementTagProcessorWrapper.process(ProcessorConfigurationUtils.java:633) ~[thymeleaf-3.1.5.RELEASE.jar:3.1.5.RELEASE]
	at org.thymeleaf.engine.ProcessorTemplateHandler.handleStandaloneElement(ProcessorTemplateHandler.java:918) ~[thymeleaf-3.1.5.RELEASE.jar:3.1.5.RELEASE]
	at org.thymeleaf.engine.StandaloneElementTag.beHandled(StandaloneElementTag.java:228) ~[thymeleaf-3.1.5.RELEASE.jar:3.1.5.RELEASE]
	at org.thymeleaf.engine.Model.process(Model.java:282) ~[thymeleaf-3.1.5.RELEASE.jar:3.1.5.RELEASE]
	at org.thymeleaf.engine.ProcessorTemplateHandler.handleOpenElement(ProcessorTemplateHandler.java:1587) ~[thymeleaf-3.1.5.RELEASE.jar:3.1.5.RELEASE]
	at org.thymeleaf.engine.OpenElementTag.beHandled(OpenElementTag.java:205) ~[thymeleaf-3.1.5.RELEASE.jar:3.1.5.RELEASE]
	at org.thymeleaf.engine.Model.process(Model.java:282) ~[thymeleaf-3.1.5.RELEASE.jar:3.1.5.RELEASE]
	at org.thymeleaf.engine.Model.process(Model.java:290) ~[thymeleaf-3.1.5.RELEASE.jar:3.1.5.RELEASE]
	at org.thymeleaf.engine.GatheringModelProcessable.process(GatheringModelProcessable.java:78) ~[thymeleaf-3.1.5.RELEASE.jar:3.1.5.RELEASE]
	at org.thymeleaf.engine.ProcessorTemplateHandler.handleCloseElement(ProcessorTemplateHandler.java:1640) ~[thymeleaf-3.1.5.RELEASE.jar:3.1.5.RELEASE]
	at org.thymeleaf.engine.TemplateHandlerAdapterMarkupHandler.handleCloseElementEnd(TemplateHandlerAdapterMarkupHandler.java:388) ~[thymeleaf-3.1.5.RELEASE.jar:3.1.5.RELEASE]
	at org.thymeleaf.templateparser.markup.InlinedOutputExpressionMarkupHandler$InlineMarkupAdapterPreProcessorHandler.handleCloseElementEnd(InlinedOutputExpressionMarkupHandler.java:322) ~[thymeleaf-3.1.5.RELEASE.jar:3.1.5.RELEASE]
	at org.thymeleaf.standard.inline.OutputExpressionInlinePreProcessorHandler.handleCloseElementEnd(OutputExpressionInlinePreProcessorHandler.java:220) ~[thymeleaf-3.1.5.RELEASE.jar:3.1.5.RELEASE]
	at org.thymeleaf.templateparser.markup.InlinedOutputExpressionMarkupHandler.handleCloseElementEnd(InlinedOutputExpressionMarkupHandler.java:164) ~[thymeleaf-3.1.5.RELEASE.jar:3.1.5.RELEASE]
	at org.attoparser.HtmlElement.handleCloseElementEnd(HtmlElement.java:169) ~[attoparser-2.0.7.RELEASE.jar:2.0.7.RELEASE]
	at org.attoparser.HtmlMarkupHandler.handleCloseElementEnd(HtmlMarkupHandler.java:412) ~[attoparser-2.0.7.RELEASE.jar:2.0.7.RELEASE]
	at org.attoparser.MarkupEventProcessorHandler.handleCloseElementEnd(MarkupEventProcessorHandler.java:473) ~[attoparser-2.0.7.RELEASE.jar:2.0.7.RELEASE]
	at org.attoparser.ParsingElementMarkupUtil.parseCloseElement(ParsingElementMarkupUtil.java:201) ~[attoparser-2.0.7.RELEASE.jar:2.0.7.RELEASE]
	at org.attoparser.MarkupParser.parseBuffer(MarkupParser.java:725) ~[attoparser-2.0.7.RELEASE.jar:2.0.7.RELEASE]
	at org.attoparser.MarkupParser.parseDocument(MarkupParser.java:301) ~[attoparser-2.0.7.RELEASE.jar:2.0.7.RELEASE]
	at org.attoparser.MarkupParser.parse(MarkupParser.java:257) ~[attoparser-2.0.7.RELEASE.jar:2.0.7.RELEASE]
	at org.thymeleaf.templateparser.markup.AbstractMarkupTemplateParser.parse(AbstractMarkupTemplateParser.java:230) ~[thymeleaf-3.1.5.RELEASE.jar:3.1.5.RELEASE]
	at org.thymeleaf.templateparser.markup.AbstractMarkupTemplateParser.parseStandalone(AbstractMarkupTemplateParser.java:100) ~[thymeleaf-3.1.5.RELEASE.jar:3.1.5.RELEASE]
	at org.thymeleaf.engine.TemplateManager.parseAndProcess(TemplateManager.java:666) ~[thymeleaf-3.1.5.RELEASE.jar:3.1.5.RELEASE]
	at org.thymeleaf.TemplateEngine.process(TemplateEngine.java:1103) ~[thymeleaf-3.1.5.RELEASE.jar:3.1.5.RELEASE]
	at org.thymeleaf.TemplateEngine.process(TemplateEngine.java:1077) ~[thymeleaf-3.1.5.RELEASE.jar:3.1.5.RELEASE]
	at org.thymeleaf.spring6.view.ThymeleafView.renderFragment(ThymeleafView.java:374) ~[thymeleaf-spring6-3.1.5.RELEASE.jar:3.1.5.RELEASE]
	at org.thymeleaf.spring6.view.ThymeleafView.render(ThymeleafView.java:193) ~[thymeleaf-spring6-3.1.5.RELEASE.jar:3.1.5.RELEASE]
	at org.springframework.web.servlet.DispatcherServlet.render(DispatcherServlet.java:1305) ~[spring-webmvc-7.0.8.jar:7.0.8]
	at org.springframework.web.servlet.DispatcherServlet.processDispatchResult(DispatcherServlet.java:1042) ~[spring-webmvc-7.0.8.jar:7.0.8]
	at org.springframework.web.servlet.DispatcherServlet.doDispatch(DispatcherServlet.java:980) ~[spring-webmvc-7.0.8.jar:7.0.8]
	at org.springframework.web.servlet.DispatcherServlet.doService(DispatcherServlet.java:866) ~[spring-webmvc-7.0.8.jar:7.0.8]
	at org.springframework.web.servlet.FrameworkServlet.processRequest(FrameworkServlet.java:1000) ~[spring-webmvc-7.0.8.jar:7.0.8]
	at org.springframework.web.servlet.FrameworkServlet.doGet(FrameworkServlet.java:892) ~[spring-webmvc-7.0.8.jar:7.0.8]
	at jakarta.servlet.http.HttpServlet.service(HttpServlet.java:622) ~[tomcat-embed-core-11.0.22.jar:6.1]
	at org.springframework.web.servlet.FrameworkServlet.service(FrameworkServlet.java:874) ~[spring-webmvc-7.0.8.jar:7.0.8]
	at jakarta.servlet.http.HttpServlet.service(HttpServlet.java:710) ~[tomcat-embed-core-11.0.22.jar:6.1]
	at org.apache.catalina.core.ApplicationFilterChain.doFilter(ApplicationFilterChain.java:128) ~[tomcat-embed-core-11.0.22.jar:11.0.22]
	at org.apache.tomcat.websocket.server.WsFilter.doFilter(WsFilter.java:53) ~[tomcat-embed-websocket-11.0.22.jar:11.0.22]
	at org.apache.catalina.core.ApplicationFilterChain.doFilter(ApplicationFilterChain.java:107) ~[tomcat-embed-core-11.0.22.jar:11.0.22]
	at org.springframework.web.filter.OncePerRequestFilter.doFilter(OncePerRequestFilter.java:110) ~[spring-web-7.0.8.jar:7.0.8]
	at org.apache.catalina.core.ApplicationFilterChain.doFilter(ApplicationFilterChain.java:107) ~[tomcat-embed-core-11.0.22.jar:11.0.22]
	at org.springframework.web.filter.CompositeFilter$VirtualFilterChain.doFilter(CompositeFilter.java:108) ~[spring-web-7.0.8.jar:7.0.8]
	at org.springframework.security.web.FilterChainProxy.lambda$doFilterInternal$3(FilterChainProxy.java:235) ~[spring-security-web-7.0.6.jar:7.0.6]
	at org.springframework.security.web.FilterChainProxy$VirtualFilterChain.doFilter(FilterChainProxy.java:376) ~[spring-security-web-7.0.6.jar:7.0.6]
	at org.springframework.security.web.access.intercept.AuthorizationFilter.doFilter(AuthorizationFilter.java:101) ~[spring-security-web-7.0.6.jar:7.0.6]
	at org.springframework.security.web.FilterChainProxy$VirtualFilterChain.doFilter(FilterChainProxy.java:385) ~[spring-security-web-7.0.6.jar:7.0.6]
	at org.springframework.security.web.access.ExceptionTranslationFilter.doFilter(ExceptionTranslationFilter.java:126) ~[spring-security-web-7.0.6.jar:7.0.6]
	at org.springframework.security.web.access.ExceptionTranslationFilter.doFilter(ExceptionTranslationFilter.java:120) ~[spring-security-web-7.0.6.jar:7.0.6]
	at org.springframework.security.web.FilterChainProxy$VirtualFilterChain.doFilter(FilterChainProxy.java:385) ~[spring-security-web-7.0.6.jar:7.0.6]
	at org.springframework.security.web.session.SessionManagementFilter.doFilter(SessionManagementFilter.java:132) ~[spring-security-web-7.0.6.jar:7.0.6]
	at org.springframework.security.web.session.SessionManagementFilter.doFilter(SessionManagementFilter.java:86) ~[spring-security-web-7.0.6.jar:7.0.6]
	at org.springframework.security.web.FilterChainProxy$VirtualFilterChain.doFilter(FilterChainProxy.java:385) ~[spring-security-web-7.0.6.jar:7.0.6]
	at org.springframework.security.web.authentication.AnonymousAuthenticationFilter.doFilter(AnonymousAuthenticationFilter.java:100) ~[spring-security-web-7.0.6.jar:7.0.6]
	at org.springframework.security.web.FilterChainProxy$VirtualFilterChain.doFilter(FilterChainProxy.java:385) ~[spring-security-web-7.0.6.jar:7.0.6]
	at org.springframework.security.web.servletapi.SecurityContextHolderAwareRequestFilter.doFilter(SecurityContextHolderAwareRequestFilter.java:181) ~[spring-security-web-7.0.6.jar:7.0.6]
	at org.springframework.security.web.FilterChainProxy$VirtualFilterChain.doFilter(FilterChainProxy.java:385) ~[spring-security-web-7.0.6.jar:7.0.6]
	at org.springframework.security.web.savedrequest.RequestCacheAwareFilter.doFilter(RequestCacheAwareFilter.java:63) ~[spring-security-web-7.0.6.jar:7.0.6]
	at org.springframework.security.web.FilterChainProxy$VirtualFilterChain.doFilter(FilterChainProxy.java:385) ~[spring-security-web-7.0.6.jar:7.0.6]
	at com.uce.Tutomatch.security.JwtAuthenticationFilter.doFilterInternal(JwtAuthenticationFilter.java:61) ~[classes/:na]
	at org.springframework.web.filter.OncePerRequestFilter.doFilter(OncePerRequestFilter.java:116) ~[spring-web-7.0.8.jar:7.0.8]
	at org.springframework.security.web.FilterChainProxy$VirtualFilterChain.doFilter(FilterChainProxy.java:385) ~[spring-security-web-7.0.6.jar:7.0.6]
	at org.springframework.security.web.authentication.logout.LogoutFilter.doFilter(LogoutFilter.java:110) ~[spring-security-web-7.0.6.jar:7.0.6]
	at org.springframework.security.web.authentication.logout.LogoutFilter.doFilter(LogoutFilter.java:96) ~[spring-security-web-7.0.6.jar:7.0.6]
	at org.springframework.security.web.FilterChainProxy$VirtualFilterChain.doFilter(FilterChainProxy.java:385) ~[spring-security-web-7.0.6.jar:7.0.6]
	at org.springframework.security.web.header.HeaderWriterFilter.doHeadersAfter(HeaderWriterFilter.java:90) ~[spring-security-web-7.0.6.jar:7.0.6]
	at org.springframework.security.web.header.HeaderWriterFilter.doFilterInternal(HeaderWriterFilter.java:75) ~[spring-security-web-7.0.6.jar:7.0.6]
	at org.springframework.web.filter.OncePerRequestFilter.doFilter(OncePerRequestFilter.java:116) ~[spring-web-7.0.8.jar:7.0.8]
	at org.springframework.security.web.FilterChainProxy$VirtualFilterChain.doFilter(FilterChainProxy.java:385) ~[spring-security-web-7.0.6.jar:7.0.6]
	at org.springframework.security.web.context.SecurityContextHolderFilter.doFilter(SecurityContextHolderFilter.java:82) ~[spring-security-web-7.0.6.jar:7.0.6]
	at org.springframework.security.web.context.SecurityContextHolderFilter.doFilter(SecurityContextHolderFilter.java:69) ~[spring-security-web-7.0.6.jar:7.0.6]
	at org.springframework.security.web.FilterChainProxy$VirtualFilterChain.doFilter(FilterChainProxy.java:385) ~[spring-security-web-7.0.6.jar:7.0.6]
	at org.springframework.security.web.context.request.async.WebAsyncManagerIntegrationFilter.doFilterInternal(WebAsyncManagerIntegrationFilter.java:62) ~[spring-security-web-7.0.6.jar:7.0.6]
	at org.springframework.web.filter.OncePerRequestFilter.doFilter(OncePerRequestFilter.java:116) ~[spring-web-7.0.8.jar:7.0.8]
	at org.springframework.security.web.FilterChainProxy$VirtualFilterChain.doFilter(FilterChainProxy.java:385) ~[spring-security-web-7.0.6.jar:7.0.6]
	at org.springframework.security.web.session.DisableEncodeUrlFilter.doFilterInternal(DisableEncodeUrlFilter.java:42) ~[spring-security-web-7.0.6.jar:7.0.6]
	at org.springframework.web.filter.OncePerRequestFilter.doFilter(OncePerRequestFilter.java:116) ~[spring-web-7.0.8.jar:7.0.8]
	at org.springframework.security.web.FilterChainProxy$VirtualFilterChain.doFilter(FilterChainProxy.java:385) ~[spring-security-web-7.0.6.jar:7.0.6]
	at org.springframework.security.web.FilterChainProxy.doFilterInternal(FilterChainProxy.java:237) ~[spring-security-web-7.0.6.jar:7.0.6]
	at org.springframework.security.web.FilterChainProxy.doFilter(FilterChainProxy.java:195) ~[spring-security-web-7.0.6.jar:7.0.6]
	at org.springframework.web.filter.CompositeFilter$VirtualFilterChain.doFilter(CompositeFilter.java:113) ~[spring-web-7.0.8.jar:7.0.8]
	at org.springframework.web.filter.ServletRequestPathFilter.doFilter(ServletRequestPathFilter.java:52) ~[spring-web-7.0.8.jar:7.0.8]
	at org.springframework.web.filter.CompositeFilter$VirtualFilterChain.doFilter(CompositeFilter.java:113) ~[spring-web-7.0.8.jar:7.0.8]
	at org.springframework.web.filter.CompositeFilter.doFilter(CompositeFilter.java:74) ~[spring-web-7.0.8.jar:7.0.8]
	at org.springframework.security.config.annotation.web.configuration.WebSecurityConfiguration$CompositeFilterChainProxy.doFilter(WebSecurityConfiguration.java:317) ~[spring-security-config-7.0.6.jar:7.0.6]
	at org.springframework.web.filter.DelegatingFilterProxy.invokeDelegate(DelegatingFilterProxy.java:355) ~[spring-web-7.0.8.jar:7.0.8]
	at org.springframework.web.filter.DelegatingFilterProxy.doFilter(DelegatingFilterProxy.java:272) ~[spring-web-7.0.8.jar:7.0.8]
	at org.apache.catalina.core.ApplicationFilterChain.doFilter(ApplicationFilterChain.java:107) ~[tomcat-embed-core-11.0.22.jar:11.0.22]
	at org.springframework.web.filter.RequestContextFilter.doFilterInternal(RequestContextFilter.java:100) ~[spring-web-7.0.8.jar:7.0.8]
	at org.springframework.web.filter.OncePerRequestFilter.doFilter(OncePerRequestFilter.java:116) ~[spring-web-7.0.8.jar:7.0.8]
	at org.apache.catalina.core.ApplicationFilterChain.doFilter(ApplicationFilterChain.java:107) ~[tomcat-embed-core-11.0.22.jar:11.0.22]
	at org.springframework.web.filter.FormContentFilter.doFilterInternal(FormContentFilter.java:93) ~[spring-web-7.0.8.jar:7.0.8]
	at org.springframework.web.filter.OncePerRequestFilter.doFilter(OncePerRequestFilter.java:116) ~[spring-web-7.0.8.jar:7.0.8]
	at org.apache.catalina.core.ApplicationFilterChain.doFilter(ApplicationFilterChain.java:107) ~[tomcat-embed-core-11.0.22.jar:11.0.22]
	at org.springframework.web.filter.CharacterEncodingFilter.doFilterInternal(CharacterEncodingFilter.java:199) ~[spring-web-7.0.8.jar:7.0.8]
	at org.springframework.web.filter.OncePerRequestFilter.doFilter(OncePerRequestFilter.java:116) ~[spring-web-7.0.8.jar:7.0.8]
	at org.apache.catalina.core.ApplicationFilterChain.doFilter(ApplicationFilterChain.java:107) ~[tomcat-embed-core-11.0.22.jar:11.0.22]
	at org.apache.catalina.core.StandardWrapperValve.invoke(StandardWrapperValve.java:165) ~[tomcat-embed-core-11.0.22.jar:11.0.22]
	at org.apache.catalina.core.StandardContextValve.invoke(StandardContextValve.java:77) ~[tomcat-embed-core-11.0.22.jar:11.0.22]
	at org.apache.catalina.authenticator.AuthenticatorBase.invoke(AuthenticatorBase.java:492) ~[tomcat-embed-core-11.0.22.jar:11.0.22]
	at org.apache.catalina.core.StandardHostValve.invoke(StandardHostValve.java:113) ~[tomcat-embed-core-11.0.22.jar:11.0.22]
	at org.apache.catalina.valves.ErrorReportValve.invoke(ErrorReportValve.java:83) ~[tomcat-embed-core-11.0.22.jar:11.0.22]
	at org.apache.catalina.core.StandardEngineValve.invoke(StandardEngineValve.java:72) ~[tomcat-embed-core-11.0.22.jar:11.0.22]
	at org.apache.catalina.connector.CoyoteAdapter.service(CoyoteAdapter.java:341) ~[tomcat-embed-core-11.0.22.jar:11.0.22]
	at org.apache.coyote.http11.Http11Processor.service(Http11Processor.java:397) ~[tomcat-embed-core-11.0.22.jar:11.0.22]
	at org.apache.coyote.AbstractProcessorLight.process(AbstractProcessorLight.java:63) ~[tomcat-embed-core-11.0.22.jar:11.0.22]
	at org.apache.coyote.AbstractProtocol$ConnectionHandler.process(AbstractProtocol.java:1272) ~[tomcat-embed-core-11.0.22.jar:11.0.22]
	at org.apache.tomcat.util.net.NioEndpoint$SocketProcessor.doRun(NioEndpoint.java:1801) ~[tomcat-embed-core-11.0.22.jar:11.0.22]
	at org.apache.tomcat.util.net.SocketProcessorBase.run(SocketProcessorBase.java:52) ~[tomcat-embed-core-11.0.22.jar:11.0.22]
	at org.apache.tomcat.util.threads.ThreadPoolExecutor.runWorker(ThreadPoolExecutor.java:946) ~[tomcat-embed-core-11.0.22.jar:11.0.22]
	at org.apache.tomcat.util.threads.ThreadPoolExecutor$Worker.run(ThreadPoolExecutor.java:480) ~[tomcat-embed-core-11.0.22.jar:11.0.22]
	at org.apache.tomcat.util.threads.TaskThread$WrappingRunnable.run(TaskThread.java:57) ~[tomcat-embed-core-11.0.22.jar:11.0.22]
	at java.base/java.lang.Thread.run(Thread.java:1575) ~[na:na]

Hibernate: select u1_0.id,u1_0.correo_institucional,u1_0.fecha_creacion,u1_0.nombre_completo,u1_0.password_hash,u1_0.rol_admin,u1_0.rol_solicitante,u1_0.rol_tutor from usuarios u1_0 where u1_0.correo_institucional=?
Hibernate: select pt1_0.id,pt1_0.calificacion_promedio,pt1_0.descripcion,pt1_0.deuda_pendiente,pt1_0.semestre,pt1_0.usuario_id,pt1_0.verificado,pt1_0.visible from perfiles_tutor pt1_0 where pt1_0.usuario_id=?
Hibernate: select u1_0.id,u1_0.correo_institucional,u1_0.fecha_creacion,u1_0.nombre_completo,u1_0.password_hash,u1_0.rol_admin,u1_0.rol_solicitante,u1_0.rol_tutor from usuarios u1_0 where u1_0.correo_institucional=?
Hibernate: select pt1_0.id,pt1_0.calificacion_promedio,pt1_0.descripcion,pt1_0.deuda_pendiente,pt1_0.semestre,pt1_0.usuario_id,pt1_0.verificado,pt1_0.visible from perfiles_tutor pt1_0 where pt1_0.usuario_id=?
[INFO] ------------------------------------------------------------------------
[INFO] BUILD FAILURE
[INFO] ------------------------------------------------------------------------
[INFO] Total time:  03:10 h
[INFO] Finished at: 2026-06-14T22:39:22-05:00
[INFO] ------------------------------------------------------------------------
[ERROR] Failed to execute goal org.springframework.boot:spring-boot-maven-plugin:4.0.7:run (default-cli) on project Tutomatch: Process terminated with exit code: 1 -> [Help 1]
[ERROR] 
[ERROR] To see the full stack trace of the errors, re-run Maven with the -e switch.
[ERROR] Re-run Maven using the -X switch to enable full debug logging.
[ERROR] 
[ERROR] For more information about the errors and possible solutions, please read the following articles:
[ERROR] [Help 1] http://cwiki.apache.org/confluence/display/MAVEN/MojoExecutionException
